<COLLADA xmlns="http://www.collada.org/2005/11/COLLADASchema" version="1.4.1">
  <asset>
    <contributor/>
    <created>2026-06-17T16:01:21.823840</created>
    <modified>2026-06-17T16:01:21.823840</modified>
    <unit name="meter" meter="1.0"/>
    <up_axis>Z_UP</up_axis>
  </asset>
  <library_effects>
    <effect id="effect_Part__Feature108" name="effect_Part__Feature108">
      <profile_COMMON>
        <technique sid="common">
          <phong>
            <emission>
              <color>0.0 0.0 0.0 1.0</color>
            </emission>
            <ambient>
              <color>0.0 0.0 0.0 1.0</color>
            </ambient>
            <diffuse>
              <color>0.6274510025978088 0.6274510025978088 0.6274510025978088 1.0</color>
            </diffuse>
            <specular>
              <color>1 1 1 1.0</color>
            </specular>
            <shininess>
              <float>0.0</float>
            </shininess>
            <reflective>
              <color>0.0 0.0 0.0 1.0</color>
            </reflective>
            <reflectivity>
              <float>0.0</float>
            </reflectivity>
            <transparent>
              <color>0.0 0.0 0.0 1.0</color>
            </transparent>
            <transparency>
              <float>1.0</float>
            </transparency>
          </phong>
        </technique>
        <extra>
          <technique profile="GOOGLEEARTH">
            <double_sided>0</double_sided>
          </technique>
        </extra>
      </profile_COMMON>
    </effect>
    <effect id="effect_Part__Feature109" name="effect_Part__Feature109">
      <profile_COMMON>
        <technique sid="common">
          <phong>
            <emission>
              <color>0.0 0.0 0.0 1.0</color>
            </emission>
            <ambient>
              <color>0.0 0.0 0.0 1.0</color>
            </ambient>
            <diffuse>
              <color>0.6274510025978088 0.6274510025978088 0.6274510025978088 1.0</color>
            </diffuse>
            <specular>
              <color>1 1 1 1.0</color>
            </specular>
            <shininess>
              <float>0.0</float>
            </shininess>
            <reflective>
              <color>0.0 0.0 0.0 1.0</color>
            </reflective>
            <reflectivity>
              <float>0.0</float>
            </reflectivity>
            <transparent>
              <color>0.0 0.0 0.0 1.0</color>
            </transparent>
            <transparency>
              <float>1.0</float>
            </transparency>
          </phong>
        </technique>
        <extra>
          <technique profile="GOOGLEEARTH">
            <double_sided>0</double_sided>
          </technique>
        </extra>
      </profile_COMMON>
    </effect>
  </library_effects>
  <library_geometries>
    <geometry id="geometry0" name="caster wheels cy v006">
      <mesh>
        <source id="cubeverts-array0">
          <float_array count="2964" id="cubeverts-array0-array">-0.1818236 -0.2889412 -0.0885 -0.18025 -0.2865782 -0.107 -0.1818236 -0.2889412 -0.107 -0.18025 -0.2865782 -0.0885 -0.1826456 -0.2916587 -0.0885 -0.1826456 -0.2916587 -0.107 -0.1826456 -0.2944977 -0.0885 -0.1826456 -0.2944977 -0.107 -0.1818236 -0.2972151 -0.0885 -0.1818236 -0.2972151 -0.107 -0.18025 -0.2995782 -0.0885 -0.18025 -0.2995782 -0.107 -0.13975 -0.2995782 -0.0885 -0.13975 -0.2995782 -0.107 -0.1381764 -0.2972151 -0.107 -0.1381764 -0.2972151 -0.0885 -0.1373544 -0.2944977 -0.107 -0.1373544 -0.2944977 -0.0885 -0.1373544 -0.2916587 -0.107 -0.1373544 -0.2916587 -0.0885 -0.1381764 -0.2889412 -0.107 -0.1381764 -0.2889412 -0.0885 -0.13975 -0.2865782 -0.107 -0.13975 -0.2865782 -0.0885 -0.1785799 -0.2880859 -0.0885 -0.1800034 -0.2904038 -0.0885 -0.1785799 -0.2880859 -0.107 -0.1800034 -0.2904038 -0.107 -0.1805 -0.2930782 -0.0885 -0.1805 -0.2930782 -0.107 -0.1800034 -0.2957526 -0.0885 -0.1800034 -0.2957526 -0.107 -0.1785799 -0.2980705 -0.0885 -0.1785799 -0.2980705 -0.107 -0.1414201 -0.2980705 -0.107 -0.1414201 -0.2980705 -0.0885 -0.1399966 -0.2957526 -0.107 -0.1399966 -0.2957526 -0.0885 -0.1395 -0.2930782 -0.0885 -0.1395 -0.2930782 -0.107 -0.1399966 -0.2904038 -0.0885 -0.1399966 -0.2904038 -0.107 -0.1414201 -0.2880859 -0.0885 -0.1414201 -0.2880859 -0.107 -0.18 -0.2930782 -0.12985 -0.18 -0.2960127 -0.1310655 -0.18225 -0.2930782 -0.12985 -0.18225 -0.2960127 -0.1310655 -0.18 -0.2972282 -0.134 -0.18225 -0.2972282 -0.134 -0.18 -0.2960127 -0.1369345 -0.18225 -0.2960127 -0.1369345 -0.18 -0.2930782 -0.13815 -0.18225 -0.2930782 -0.13815 -0.18225 -0.2901437 -0.1369345 -0.18 -0.2901437 -0.1369345 -0.18 -0.2889282 -0.134 -0.18225 -0.2889282 -0.134 -0.18225 -0.2901437 -0.1310655 -0.18 -0.2901437 -0.1310655 -0.13775 -0.2930782 -0.12985 -0.13775 -0.2960127 -0.1310655 -0.14 -0.2930782 -0.12985 -0.14 -0.2960127 -0.1310655 -0.13775 -0.2972282 -0.134 -0.14 -0.2972282 -0.134 -0.13775 -0.2960127 -0.1369345 -0.14 -0.2960127 -0.1369345 -0.14 -0.2930782 -0.13815 -0.13775 -0.2930782 -0.13815 -0.14 -0.2901437 -0.1369345 -0.13775 -0.2901437 -0.1369345 -0.13775 -0.2889282 -0.134 -0.14 -0.2889282 -0.134 -0.14 -0.2901437 -0.1310655 -0.13775 -0.2901437 -0.1310655 -0.1826053 -0.2594693 -0.073 -0.1826053 -0.2594693 -0.07 -0.1855479 -0.258083 -0.073 -0.1855479 -0.258083 -0.07 -0.1886089 -0.2591834 -0.073 -0.1886089 -0.2591834 -0.07 -0.1899952 -0.262126 -0.073 -0.1899952 -0.262126 -0.07 -0.1888947 -0.265187 -0.07 -0.1888947 -0.265187 -0.073 -0.1838947 -0.270687 -0.07 -0.1809521 -0.2720734 -0.07 -0.1838947 -0.270687 -0.073 -0.1809521 -0.2720734 -0.073 -0.1778911 -0.2709729 -0.073 -0.1778911 -0.2709729 -0.07 -0.1765048 -0.2680303 -0.073 -0.1765048 -0.2680303 -0.07 -0.1776053 -0.2649693 -0.07 -0.1776053 -0.2649693 -0.073 -0.1311053 -0.265187 -0.073 -0.1311053 -0.265187 -0.07 -0.1300048 -0.262126 -0.073 -0.1300048 -0.262126 -0.07 -0.1313911 -0.2591834 -0.073 -0.1313911 -0.2591834 -0.07 -0.1344521 -0.258083 -0.073 -0.1344521 -0.258083 -0.07 -0.1373947 -0.2594693 -0.07 -0.1373947 -0.2594693 -0.073 -0.1423947 -0.2649693 -0.07 -0.1434952 -0.2680303 -0.07 -0.1423947 -0.2649693 -0.073 -0.1434952 -0.2680303 -0.073 -0.1421089 -0.2709729 -0.073 -0.1421089 -0.2709729 -0.07 -0.1390479 -0.2720734 -0.073 -0.1390479 -0.2720734 -0.07 -0.1361053 -0.270687 -0.07 -0.1361053 -0.270687 -0.073 -0.1361053 -0.3154693 -0.07 -0.1390479 -0.314083 -0.07 -0.1361053 -0.3154693 -0.073 -0.1390479 -0.314083 -0.073 -0.1421089 -0.3151834 -0.073 -0.1421089 -0.3151834 -0.07 -0.1434952 -0.318126 -0.073 -0.1434952 -0.318126 -0.07 -0.1423947 -0.321187 -0.07 -0.1423947 -0.321187 -0.073 -0.1373947 -0.326687 -0.073 -0.1373947 -0.326687 -0.07 -0.1344521 -0.3280734 -0.073 -0.1344521 -0.3280734 -0.07 -0.1313911 -0.3269729 -0.073 -0.1313911 -0.3269729 -0.07 -0.1300048 -0.3240303 -0.07 -0.1300048 -0.3240303 -0.073 -0.1311053 -0.3209693 -0.07 -0.1311053 -0.3209693 -0.073 -0.1888947 -0.3209693 -0.07 -0.1899952 -0.3240303 -0.07 -0.1888947 -0.3209693 -0.073 -0.1899952 -0.3240303 -0.073 -0.1886089 -0.3269729 -0.07 -0.1886089 -0.3269729 -0.073 -0.1855479 -0.3280734 -0.07 -0.1855479 -0.3280734 -0.073 -0.1826053 -0.326687 -0.07 -0.1826053 -0.326687 -0.073 -0.1776053 -0.321187 -0.07 -0.1765048 -0.318126 -0.07 -0.1776053 -0.321187 -0.073 -0.1765048 -0.318126 -0.073 -0.1778911 -0.3151834 -0.07 -0.1778911 -0.3151834 -0.073 -0.1809521 -0.314083 -0.073 -0.1809521 -0.314083 -0.07 -0.1838947 -0.3154693 -0.07 -0.1838947 -0.3154693 -0.073 -0.1765058 -0.3049005 -0.0775 -0.1760057 -0.3055069 -0.0775 -0.1768885 -0.3063897 -0.07726978 -0.1771797 -0.3027023 -0.0775 -0.1771031 -0.3034734 -0.0775 -0.1783916 -0.3027023 -0.07728352 -0.1781636 -0.3055634 -0.07702565 -0.1776551 -0.3071563 -0.07660941 -0.1782048 -0.307706 -0.07560575 -0.1768759 -0.3042147 -0.0775 -0.1787232 -0.304181 -0.07703575 -0.1802341 -0.3027023 -0.07570905 -0.1794535 -0.3027023 -0.07666087 -0.1802341 -0.2834541 -0.07570905 -0.1794535 -0.2834541 -0.07666087 -0.1783916 -0.2834541 -0.07728352 -0.1771797 -0.2834541 -0.0775 -0.1758981 -0.3056172 -0.0775 -0.1759086 -0.305604 -0.0775 -0.1690781 -0.3157333 -0.07660941 -0.1696278 -0.316283 -0.07560575 -0.1683115 -0.3149667 -0.07726978 -0.1674287 -0.3140839 -0.0775 -0.1771031 -0.282683 -0.0775 -0.1760057 -0.2806494 -0.0775 -0.1765058 -0.2812559 -0.0775 -0.1768885 -0.2797667 -0.07726978 -0.1787232 -0.2819754 -0.07703575 -0.1768759 -0.2819417 -0.0775 -0.1782048 -0.2784504 -0.07560575 -0.1781636 -0.280593 -0.07702565 -0.1776551 -0.2790001 -0.07660941 -0.1653952 -0.3151813 -0.0775 -0.1646241 -0.3152579 -0.0775 -0.1646241 -0.3164698 -0.07728352 -0.1668223 -0.314584 -0.0775 -0.1661028 -0.3168014 -0.07703575 -0.1646241 -0.3175316 -0.07666087 -0.1646241 -0.3183123 -0.07570905 -0.1661365 -0.314954 -0.0775 -0.1674852 -0.3162418 -0.07702565 -0.1696278 -0.2698734 -0.07560575 -0.1690781 -0.2704231 -0.07660941 -0.1683115 -0.2711897 -0.07726978 -0.1759013 -0.280544 -0.0775 -0.1674287 -0.2720724 -0.0775 -0.1759056 -0.2805493 -0.0775 -0.1553759 -0.3175316 -0.07666087 -0.1553759 -0.3183123 -0.07570905 -0.1553759 -0.3164698 -0.07728352 -0.1553759 -0.3152579 -0.0775 -0.1668223 -0.2715724 -0.0775 -0.1646241 -0.2708984 -0.0775 -0.1653952 -0.270975 -0.0775 -0.1646241 -0.2696866 -0.07728352 -0.1674852 -0.2699146 -0.07702565 -0.1661365 -0.2712023 -0.0775 -0.1661028 -0.2693549 -0.07703575 -0.1646241 -0.2678441 -0.07570905 -0.1646241 -0.2686247 -0.07666087 -0.1531777 -0.314584 -0.0775 -0.1525713 -0.3140839 -0.0775 -0.1516885 -0.3149667 -0.07726978 -0.1546048 -0.3151813 -0.0775 -0.1525148 -0.3162418 -0.07702565 -0.1509219 -0.3157333 -0.07660941 -0.1503722 -0.316283 -0.07560575 -0.1538635 -0.314954 -0.0775 -0.1538972 -0.3168014 -0.07703575 -0.1553759 -0.2678441 -0.07570905 -0.1553759 -0.2686247 -0.07666087 -0.1553759 -0.2696866 -0.07728352 -0.1553759 -0.2708984 -0.0775 -0.1423449 -0.3071563 -0.07660941 -0.1417952 -0.307706 -0.07560575 -0.1431115 -0.3063897 -0.07726978 -0.1440992 -0.3056125 -0.0775 -0.1440972 -0.3056099 -0.0775 -0.1439943 -0.3055069 -0.0775 -0.1546048 -0.270975 -0.0775 -0.1525713 -0.2720724 -0.0775 -0.1531777 -0.2715724 -0.0775 -0.1516885 -0.2711897 -0.07726978 -0.1538972 -0.2693549 -0.07703575 -0.1538635 -0.2712023 -0.0775 -0.1525148 -0.2699146 -0.07702565 -0.1503722 -0.2698734 -0.07560575 -0.1509219 -0.2704231 -0.07660941 -0.1428969 -0.3034734 -0.0775 -0.1428203 -0.3027023 -0.0775 -0.1416084 -0.3027023 -0.07728352 -0.1434942 -0.3049005 -0.0775 -0.1412768 -0.304181 -0.07703575 -0.1405465 -0.3027023 -0.07666087 -0.1397659 -0.3027023 -0.07570905 -0.1431241 -0.3042147 -0.0775 -0.1418364 -0.3055634 -0.07702565 -0.1441019 -0.2805391 -0.0775 -0.1431115 -0.2797667 -0.07726978 -0.1439943 -0.2806494 -0.0775 -0.1440914 -0.2805523 -0.0775 -0.1417952 -0.2784504 -0.07560575 -0.1423449 -0.2790001 -0.07660941 -0.1405465 -0.2834541 -0.07666087 -0.1397659 -0.2834541 -0.07570905 -0.1416084 -0.2834541 -0.07728352 -0.1428203 -0.2834541 -0.0775 -0.1434942 -0.2812559 -0.0775 -0.1428969 -0.282683 -0.0775 -0.1418364 -0.280593 -0.07702565 -0.1431241 -0.2819417 -0.0775 -0.1412768 -0.2819754 -0.07703575 -0.166914 -0.2665351 -0.07306632 -0.1650427 -0.2660351 -0.073 -0.1650427 -0.2662082 -0.07303092 -0.1650427 -0.2663599 -0.07311987 -0.1650427 -0.2664714 -0.07325585 -0.1700263 -0.2685668 -0.07327061 -0.1701048 -0.2684883 -0.07312723 -0.1702143 -0.2683788 -0.07303289 -0.1703405 -0.2682527 -0.073 -0.1795114 -0.2780519 -0.07327061 -0.1795899 -0.2779734 -0.07312723 -0.1796994 -0.2778639 -0.07303289 -0.1798255 -0.2777377 -0.073 -0.1549573 -0.2664714 -0.07325585 -0.1549573 -0.2663599 -0.07311987 -0.1549573 -0.2662082 -0.07303092 -0.1549573 -0.2660351 -0.073 -0.1808155 -0.2794325 -0.07306776 -0.1816068 -0.2830355 -0.07325585 -0.1817183 -0.2830355 -0.07311987 -0.18187 -0.2830355 -0.07303092 -0.1820431 -0.2830355 -0.073 -0.1513543 -0.2672627 -0.07306776 -0.1496595 -0.2682527 -0.073 -0.1497857 -0.2683788 -0.07303289 -0.1498952 -0.2684883 -0.07312723 -0.1499737 -0.2685668 -0.07327061 -0.1816068 -0.3031209 -0.07325585 -0.1817183 -0.3031209 -0.07311987 -0.18187 -0.3031209 -0.07303092 -0.1820431 -0.3031209 -0.073 -0.1404886 -0.2780519 -0.07327061 -0.1404101 -0.2779734 -0.07312723 -0.1403006 -0.2778639 -0.07303289 -0.1401745 -0.2777377 -0.073 -0.1815431 -0.3049922 -0.07306632 -0.1795114 -0.3081045 -0.07327061 -0.1795899 -0.308183 -0.07312723 -0.1796994 -0.3082925 -0.07303289 -0.1798255 -0.3084186 -0.073 -0.1384569 -0.2811642 -0.07306632 -0.1379569 -0.2830355 -0.073 -0.13813 -0.2830355 -0.07303092 -0.1382817 -0.2830355 -0.07311987 -0.1383932 -0.2830355 -0.07325585 -0.1700263 -0.3175896 -0.07327061 -0.1701048 -0.3176681 -0.07312723 -0.1702143 -0.3177776 -0.07303289 -0.1703405 -0.3179037 -0.073 -0.1383932 -0.3031209 -0.07325585 -0.1382817 -0.3031209 -0.07311987 -0.13813 -0.3031209 -0.07303092 -0.1379569 -0.3031209 -0.073 -0.1686457 -0.3188937 -0.07306776 -0.1650427 -0.319685 -0.07325585 -0.1650427 -0.3197965 -0.07311987 -0.1650427 -0.3199482 -0.07303092 -0.1650427 -0.3201213 -0.073 -0.1391845 -0.3067239 -0.07306776 -0.1401745 -0.3084186 -0.073 -0.1403006 -0.3082925 -0.07303289 -0.1404101 -0.308183 -0.07312723 -0.1404886 -0.3081045 -0.07327061 -0.1549573 -0.319685 -0.07325585 -0.1549573 -0.3197965 -0.07311987 -0.1549573 -0.3199482 -0.07303092 -0.1549573 -0.3201213 -0.073 -0.1499737 -0.3175896 -0.07327061 -0.1498952 -0.3176681 -0.07312723 -0.1497857 -0.3177776 -0.07303289 -0.1496595 -0.3179037 -0.073 -0.153086 -0.3196212 -0.07306632 -0.192891 -0.3266396 -0.07 -0.1935 -0.3235782 -0.07 -0.1935 -0.3235782 -0.073 -0.192891 -0.3266396 -0.073 -0.1911569 -0.329235 -0.07 -0.1911569 -0.329235 -0.073 -0.1885615 -0.3309692 -0.07 -0.1885615 -0.3309692 -0.073 -0.1855 -0.3315782 -0.07 -0.1855 -0.3315782 -0.073 -0.1345 -0.3315782 -0.07 -0.1345 -0.3315782 -0.073 -0.1314385 -0.3309692 -0.07 -0.1314385 -0.3309692 -0.073 -0.1288431 -0.329235 -0.07 -0.1288431 -0.329235 -0.073 -0.127109 -0.3266396 -0.07 -0.127109 -0.3266396 -0.073 -0.1265 -0.3235782 -0.07 -0.1265 -0.3235782 -0.073 -0.1265 -0.2625782 -0.07 -0.1265 -0.2625782 -0.073 -0.127109 -0.2595167 -0.07 -0.127109 -0.2595167 -0.073 -0.1288431 -0.2569213 -0.073 -0.1288431 -0.2569213 -0.07 -0.1314385 -0.2551871 -0.07 -0.1314385 -0.2551871 -0.073 -0.1345 -0.2545782 -0.07 -0.1345 -0.2545782 -0.073 -0.1855 -0.2545782 -0.07 -0.1855 -0.2545782 -0.073 -0.1885615 -0.2551871 -0.07 -0.1885615 -0.2551871 -0.073 -0.1911569 -0.2569213 -0.07 -0.1911569 -0.2569213 -0.073 -0.192891 -0.2595167 -0.07 -0.192891 -0.2595167 -0.073 -0.1935 -0.2625782 -0.07 -0.1935 -0.2625782 -0.073 -0.1435 -0.3025636 -0.0775 -0.1435 -0.2835888 -0.0775 -0.143537 -0.2828104 -0.0775 -0.143648 -0.2820442 -0.0775 -0.1438329 -0.2812912 -0.0775 -0.1761671 -0.3048651 -0.0775 -0.176352 -0.3041122 -0.0775 -0.176463 -0.303346 -0.0775 -0.1765 -0.3025676 -0.0775 -0.1765 -0.2835888 -0.0775 -0.1780671 -0.2990329 -0.0885 -0.178 -0.2995782 -0.107 -0.1780671 -0.2990329 -0.107 -0.178 -0.2995782 -0.0885 -0.1782643 -0.2985201 -0.0885 -0.1782643 -0.2985201 -0.107 -0.1780671 -0.2871235 -0.0885 -0.178 -0.287449 -0.08525 -0.1782643 -0.2876362 -0.0885 -0.178 -0.2865782 -0.0885 -0.1782643 -0.297791 -0.08577902 -0.1785799 -0.297117 -0.08556562 -0.1780671 -0.2982351 -0.08552264 -0.178 -0.2987074 -0.08525 -0.1780671 -0.2960555 -0.08334306 -0.178 -0.2963282 -0.08287083 -0.1785799 -0.2946209 -0.08375207 -0.1782643 -0.2947599 -0.08332439 -0.1780671 -0.2949183 -0.08283672 -0.178 -0.2930782 -0.082 -0.1780671 -0.2930782 -0.08254528 -0.1785799 -0.2915355 -0.08375207 -0.1782643 -0.2913965 -0.08332439 -0.1780671 -0.2912381 -0.08283672 -0.178 -0.2898282 -0.08287083 -0.1780671 -0.2901008 -0.08334306 -0.1785799 -0.2890394 -0.08556562 -0.1782643 -0.2886756 -0.0853013 -0.1780671 -0.2882607 -0.0849999 -0.178 -0.287449 -0.11025 -0.178 -0.2865782 -0.107 -0.1780671 -0.2871235 -0.107 -0.178 -0.2987074 -0.11025 -0.1782643 -0.2883653 -0.109721 -0.1782643 -0.2876362 -0.107 -0.1785799 -0.2890394 -0.1099344 -0.1780671 -0.2879212 -0.1099774 -0.1780671 -0.2901008 -0.1121569 -0.1785799 -0.2915355 -0.1117479 -0.178 -0.2898282 -0.1126292 -0.1782643 -0.2913965 -0.1121756 -0.1780671 -0.2912381 -0.1126633 -0.178 -0.2930782 -0.1135 -0.1780671 -0.2930782 -0.1129547 -0.1785799 -0.2946209 -0.1117479 -0.1782643 -0.2947599 -0.1121756 -0.1780671 -0.2949183 -0.1126633 -0.178 -0.2963282 -0.1126292 -0.1780671 -0.2960555 -0.1121569 -0.1785799 -0.297117 -0.1099344 -0.1782643 -0.2974808 -0.1101987 -0.1780671 -0.2978957 -0.1105001 -0.1419329 -0.2871235 -0.107 -0.142 -0.287449 -0.11025 -0.1417357 -0.2876362 -0.107 -0.142 -0.2865782 -0.107 -0.1417357 -0.297791 -0.109721 -0.1417357 -0.2985201 -0.107 -0.1414201 -0.297117 -0.1099344 -0.1419329 -0.2982351 -0.1099774 -0.142 -0.2987074 -0.11025 -0.142 -0.2995782 -0.107 -0.1419329 -0.2990329 -0.107 -0.1419329 -0.2960555 -0.1121569 -0.142 -0.2963282 -0.1126292 -0.1414201 -0.2946209 -0.1117479 -0.1417357 -0.2947599 -0.1121756 -0.1419329 -0.2949183 -0.1126633 -0.142 -0.2930782 -0.1135 -0.1419329 -0.2930782 -0.1129547 -0.1414201 -0.2915355 -0.1117479 -0.1417357 -0.2913965 -0.1121756 -0.1419329 -0.2912381 -0.1126633 -0.142 -0.2898282 -0.1126292 -0.1419329 -0.2901008 -0.1121569 -0.1414201 -0.2890394 -0.1099344 -0.1417357 -0.2886756 -0.1101987 -0.1419329 -0.2882607 -0.1105001 -0.1417357 -0.2985201 -0.0885 -0.1419329 -0.2990329 -0.0885 -0.142 -0.2995782 -0.0885 -0.1419329 -0.2871235 -0.0885 -0.142 -0.2865782 -0.0885 -0.1417357 -0.2876362 -0.0885 -0.142 -0.2987074 -0.08525 -0.1417357 -0.2883653 -0.08577902 -0.1414201 -0.2890394 -0.08556562 -0.1419329 -0.2879212 -0.08552264 -0.142 -0.287449 -0.08525 -0.1419329 -0.2901008 -0.08334306 -0.142 -0.2898282 -0.08287083 -0.1414201 -0.2915355 -0.08375207 -0.1417357 -0.2913965 -0.08332439 -0.1419329 -0.2912381 -0.08283672 -0.142 -0.2930782 -0.082 -0.1419329 -0.2930782 -0.08254528 -0.1414201 -0.2946209 -0.08375207 -0.1417357 -0.2947599 -0.08332439 -0.1419329 -0.2949183 -0.08283672 -0.142 -0.2963282 -0.08287083 -0.1419329 -0.2960555 -0.08334306 -0.1414201 -0.297117 -0.08556562 -0.1417357 -0.2974808 -0.0853013 -0.1419329 -0.2978957 -0.0849999 -0.1794376 -0.291146 -0.1103119 -0.1796105 -0.2899847 -0.1087008 -0.1797234 -0.2930782 -0.1103119 -0.1802252 -0.2920167 -0.1087008 -0.1794376 -0.2950103 -0.1103119 -0.1802252 -0.2941396 -0.1087008 -0.1796105 -0.2961716 -0.1087008 -0.1790872 -0.289058 -0.08679916 -0.1799926 -0.2909781 -0.08679916 -0.1803033 -0.2930782 -0.08679916 -0.1796516 -0.2921016 -0.08518815 -0.1799926 -0.2951783 -0.08679916 -0.1796516 -0.2940548 -0.08518815 -0.179086 -0.2959243 -0.08518815 -0.1405624 -0.2950103 -0.1103119 -0.1403895 -0.2961716 -0.1087008 -0.1402766 -0.2930782 -0.1103119 -0.1397748 -0.2941396 -0.1087008 -0.1405624 -0.291146 -0.1103119 -0.1397748 -0.2920167 -0.1087008 -0.1403895 -0.2899847 -0.1087008 -0.1409128 -0.2970984 -0.08679916 -0.1400074 -0.2951783 -0.08679916 -0.1396967 -0.2930782 -0.08679916 -0.1403484 -0.2940548 -0.08518815 -0.1400074 -0.2909781 -0.08679916 -0.1403484 -0.2921016 -0.08518815 -0.140914 -0.2902321 -0.08518815 -0.13896 -0.2961513 -0.1115613 -0.13975 -0.2987074 -0.11025 -0.13975 -0.2963282 -0.1126292 -0.1386446 -0.2975036 -0.1093508 -0.1384534 -0.2941233 -0.1115613 -0.13975 -0.2930782 -0.1135 -0.1378197 -0.2953589 -0.1093508 -0.1384534 -0.2920331 -0.1115613 -0.13975 -0.2898282 -0.1126292 -0.1375392 -0.2930782 -0.1093508 -0.13896 -0.2900051 -0.1115613 -0.13975 -0.287449 -0.11025 -0.1378197 -0.2907975 -0.1093508 -0.1386446 -0.2886528 -0.1093508 -0.139247 -0.2984844 -0.08614925 -0.13975 -0.2987074 -0.08525 -0.1381664 -0.2964565 -0.08614925 -0.13975 -0.2963282 -0.08287083 -0.1376096 -0.2942271 -0.08614925 -0.1386446 -0.2951528 -0.08393865 -0.13975 -0.2930782 -0.082 -0.1376096 -0.2919293 -0.08614925 -0.1383894 -0.2930782 -0.08393865 -0.1381664 -0.2896999 -0.08614925 -0.13975 -0.287449 -0.08525 -0.13975 -0.2898282 -0.08287083 -0.1386446 -0.2910036 -0.08393865 -0.139247 -0.2876719 -0.08614925 -0.180753 -0.2876719 -0.08614925 -0.18025 -0.287449 -0.08525 -0.1818336 -0.2896999 -0.08614925 -0.18025 -0.2898282 -0.08287083 -0.1823904 -0.2919293 -0.08614925 -0.1813554 -0.2910036 -0.08393865 -0.18025 -0.2930782 -0.082 -0.1823904 -0.2942271 -0.08614925 -0.1816106 -0.2930782 -0.08393865 -0.1818336 -0.2964565 -0.08614925 -0.18025 -0.2987074 -0.08525 -0.18025 -0.2963282 -0.08287083 -0.1813554 -0.2951528 -0.08393865 -0.180753 -0.2984844 -0.08614925 -0.18104 -0.2900051 -0.1115613 -0.18025 -0.287449 -0.11025 -0.18025 -0.2898282 -0.1126292 -0.1813554 -0.2886528 -0.1093508 -0.1815466 -0.2920331 -0.1115613 -0.18025 -0.2930782 -0.1135 -0.1821803 -0.2907975 -0.1093508 -0.1815466 -0.2941233 -0.1115613 -0.18025 -0.2963282 -0.1126292 -0.1824608 -0.2930782 -0.1093508 -0.18104 -0.2961513 -0.1115613 -0.18025 -0.2987074 -0.11025 -0.1821803 -0.2953589 -0.1093508 -0.1813554 -0.2975036 -0.1093508 -0.1809976 -0.3135045 -0.1173176 -0.1808435 -0.2726129 -0.1171635 -0.1809976 -0.2726519 -0.1173176 -0.1811517 -0.2726911 -0.1174716 -0.1811517 -0.3134653 -0.1174716 -0.1808435 -0.3135435 -0.1171635 -0.1806893 -0.2725741 -0.1170093 -0.1806893 -0.3135823 -0.1170093 -0.1793588 -0.307024 -0.08090405 -0.1793464 -0.3074108 -0.08210011 -0.1767891 -0.3109121 -0.08062365 -0.18025 -0.3025676 -0.08125 -0.18025 -0.3045777 -0.08588313 -0.1793808 -0.3096528 -0.08613416 -0.1770829 -0.3135133 -0.08586984 -0.18025 -0.3080124 -0.08965525 -0.1794221 -0.3132617 -0.08899104 -0.17725 -0.3179284 -0.08776795 -0.18025 -0.3175837 -0.0929641 -0.18025 -0.3124986 -0.09211195 -0.1793464 -0.2787456 -0.08210011 -0.18025 -0.281579 -0.08588276 -0.18025 -0.2835888 -0.08125 -0.1793558 -0.2791263 -0.08089986 -0.1767891 -0.2752442 -0.08062363 -0.1793808 -0.2765036 -0.08613416 -0.18025 -0.2781446 -0.08965485 -0.1770829 -0.2726431 -0.08586981 -0.1794221 -0.2728947 -0.08899104 -0.17725 -0.2682279 -0.08776795 -0.18025 -0.2685726 -0.0929641 -0.18025 -0.2736671 -0.09210873 -0.1751567 -0.3153502 -0.08526205 -0.1741444 -0.3158366 -0.08393787 -0.1735 -0.3162054 -0.0812459 -0.1735 -0.3180975 -0.08213879 -0.1735746 -0.3163761 -0.08244647 -0.1735 -0.2680588 -0.08213879 -0.1735746 -0.2697803 -0.08244647 -0.1735 -0.2699486 -0.08124646 -0.1741444 -0.2703198 -0.08393787 -0.1751567 -0.2708062 -0.08526205 -0.1764536 -0.2712944 -0.08632846 -0.1735 -0.3180998 -0.08192471 -0.1735 -0.3181018 -0.08170393 -0.1735 -0.3181035 -0.08147836 -0.1735 -0.3181049 -0.08125 -0.1735 -0.2680514 -0.08125 -0.1735 -0.2680528 -0.08147839 -0.1735 -0.2680545 -0.08170395 -0.1735 -0.2680565 -0.08192473 -0.1390024 -0.2726519 -0.1173176 -0.1391565 -0.3135435 -0.1171635 -0.1390024 -0.3135045 -0.1173176 -0.1388483 -0.3134653 -0.1174716 -0.1388483 -0.2726911 -0.1174716 -0.1391565 -0.2726129 -0.1171635 -0.1393107 -0.3135823 -0.1170093 -0.1393107 -0.2725741 -0.1170093 -0.1406412 -0.2791324 -0.08090405 -0.1406536 -0.2787456 -0.08210011 -0.1432109 -0.2752442 -0.08062365 -0.13975 -0.2835888 -0.08125 -0.13975 -0.2815787 -0.08588313 -0.1406192 -0.2765036 -0.08613416 -0.1429171 -0.2726431 -0.08586984 -0.13975 -0.278144 -0.08965525 -0.1405779 -0.2728947 -0.08899104 -0.14275 -0.2682279 -0.08776795 -0.13975 -0.2685726 -0.0929641 -0.13975 -0.2736578 -0.09211195 -0.14275 -0.3179284 -0.08776795 -0.1405779 -0.3132617 -0.08899104 -0.1429171 -0.3135132 -0.08586979 -0.13975 -0.3080117 -0.08965479 -0.13975 -0.3124893 -0.09210872 -0.13975 -0.3175837 -0.0929641 -0.1406192 -0.3096528 -0.08613417 -0.1432109 -0.3109122 -0.08062363 -0.13975 -0.3045779 -0.08588355 -0.1406443 -0.3070312 -0.08090353 -0.1406536 -0.3074108 -0.0821001 -0.13975 -0.3025665 -0.08125 -0.1448433 -0.2708062 -0.08526205 -0.1465 -0.2680588 -0.08213879 -0.1458556 -0.2703198 -0.08393787 -0.1465 -0.2699477 -0.08124891 -0.1464254 -0.2697803 -0.08244647 -0.1462074 -0.3160979 -0.08320721 -0.1465 -0.3162091 -0.08124905 -0.1465 -0.3180976 -0.08213879 -0.1453903 -0.3155933 -0.08462659 -0.1442253 -0.3151062 -0.08583296 -0.1442494 -0.313101 -0.08349558 -0.1465 -0.2680565 -0.08192471 -0.1465 -0.2680545 -0.08170393 -0.1465 -0.2680528 -0.08147837 -0.1465 -0.2680514 -0.08125 -0.1465 -0.3180998 -0.08192473 -0.1465 -0.3181018 -0.08170395 -0.1465 -0.3181035 -0.08147838 -0.1465 -0.3181049 -0.08125 -0.1470027 -0.3162116 -0.07937445 -0.15025 -0.3180782 -0.0775 -0.1483753 -0.3162116 -0.07800224 -0.15025 -0.3162116 -0.0775 -0.1457501 -0.3116638 -0.07837694 -0.1446634 -0.3095274 -0.07790266 -0.1458869 -0.3083609 -0.0775 -0.1437026 -0.3104434 -0.07902414 -0.1492905 -0.3122498 -0.0775 -0.1464893 -0.3124424 -0.07836458 -0.1469965 -0.313107 -0.07837489 -0.1475571 -0.3145549 -0.07844851 -0.1453375 -0.3077297 -0.0775 -0.1448549 -0.3070593 -0.0775 -0.141125 -0.3046677 -0.07853422 -0.141625 -0.3025636 -0.0780024 -0.1402524 -0.3025636 -0.079375 -0.1418015 -0.3066619 -0.07847592 -0.1444414 -0.3063525 -0.0775 -0.1402524 -0.2835888 -0.079375 -0.141625 -0.2835888 -0.0780024 -0.1428508 -0.2776583 -0.0784249 -0.1446633 -0.276629 -0.07790266 -0.1458868 -0.2777955 -0.0775 -0.1437026 -0.275713 -0.07902415 -0.1418139 -0.2794668 -0.07847527 -0.1470028 -0.2699447 -0.07937437 -0.15025 -0.2680781 -0.0775 -0.1483753 -0.2699447 -0.07800222 -0.15025 -0.2699447 -0.0775 -0.1457777 -0.2744643 -0.0783766 -0.1492904 -0.2739065 -0.0775 -0.14651 -0.2736914 -0.07836401 -0.1470058 -0.2730337 -0.07837547 -0.1475591 -0.2715918 -0.0784491 -0.16975 -0.2699496 -0.0775 -0.16975 -0.2680781 -0.0775 -0.1742414 -0.2744839 -0.07837685 -0.1741131 -0.2777955 -0.0775 -0.1707108 -0.2739088 -0.0775 -0.1734993 -0.2737016 -0.07836432 -0.172995 -0.2730351 -0.07837547 -0.1724374 -0.271574 -0.07845023 -0.1723568 -0.2707769 -0.07851281 -0.1788718 -0.2814745 -0.07853395 -0.1781877 -0.2794703 -0.07847536 -0.1771556 -0.2776675 -0.07842516 -0.178375 -0.3025676 -0.0780024 -0.1797476 -0.3025676 -0.079375 -0.1771492 -0.308498 -0.0784249 -0.1753367 -0.3095274 -0.07790266 -0.1741132 -0.3083608 -0.0775 -0.1762974 -0.3104434 -0.07902415 -0.1781861 -0.3066895 -0.07847527 -0.1724351 -0.3145951 -0.07845114 -0.16975 -0.3162047 -0.0775 -0.1707114 -0.3122466 -0.0775 -0.1729865 -0.3131355 -0.07837596 -0.1742149 -0.3116996 -0.07837653 -0.16975 -0.3180782 -0.0775 -0.18225 -0.2733924 -0.1201233 -0.18225 -0.312764 -0.1201233 -0.13775 -0.2733924 -0.1201233 -0.13775 -0.312764 -0.1201233 -0.18025 -0.3138448 -0.1159487 -0.18025 -0.2723116 -0.1159487 -0.13975 -0.3138448 -0.1159487 -0.13975 -0.2723116 -0.1159487 -0.18025 -0.2693185 -0.09991617 -0.178 -0.2685726 -0.0929641 -0.178 -0.2693185 -0.09991637 -0.18025 -0.2703531 -0.1066332 -0.178 -0.2703531 -0.1066336 -0.18025 -0.2712584 -0.1113063 -0.178 -0.2712585 -0.1113068 -0.178 -0.2723116 -0.1159487 -0.1790983 -0.2729832 -0.1186003 -0.1792525 -0.2730239 -0.1187545 -0.1794066 -0.2730647 -0.1189086 -0.1795607 -0.2731056 -0.1190626 -0.18 -0.2733924 -0.1201233 -0.18225 -0.2755222 -0.1272 -0.18 -0.2755366 -0.1272433 -0.18 -0.2778786 -0.1338621 -0.18225 -0.2779807 -0.1341159 -0.18 -0.2795363 -0.137323 -0.18225 -0.2800557 -0.138096 -0.18 -0.2817813 -0.1401305 -0.18225 -0.2846541 -0.1424026 -0.18 -0.2875865 -0.1438278 -0.18225 -0.2895327 -0.1444022 -0.18 -0.2932417 -0.1447992 -0.18225 -0.2939228 -0.1447777 -0.18 -0.2979677 -0.1440345 -0.18225 -0.2975388 -0.1441656 -0.18 -0.3015998 -0.1423421 -0.18225 -0.3029616 -0.1413821 -0.18 -0.3062939 -0.13782 -0.18225 -0.3058213 -0.1384753 -0.18225 -0.3081277 -0.1342422 -0.18 -0.3081288 -0.134248 -0.18 -0.3105002 -0.1276059 -0.18225 -0.3106214 -0.1272388 -0.18 -0.3116811 -0.1238789 -0.18 -0.312764 -0.1201233 -0.1795607 -0.3130508 -0.1190626 -0.1794066 -0.3130917 -0.1189086 -0.1792525 -0.3131325 -0.1187545 -0.1790983 -0.3131731 -0.1186003 -0.178 -0.3138448 -0.1159487 -0.178 -0.3153411 -0.1091178 -0.18025 -0.3153412 -0.1091175 -0.178 -0.3164888 -0.1024188 -0.18025 -0.3164888 -0.1024188 -0.178 -0.3171113 -0.09770016 -0.18025 -0.3171113 -0.09770016 -0.178 -0.3175837 -0.0929641 -0.1761213 -0.3178204 -0.08971365 -0.1725723 -0.3179327 -0.08659693 -0.17125 -0.3180981 -0.08213879 -0.17125 -0.3181042 -0.08125 -0.16975 -0.3180779 -0.07975 -0.15025 -0.3180779 -0.07975 -0.14875 -0.3181042 -0.08125 -0.14875 -0.3180979 -0.08213879 -0.1474274 -0.3179326 -0.08659747 -0.1438787 -0.3178204 -0.08971365 -0.142 -0.3175837 -0.0929641 -0.1761213 -0.2683359 -0.08971365 -0.1725716 -0.2682237 -0.08659589 -0.17125 -0.2680583 -0.08213879 -0.17125 -0.2680522 -0.08125 -0.16975 -0.2680785 -0.07975 -0.15025 -0.2680785 -0.07975 -0.14875 -0.2680522 -0.08125 -0.14875 -0.2680583 -0.08213879 -0.1474274 -0.2682237 -0.08659736 -0.1438787 -0.2683359 -0.08971365 -0.142 -0.2685726 -0.0929641 -0.13975 -0.2690451 -0.09770016 -0.142 -0.2690451 -0.09769978 -0.13975 -0.2696676 -0.1024188 -0.142 -0.2696675 -0.1024181 -0.13975 -0.2708152 -0.1091175 -0.142 -0.270815 -0.1091165 -0.142 -0.2723116 -0.1159487 -0.1409017 -0.2729832 -0.1186003 -0.1407475 -0.2730239 -0.1187545 -0.1405934 -0.2730647 -0.1189086 -0.1404393 -0.2731056 -0.1190626 -0.14 -0.2733924 -0.1201233 -0.13775 -0.2745457 -0.1241107 -0.14 -0.2754337 -0.1269293 -0.13775 -0.27581 -0.1280681 -0.14 -0.2777558 -0.1335379 -0.13775 -0.2792127 -0.1367815 -0.14 -0.2794488 -0.1371827 -0.13775 -0.2814094 -0.1397471 -0.14 -0.2836313 -0.1417136 -0.13775 -0.2842206 -0.1421247 -0.14 -0.2869876 -0.1435953 -0.13775 -0.2877444 -0.1438845 -0.14 -0.2914575 -0.1447177 -0.13775 -0.2915802 -0.1447296 -0.13775 -0.2955175 -0.1446131 -0.14 -0.2969593 -0.1443221 -0.13775 -0.2993036 -0.1435391 -0.14 -0.3029104 -0.1414227 -0.13775 -0.3027133 -0.1415736 -0.14 -0.305507 -0.138876 -0.13775 -0.3058293 -0.1384638 -0.14 -0.3082112 -0.1340355 -0.13775 -0.3086032 -0.1329919 -0.14 -0.3106993 -0.1270008 -0.13775 -0.3106151 -0.1272575 -0.14 -0.312764 -0.1201233 -0.1404393 -0.3130508 -0.1190626 -0.1405934 -0.3130917 -0.1189086 -0.1407475 -0.3131325 -0.1187545 -0.1409017 -0.3131731 -0.1186003 -0.142 -0.3138448 -0.1159487 -0.142 -0.3148982 -0.1113052 -0.13975 -0.314898 -0.1113063 -0.142 -0.3158034 -0.1066324 -0.13975 -0.3158032 -0.1066335 -0.142 -0.316838 -0.09991578 -0.13975 -0.3168379 -0.09991638 -0.14875 -0.2699482 -0.0812496 -0.1448314 -0.3146531 -0.08834217 -0.1443235 -0.3124601 -0.08728465 -0.1450287 -0.312199 -0.0862077 -0.1448165 -0.3093797 -0.08099997 -0.1472193 -0.3153877 -0.08607755 -0.1483293 -0.3161026 -0.08411451 -0.1487499 -0.3162065 -0.08124883 -0.1470966 -0.3133947 -0.08444588 -0.1482664 -0.3145434 -0.08290414 -0.142625 -0.2762162 -0.0878868 -0.142 -0.2759508 -0.09108978 -0.142 -0.2807892 -0.08698422 -0.1425465 -0.2726388 -0.0902825 -0.1444006 -0.274259 -0.08664786 -0.142 -0.272365 -0.09248648 -0.1427048 -0.2790672 -0.08374091 -0.142 -0.2835888 -0.08124999 -0.1427268 -0.279952 -0.08110913 -0.1448165 -0.2767756 -0.08099951 -0.1435282 -0.2771104 -0.08438276 -0.1425465 -0.3135176 -0.0902825 -0.142 -0.3080595 -0.08968912 -0.142 -0.3125504 -0.09211619 -0.142625 -0.3099402 -0.08788681 -0.142 -0.3046104 -0.08592078 -0.1435285 -0.3090464 -0.08438267 -0.1427112 -0.3068819 -0.08324692 -0.1427272 -0.3062059 -0.08111065 -0.142 -0.3025676 -0.08125 -0.1450287 -0.2739575 -0.08620761 -0.1448314 -0.2715033 -0.08834219 -0.1470967 -0.2727618 -0.08444556 -0.1482662 -0.2716135 -0.08290391 -0.1472193 -0.2707686 -0.08607755 -0.1483292 -0.2700538 -0.08411471 -0.1712501 -0.2699487 -0.08124889 -0.177375 -0.3099402 -0.0878868 -0.178 -0.3102056 -0.09108978 -0.178 -0.3053672 -0.08698422 -0.1774535 -0.3135176 -0.0902825 -0.1755994 -0.3118973 -0.08664786 -0.178 -0.3137914 -0.09248648 -0.1772952 -0.3070892 -0.08374091 -0.178 -0.3025676 -0.08124999 -0.1772732 -0.3062044 -0.08110913 -0.1751835 -0.3093807 -0.08099951 -0.1764718 -0.309046 -0.08438276 -0.177375 -0.2762162 -0.0878868 -0.178 -0.281546 -0.08592078 -0.178 -0.2780968 -0.08968912 -0.1774535 -0.2726388 -0.0902825 -0.1755993 -0.2742592 -0.0866481 -0.178 -0.273606 -0.09211619 -0.1772885 -0.2792739 -0.08324668 -0.1772723 -0.2799494 -0.08111062 -0.178 -0.2835888 -0.08125 -0.1751833 -0.2767752 -0.08099958 -0.1764711 -0.2771096 -0.08438236 -0.1749713 -0.3121989 -0.08620761 -0.1751686 -0.3146531 -0.08834219 -0.1729033 -0.3133946 -0.08444556 -0.1717338 -0.3145429 -0.08290391 -0.17125 -0.3162082 -0.0812496 -0.1727807 -0.3153878 -0.08607755 -0.1716708 -0.3161026 -0.08411471 -0.1717338 -0.2716132 -0.08290429 -0.1729033 -0.2727616 -0.08444582 -0.1716708 -0.2700539 -0.08411464 -0.1742448 -0.2735845 -0.08567552 -0.1727807 -0.2707686 -0.0860775 -0.1742946 -0.2712933 -0.08768059 -0.1489511 -0.2699447 -0.08049977 -0.1495001 -0.2699447 -0.0799509 -0.15025 -0.2699447 -0.07975 -0.149001 -0.2719917 -0.08012947 -0.149292 -0.273904 -0.07975 -0.1482046 -0.2738409 -0.08010002 -0.1467959 -0.2754912 -0.08010074 -0.1458869 -0.2777955 -0.07975 -0.1431985 -0.2800778 -0.0801405 -0.1435 -0.2835929 -0.07975 -0.1426457 -0.281796 -0.08016382 -0.142201 -0.2835929 -0.0805 -0.14275 -0.2835929 -0.07995096 -0.142201 -0.3025676 -0.0805 -0.14275 -0.3025676 -0.07995096 -0.1435 -0.3025676 -0.07975 -0.145013 -0.309194 -0.08035983 -0.1432088 -0.3061026 -0.0801403 -0.1453974 -0.3088275 -0.07991111 -0.1458868 -0.3083609 -0.07975 -0.1491962 -0.3157315 -0.08017172 -0.1502499 -0.3162051 -0.07975 -0.1492906 -0.3122496 -0.07975 -0.1482306 -0.312356 -0.08010052 -0.1468338 -0.3107047 -0.08010062 -0.1704999 -0.3162117 -0.0799509 -0.1710489 -0.3162117 -0.08049977 -0.16975 -0.3162117 -0.07975 -0.170999 -0.3141647 -0.08012947 -0.170708 -0.3122524 -0.07975 -0.1717954 -0.3123155 -0.08010002 -0.1732041 -0.3106652 -0.08010074 -0.1741131 -0.3083609 -0.07975 -0.1768015 -0.3060786 -0.0801405 -0.1765 -0.3025634 -0.07975 -0.1773543 -0.3043604 -0.08016382 -0.177799 -0.3025634 -0.0805 -0.17725 -0.3025634 -0.07995096 -0.1765 -0.2835888 -0.07975 -0.17725 -0.2835888 -0.07995096 -0.177799 -0.2835888 -0.0805 -0.176791 -0.2800539 -0.08014011 -0.1741132 -0.2777955 -0.07975 -0.1731623 -0.2754478 -0.0801006 -0.1707089 -0.2739059 -0.07975 -0.1717666 -0.2737958 -0.08010059 -0.1709867 -0.2719413 -0.08013052 -0.1697501 -0.2699513 -0.07975 -0.1708038 -0.2704238 -0.08017178</float_array>
          <technique_common>
            <accessor count="988" source="#cubeverts-array0-array" stride="3">
              <param type="float" name="X"/>
              <param type="float" name="Y"/>
              <param type="float" name="Z"/>
            </accessor>
          </technique_common>
        </source>
        <source id="cubenormals-array0">
          <float_array count="5988" id="cubenormals-array0-array">-0.8323396 0.554266 0 -0.8323396 0.554266 0 -0.9571685 0.2895315 0 -0.9571685 0.2895315 0 -1 0 0 -1 0 0 -0.9571685 -0.2895315 -0 -0.9571685 -0.2895315 0 -0.8323396 -0.554266 -0 -0.8323396 -0.554266 0 0.8323396 -0.554266 0 0.9571685 -0.2895315 0 0.8323396 -0.554266 0 1 0 0 0.9571685 -0.2895315 0 0.9571685 0.2895315 0 1 0 0 0.8323396 0.554266 0 0.9571685 0.2895315 0 0.8323396 0.554266 0 0.8521302 -0.5233298 0 0.8521302 -0.5233298 0 0.9831946 -0.1825609 0 0.9831946 -0.1825609 0 0.9831949 0.1825589 0 0.9831949 0.1825589 0 0.8521272 0.5233348 0 0.8521272 0.5233348 0 -0.8521272 0.5233348 0 -0.8521272 0.5233348 0 -0.9831949 0.1825589 0 -0.9831949 0.1825589 0 -0.9831946 -0.1825609 0 -0.9831946 -0.1825609 -0 -0.8521302 -0.5233298 0 -0.8521302 -0.5233298 -0 0 0.3826798 -0.9238811 0 0.3826798 -0.9238811 0 0.9238821 -0.3826774 0 0.9238821 -0.3826774 0 0.9238821 0.3826774 0 0.9238821 0.3826774 0 0.3826798 0.9238811 0 -0.3826832 0.9238797 0 0.3826798 0.9238811 0 -0.3826832 0.9238797 0 -0.9238786 0.3826855 0 -0.9238786 -0.3826855 0 -0.9238786 0.3826855 0 -0.9238786 -0.3826855 0 -0.3826832 -0.9238797 -0 -0.3826832 -0.9238797 0 0.3826798 -0.9238811 0 0.3826798 -0.9238811 0 0.9238821 -0.3826774 0 0.9238821 -0.3826774 0 0.9238821 0.3826774 0 0.9238821 0.3826774 0 -0.3826832 0.9238797 0 0.3826798 0.9238811 0 0.3826798 0.9238811 0 -0.3826832 0.9238797 0 -0.9238786 0.3826855 0 -0.9238786 0.3826855 0 -0.3826832 -0.9238797 0 -0.9238786 -0.3826855 -0 -0.9238786 -0.3826855 0 -0.3826832 -0.9238797 -0.4261924 -0.9046326 0 0.3383035 -0.9410371 0 -0.4261924 -0.9046326 0 0.9046308 -0.4261962 0 0.3383035 -0.9410371 0 0.9046308 -0.4261962 0 0.9410356 0.3383076 0 0.9410356 0.3383076 0 0.4261924 0.9046326 0 0.4261924 0.9046326 0 -0.3383035 0.9410371 0 -0.9046308 0.4261962 0 -0.3383035 0.9410371 0 -0.9046308 0.4261962 0 -0.9410356 -0.3383076 0 -0.9410356 -0.3383076 -0 -0.9410356 0.3383076 0 -0.9046308 -0.4261962 0 -0.9410356 0.3383076 0 -0.3383035 -0.9410371 0 -0.9046308 -0.4261962 0 -0.3383035 -0.9410371 0 0.4261924 -0.9046326 0 0.4261924 -0.9046326 0 0.9410356 -0.3383076 0 0.9410356 -0.3383076 0 0.9046308 0.4261962 -0 0.3383035 0.9410371 -0 0.9046308 0.4261962 0 0.3383035 0.9410371 0 -0.4261924 0.9046326 0 -0.4261924 0.9046326 0 -0.4261924 -0.9046326 -0 -0.4261924 -0.9046326 0 0.9046308 -0.4261962 0 0.3383035 -0.9410371 0 0.3383035 -0.9410371 0 0.9046308 -0.4261962 0 0.9410356 0.3383076 0 0.9410356 0.3383076 0 0.4261924 0.9046326 -0 -0.3383035 0.9410371 0 0.4261924 0.9046326 0 -0.3383035 0.9410371 0 -0.9046308 0.4261962 0 -0.9046308 0.4261962 0 -0.9410356 -0.3383076 0 -0.9410356 -0.3383076 -0 0.9410356 -0.3383076 0 0.9410356 -0.3383076 0 0.9046308 0.4261962 0 0.9046308 0.4261962 0 0.3383035 0.9410371 0 0.3383035 0.9410371 0 -0.4261924 0.9046326 0 -0.4261924 0.9046326 0 -0.9410356 0.3383076 0 -0.9410356 0.3383076 0 -0.9046308 -0.4261962 0 -0.3383035 -0.9410371 0 -0.9046308 -0.4261962 -0 -0.3383035 -0.9410371 0 0.4261924 -0.9046326 0 0.4261924 -0.9046326 0 -0.1405414 -0.1158837 -0.9832696 -0.1758286 -0.01746526 -0.9842659 -0.388336 -0.3470245 -0.8536797 -0.706787 -0.3813015 -0.5958701 -0.2273545 -0.1226972 -0.9660514 -0.2416174 -0.08730566 -0.9664362 -0.7840731 -0.328863 -0.5263824 -0.7549787 -0.2158553 -0.619204 -0.5055676 -0.03107402 -0.8622272 -0.2443271 -0.07490949 -0.9667951 -0.7939565 -0.3251745 -0.5137068 -0.2441738 -0.1058933 -0.9639324 -0.2287823 -0.1107408 -0.9671582 -0.7732068 0 -0.634154 -0.5058119 0 -0.8626438 -0.7732068 0 -0.634154 -0.5058119 0 -0.8626438 -0.1758554 0 -0.9844161 -0.1758554 0 -0.9844161 -0.1297844 -0.1266789 -0.9834167 0 0 -1 -0.559045 -0.559044 -0.6123222 -0.3678365 -0.3678378 -0.8540443 -0.5590523 -0.5590543 -0.6123061 -0.3678365 -0.3678378 -0.8540443 -0.1284175 -0.1284179 -0.9833706 -0.1282141 -0.1282541 -0.9834185 -0.1758286 0.01746595 -0.9842659 -0.1405436 0.1158855 -0.9832691 -0.2443283 0.07490676 -0.966795 -0.7549779 0.2158595 -0.6192035 -0.5055676 0.03107466 -0.8622272 -0.78407 0.3288619 -0.5263878 -0.2287812 0.1107434 -0.9671582 -0.7067804 0.3813015 -0.5958781 -0.388336 0.3470245 -0.8536797 -0.2273563 0.1226982 -0.9660509 -0.7939535 0.3251733 -0.513712 -0.2441755 0.1058939 -0.9639319 -0.2416183 0.08730716 -0.9664357 -0.01746505 -0.1758264 -0.9842662 -0.1158876 -0.1405419 -0.9832691 -0.03107574 -0.5055784 -0.8622208 -0.2158387 -0.7549696 -0.6192209 -0.07491259 -0.2443258 -0.9667953 -0.1107435 -0.2287812 -0.9671583 -0.330041 -0.7872577 -0.5208629 -0.3470274 -0.3883332 -0.8536799 -0.3813072 -0.7067703 -0.5958863 -0.1226902 -0.2273604 -0.9660509 -0.3206831 -0.7825008 -0.533718 -0.1058929 -0.2441728 -0.9639328 -0.08731125 -0.241618 -0.9664354 -0.5590479 0.5590469 -0.612317 -0.5590445 0.5590445 -0.6123222 -0.3678372 0.3678372 -0.8540443 -0.3678372 0.3678372 -0.8540443 -0.1282266 0.1282416 -0.9834185 -0.1283038 0.1283038 -0.9834003 -0.1399592 0.1135669 -0.9836229 -0.1282243 0.1282439 -0.9834185 0 -0.7731946 -0.6341689 -0 -0.5058227 -0.8626375 -0 -0.7731946 -0.6341689 -0 -0.5058227 -0.8626375 -0 -0.1758533 -0.9844164 0 -0.1758533 -0.9844164 -0.1158837 0.1405457 -0.983269 -0.01746505 0.1758264 -0.9842662 -0.1226968 0.2273538 -0.9660516 -0.3813072 0.7067703 -0.5958863 -0.3470274 0.3883332 -0.8536799 -0.0873071 0.2416155 -0.9664364 -0.2158478 0.75498 -0.6192051 -0.03107574 0.5055784 -0.8622208 -0.07491259 0.2443258 -0.9667953 -0.3288597 0.7840759 -0.5263803 -0.1058929 0.2441728 -0.9639328 -0.1107435 0.2287812 -0.9671583 -0.3251733 0.7939535 -0.5137119 0.1158876 -0.1405419 -0.9832691 0.01746505 -0.1758264 -0.9842662 0.3470274 -0.3883332 -0.8536799 0.3813072 -0.7067703 -0.5958863 0.1226902 -0.2273604 -0.9660509 0.08731125 -0.241618 -0.9664354 0.328862 -0.7840695 -0.5263885 0.03107574 -0.5055784 -0.8622208 0.2158387 -0.7549696 -0.6192209 0.07491259 -0.2443258 -0.9667953 0.3251733 -0.7939535 -0.5137119 0.1058929 -0.2441728 -0.9639328 0.1107435 -0.2287812 -0.9671583 0 0.7732068 -0.634154 0 0.7732068 -0.634154 0 0.5058227 -0.8626375 0 0.5058227 -0.8626375 0 0.1758533 -0.9844164 0 0.1758533 -0.9844164 0.5590537 -0.5590527 -0.6123063 0.5590435 -0.5590455 -0.6123223 0.3678365 -0.3678378 -0.8540443 0.3678366 -0.3678379 -0.8540443 0.1282291 -0.1282392 -0.9834185 0.1282789 -0.1282794 -0.9834068 0.1441814 -0.108136 -0.9836251 0.1282415 -0.1282225 -0.9834191 0.01746505 0.1758264 -0.9842662 0.1158837 0.1405457 -0.983269 0.07491259 0.2443258 -0.9667953 0.2158478 0.75498 -0.6192051 0.03107574 0.5055784 -0.8622208 0.1107435 0.2287812 -0.9671583 0.3813072 0.7067703 -0.5958863 0.3470274 0.3883332 -0.8536799 0.1226968 0.2273538 -0.9660516 0.3300379 0.7872621 -0.5208583 0.1058929 0.2441728 -0.9639328 0.0873071 0.2416155 -0.9664364 0.320686 0.7825083 -0.5337052 0.1758286 -0.01746526 -0.9842659 0.1405414 -0.1158837 -0.9832696 0.5055676 -0.03107402 -0.8622272 0.7549787 -0.2158553 -0.619204 0.7840731 -0.328863 -0.5263824 0.2443271 -0.07490949 -0.9667951 0.2287823 -0.1107408 -0.9671582 0.388336 -0.3470245 -0.8536797 0.706787 -0.3813015 -0.5958701 0.2273545 -0.1226972 -0.9660514 0.7939565 -0.3251745 -0.5137068 0.2441738 -0.1058933 -0.9639324 0.2416174 -0.08730566 -0.9664362 0.1297866 0.126681 -0.9834162 0 0 -1 0.559045 0.559044 -0.6123222 0.5590474 0.5590474 -0.6123169 0.3678372 0.3678372 -0.8540443 0.3678372 0.3678372 -0.8540443 0.1284198 0.1284198 -0.9833701 0.1282141 0.1282541 -0.9834185 0.7732068 0 -0.634154 0.7732068 0 -0.634154 0.1758554 0 -0.9844161 0.5058119 0 -0.8626438 0.5058119 0 -0.8626438 0.1758554 0 -0.9844161 0.1405436 0.1158855 -0.9832691 0.1758286 0.01746595 -0.9842659 0.7067804 0.3813015 -0.5958781 0.388336 0.3470245 -0.8536797 0.2273563 0.1226982 -0.9660509 0.2416183 0.08730716 -0.9664357 0.78407 0.3288619 -0.5263878 0.5055676 0.03107466 -0.8622272 0.7549779 0.2158595 -0.6192035 0.2443283 0.07490676 -0.966795 0.7939535 0.3251733 -0.5137119 0.2441755 0.1058939 -0.9639319 0.2287812 0.1107434 -0.9671582 -0.01210363 0.1758438 -0.9843436 -0.07187583 0.5045037 -0.8604126 -0.09019594 0.770007 -0.6316279 -0.1060579 0.2590021 -0.9600363 -0.4091415 0.6871332 -0.6003758 -0.2666288 0.4619665 -0.84587 -0.09823133 0.1580316 -0.9825358 -0.09500802 0.2269695 0.9692566 -0.559044 0.5590449 -0.6123222 -0.3678283 0.3678283 -0.8540519 -0.5590649 0.5590649 -0.612285 -0.1282446 0.1282444 -0.9834159 -0.3678473 0.3678467 -0.8540357 -0.1282294 0.1282296 -0.9834198 0 0.7731584 -0.6342129 0 0.7731584 -0.6342129 0 0.1758567 -0.9844158 0 0.5058119 -0.8626438 0 0.5058119 -0.8626438 0 0.1758567 -0.9844158 -0.7577982 0.1988738 -0.6214427 -0.50098 0.1378905 -0.8544034 -0.1756763 0.04135945 -0.9835789 -0.2336794 0.09781646 0.9673809 -0.6188737 0.4949601 -0.609926 -0.4176759 0.3161079 -0.8518348 -0.1370613 0.1193787 -0.9833427 -0.2633201 0.1078773 -0.9586579 0.1193897 0.1370802 -0.9833388 0.3160911 0.4176606 -0.8518487 0.4949356 0.6188528 -0.6099671 0.1078766 0.2633177 -0.9586586 0.04136936 0.1757062 -0.983573 0.1378938 0.5009798 -0.854403 0.1988598 0.757717 -0.6215462 0.09781451 0.233674 0.9673824 -0.7732435 0 -0.6341091 -0.7732435 0 -0.6341091 -0.5058119 0 -0.8626438 -0.5058119 0 -0.8626438 -0.1758267 0 -0.9844211 -0.1758267 0 -0.9844211 0.559044 0.5590449 -0.6123222 0.5590649 0.5590649 -0.612285 0.3678473 0.3678467 -0.8540357 0.3678283 0.3678283 -0.8540519 0.1282294 0.1282296 -0.9834198 0.1282446 0.1282444 -0.9834159 -0.2590008 -0.1060571 -0.9600367 -0.6871611 -0.4091628 -0.6003293 -0.4619488 -0.26662 -0.8458825 -0.158027 -0.09822906 -0.9825367 -0.2269664 -0.09500644 0.9692575 -0.7700924 -0.09018771 -0.631525 -0.504504 -0.07186705 -0.8604132 -0.1758138 -0.01209532 -0.9843491 0.1758138 0.01209532 -0.9843491 0.504504 0.07186705 -0.8604132 0.7700924 0.09018771 -0.631525 0.2590008 0.1060571 -0.9600367 0.1580117 0.09822144 -0.98254 0.4619816 0.2666405 -0.8458581 0.6871611 0.4091628 -0.6003293 0.2269664 0.09500644 0.9692575 -0.5590644 -0.5590653 -0.612285 -0.3678096 -0.3678096 -0.854068 -0.5590445 -0.5590445 -0.6123222 -0.367828 -0.3678286 -0.8540518 -0.1282444 -0.1282446 -0.9834158 -0.1282444 -0.1282446 -0.9834158 0.7732435 0 -0.6341091 0.5058119 0 -0.8626438 0.7732435 0 -0.6341091 0.1758267 0 -0.9844211 0.5058119 0 -0.8626438 0.1758267 0 -0.9844211 -0.1988598 -0.757717 -0.6215462 -0.1378938 -0.5009798 -0.854403 -0.04136936 -0.1757062 -0.983573 -0.09781451 -0.233674 0.9673824 -0.4949356 -0.6188528 -0.6099671 -0.3160911 -0.4176606 -0.8518487 -0.1193897 -0.1370802 -0.9833388 -0.1078766 -0.2633177 -0.9586586 0.137079 -0.1193889 -0.983339 0.4176417 -0.316078 -0.8518627 0.6188737 -0.4949601 -0.609926 0.2633201 -0.1078773 -0.9586579 0.1756763 -0.04135945 -0.9835789 0.50098 -0.1378905 -0.8544034 0.7577982 -0.1988738 -0.6214427 0.2336794 -0.09781646 0.9673809 -0 -0.7731584 -0.6342129 0 -0.7731584 -0.6342129 0 -0.5058119 -0.8626438 -0 -0.5058119 -0.8626438 0 -0.1758567 -0.9844158 -0 -0.1758567 -0.9844158 0.5590644 -0.5590653 -0.612285 0.3678283 -0.3678283 -0.8540519 0.5590445 -0.5590445 -0.6123222 0.1282444 -0.1282446 -0.9834158 0.3678093 -0.36781 -0.854068 0.1282444 -0.1282446 -0.9834158 0.09019594 -0.770007 -0.6316279 0.07187583 -0.5045037 -0.8604126 0.01210363 -0.1758438 -0.9843436 0.1060579 -0.2590021 -0.9600363 0.09823133 -0.1580316 -0.9825358 0.2666288 -0.4619665 -0.84587 0.4091415 -0.6871332 -0.6003758 0.09500802 -0.2269695 0.9692566 -0.3337167 0.7972336 -0.5030425 -0.3337153 0.7972366 -0.5030386 -0.7972321 0.3337181 -0.5030439 -0.7972356 0.3337165 -0.5030395 -0.7972356 -0.3337165 -0.5030394 -0.7972321 -0.3337181 -0.5030439 -0.3337195 -0.797235 -0.5030383 -0.3337184 -0.7972376 -0.5030351 0.3337184 -0.7972376 -0.5030351 0.3337195 -0.797235 -0.5030384 0.7972321 -0.3337181 -0.5030439 0.7972356 -0.3337165 -0.5030395 0.7972356 0.3337165 -0.5030394 0.7972321 0.3337181 -0.5030439 0.3337153 0.7972366 -0.5030386 0.3337167 0.7972336 -0.5030425 0.7399401 -0.6726728 0 0.7399401 -0.6726728 0 -0.7399401 0.6726728 0 -0.7399401 0.6726728 0 0.7399401 0.6726728 -0 0.7399401 0.6726728 -0 -0.7399401 -0.6726728 -0 -0.7399401 -0.6726728 -0 0.7399401 -0.6726728 0 0.7399401 -0.6726728 0 -0.7399401 0.6726728 0 -0.7399401 0.6726728 0 -0.7399401 -0.6726728 0 -0.7399401 -0.6726728 -0 0.7399401 0.6726728 0 0.7399401 0.6726728 -0 -0.9807853 -0.1950904 0 -0.9807853 -0.1950904 -0 -0.8314715 -0.5555674 -0 -0.8314715 -0.5555674 0 -0.5555708 -0.8314692 -0 -0.5555708 -0.8314692 0 -0.1950857 -0.9807862 -0 -0.1950857 -0.9807862 0 0 -1 -0 0 -1 0 0.1950857 -0.9807862 0 0.1950857 -0.9807862 0 0.5555708 -0.8314692 0 0.5555708 -0.8314692 0 0.8314715 -0.5555674 0 0.8314715 -0.5555674 0 0.9807853 -0.1950904 0 0.9807853 -0.1950904 0 1 0 0 1 0 0 0.9807853 0.1950904 0 0.8314715 0.5555674 0 0.9807853 0.1950904 0 0.8314715 0.5555674 0 0.5555674 0.8314715 0 0.5555674 0.8314715 0 0.1950904 0.9807853 0 0.1950904 0.9807853 0 -0 1 0 0 1 0 -0.1950904 0.9807853 0 -0.1950904 0.9807853 0 -0.5555674 0.8314715 0 -0.5555674 0.8314715 0 -0.8314715 0.5555674 0 -0.8314715 0.5555674 0 -0.9807853 0.1950904 0 -0.9807853 0.1950904 0 -1 0 0 -1 0 0 0 0 1 0 -0 1 0 -0 1 0 0 1 0 0 1 0 -0 1 0 -0 1 0 -0 1 0 -0 1 0 0 1 0 0 1 0 0 1 0 0 1 0 -0 1 0 0 1 0 -0 1 0 0 1 0 0 1 0 -0 1 0 0 1 0 -0 1 0 0 1 0 0 1 0 -0 1 0 0 1 0 -0 1 0 0 1 0 -0 1 0 0 1 0 0 1 0 -0 1 0 -0 1 -0 -0 1 0 0 1 0 -0 1 0 0 1 0 -0 1 0 -0 1 0 0 1 0 0 1 0 -0 1 0 -0 1 0 0 1 0 0 1 0 0 1 0 -0 1 0 0 1 0 -0 1 0 -0 1 0 0 1 0 -0 1 0 0 1 0 -0 1 0 -0 1 0 0 1 0 0 1 0 -0 1 0 -0 1 0 0 1 0 -0 1 0 -0 1 0 0 1 0 0 1 0 -0 1 0 0 1 0 -0 1 0 -0 -1 -0 0 -1 -0 0 -1 0 -0 -1 0 -0 -1 -0 0 -1 0 0 -1 0 0 -1 0 0 -1 -0 0 -1 0 -0 -1 0 0 -1 0 0 -1 0 -0 -1 0 0 -1 0 0 -1 0 0 -1 -0 0 -1 0 0 -1 0 0 -1 0 0 -1 -0 -0 -1 -0 -0 -1 0 0 -1 -0 0 -1 -0 0 -1 -0 -0 -1 0 0 -1 -0 0 -1 0 0 -1 0 0 -1 0 0 -1 0 0 -1 0 0 -1 -0 -0 -1 -0 0 -1 0 0 -1 -0 -0 -1 -0 0 -1 0 -0 -1 -0 0 -1 0 0 -1 0 0 -1 0 -0 -1 0 0 -1 0 0 -1 -0 0 -1 0 0 -1 0 0 -1 -0 0 -1 0 -0 -1 0 0 -1 0 0 -1 0 -0 -1 0 0 -1 -0 0 -1 0 0 -1 0 0 -1 0 0 -1 -0 0 -1 0 0 -1 0 0 -1 -0 -0 -1 0 -0 -1 -0 0 -1 0 0 -1 0 0 -1 0 0 -1 0 0 -1 0 0 -1 0 0 -1 0 0 -1 0 0 -1 -0 0 -1 0 -0 -1 0 0 -1 0 -0 -1 -0 0 -1 -0 0 -1 0 -0 -1 0 -0 -1 -0 0 -1 -0 0 -1 0 -0 -1 0 0 -1 0 0 -1 0 -0 -1 0 0 -1 -0 0 -1 -0 0 -1 0 0 -1 0 -0 -1 0 -0 -1 0 0 -1 0 -0 -1 0 0 -1 0 -0 -1 -0 -0 -1 0 0 -1 0.6282964 0.6282952 -0.4587905 0.6282977 0.6282987 -0.458784 0.8726746 0 -0.4883022 0.8726746 0 -0.4883022 0 0.8726746 -0.4883022 0 0.8726746 -0.4883022 0.6282954 -0.6282964 -0.4587902 0.6282988 -0.6282977 -0.4587838 -0.6282976 0.6282987 -0.458784 -0.6282964 0.6282952 -0.4587905 0 -0.8726792 -0.4882939 -0 -0.8726793 -0.4882939 -0.8726746 0 -0.4883022 -0.8726746 0 -0.4883022 -0.6282976 -0.6282987 -0.458784 -0.6282964 -0.6282952 -0.4587905 0 0 -1 0 -0 -1 0 0 -1 0 -0 -1 0 0 -1 -0 0 -1 0 -0 -1 0 -0 -1 -0 0 -1 0 -0 -1 0 -0 -1 0 -0 -1 0 -0 -1 0 0 -1 0 0 -1 0.9925187 0.1220929 0 0.9925187 0.1220929 0 0.933342 0.3589884 0 0.933342 0.3589884 0 0.8185267 0.5744686 0 0.8185267 0.5744686 0 0.931922 -0.3584422 -0.05514035 0.991988 -0.1220276 -0.03269776 0.8089983 0.5677813 -0.152139 0.8766723 0.4575408 -0.1486676 0.9919878 0.1220293 -0.03269707 0.929054 0.3573391 -0.09574606 0.991988 0.1220276 -0.0326963 0.9083299 0.4175358 0.0245082 0.9290623 0.357318 -0.09574459 0.9919878 0.08933148 -0.08933205 0.9164104 0.2352562 -0.3238001 0.8481503 0.3745926 -0.3745952 0.9919877 0.0893316 -0.08933223 0.817624 0.1325227 -0.5602934 0.9801888 0.05126299 -0.1913162 0.9924366 0.0499302 -0.1121447 0.9326804 0.1467119 -0.3295193 0.9203493 0 -0.3910972 0.9318394 0.05676491 -0.3584036 0.818391 0.1597654 -0.5520066 0.9923329 0.01933405 -0.1220718 0.818386 -0.1597715 -0.5520121 0.9801888 -0.05126299 -0.1913162 0.9318405 -0.05676445 -0.3584006 0.9923329 -0.01933405 -0.1220718 0.9164104 -0.2352562 -0.3238001 0.9924366 -0.0499302 -0.1121447 0.9326833 -0.1467088 -0.3295123 0.8176196 -0.132519 -0.5603008 0.8046294 -0.5647149 -0.1834899 0.8046345 -0.5647079 -0.1834891 0.9759149 -0.207474 -0.06741347 0.8166931 -0.4243336 -0.3910926 0.9860313 -0.1177763 -0.1177756 0.9921844 -0.08349434 -0.09273013 0.9190413 -0.1834467 -0.3488702 0.9306427 -0.2448539 -0.2719387 0.991988 -0.1220276 0.03269776 0.9319223 0.3584423 0.05513699 0.991988 0.1220276 0.03269661 0.8089983 -0.5677813 0.152139 0.8766723 -0.4575408 0.1486676 0.929054 -0.3573391 0.09574606 0.9290623 -0.357318 0.09574459 0.9919869 -0.1220362 0.03269859 0.9083299 -0.4175358 -0.0245082 0.9164104 -0.2352562 0.3238001 0.9919877 -0.08933219 0.08933162 0.8481503 -0.3745926 0.3745952 0.9919871 -0.08933519 0.08933582 0.8176196 -0.132519 0.5603007 0.9801888 -0.05126299 0.1913162 0.9326833 -0.1467088 0.3295123 0.9924366 -0.0499302 0.1121447 0.9203493 0 0.3910972 0.818386 -0.1597715 0.5520121 0.9923329 -0.01933405 0.1220718 0.9318405 -0.05676445 0.3584006 0.818391 0.1597654 0.5520065 0.9801888 0.05126299 0.1913162 0.9318394 0.05676491 0.3584036 0.9923329 0.01933405 0.1220718 0.9164104 0.2352562 0.3238001 0.9924366 0.0499302 0.1121447 0.817624 0.1325227 0.5602934 0.9326804 0.1467119 0.3295193 0.8046538 0.5646831 0.1834811 0.8046302 0.5647156 0.1834847 0.8167062 0.424314 0.3910863 0.975915 0.2074741 0.06741152 0.9860324 0.1177707 0.1177715 0.9921844 0.08349434 0.09273013 0.9190351 0.1834446 0.3488876 0.9306377 0.2448626 0.2719483 0.8185267 -0.5744686 0 0.933342 -0.3589884 0 0.8185267 -0.5744686 0 0.9925187 -0.1220929 0 0.933342 -0.3589884 0 0.9925187 -0.1220929 0 -0.931922 -0.3584422 0.05514035 -0.991988 -0.1220276 0.03269776 -0.8089983 0.5677813 0.152139 -0.8766723 0.4575408 0.1486676 -0.9919878 0.1220293 0.03269707 -0.991988 0.1220276 0.0326963 -0.929054 0.3573391 0.09574606 -0.9083299 0.4175358 -0.0245082 -0.9290623 0.357318 0.09574459 -0.9919878 0.08933148 0.08933205 -0.9164104 0.2352562 0.3238001 -0.8481503 0.3745926 0.3745952 -0.9919877 0.0893316 0.08933223 -0.817624 0.1325227 0.5602934 -0.9801888 0.05126299 0.1913162 -0.9924366 0.0499302 0.1121447 -0.9326804 0.1467119 0.3295193 -0.9203493 0 0.3910972 -0.9318394 0.05676491 0.3584036 -0.818391 0.1597654 0.5520066 -0.9923329 0.01933405 0.1220718 -0.818386 -0.1597715 0.5520121 -0.9801888 -0.05126299 0.1913162 -0.9318405 -0.05676445 0.3584006 -0.9923329 -0.01933405 0.1220718 -0.9164104 -0.2352562 0.3238001 -0.9924366 -0.0499302 0.1121447 -0.9326833 -0.1467088 0.3295123 -0.8176196 -0.132519 0.5603008 -0.8046294 -0.5647149 0.1834899 -0.8046345 -0.5647079 0.1834891 -0.9759149 -0.207474 0.06741347 -0.8166931 -0.4243336 0.3910926 -0.9860313 -0.1177763 0.1177756 -0.9921844 -0.08349434 0.09273013 -0.9190413 -0.1834467 0.3488702 -0.9306427 -0.2448539 0.2719387 -0.8185267 0.5744686 0 -0.933342 0.3589884 0 -0.8185267 0.5744686 0 -0.933342 0.3589884 0 -0.9925187 0.1220929 0 -0.9925187 0.1220929 0 -0.9925187 -0.1220929 0 -0.933342 -0.3589884 -0 -0.9925187 -0.1220929 -0 -0.933342 -0.3589884 -0 -0.8185267 -0.5744686 -0 -0.8185267 -0.5744686 0 -0.9319223 0.3584423 -0.05513699 -0.991988 0.1220276 -0.03269661 -0.8089983 -0.5677813 -0.152139 -0.8766723 -0.4575408 -0.1486676 -0.9919869 -0.1220355 -0.03269986 -0.929054 -0.3573391 -0.09574606 -0.991988 -0.1220276 -0.0326963 -0.9083299 -0.4175358 0.0245082 -0.9290623 -0.357318 -0.09574459 -0.9919877 -0.08933219 -0.08933162 -0.9164104 -0.2352562 -0.3238001 -0.8481503 -0.3745926 -0.3745952 -0.9919871 -0.08933519 -0.08933582 -0.8176196 -0.132519 -0.5603007 -0.9801888 -0.05126299 -0.1913162 -0.9924366 -0.0499302 -0.1121447 -0.9326833 -0.1467088 -0.3295123 -0.9203493 0 -0.3910972 -0.9318405 -0.05676445 -0.3584006 -0.818386 -0.1597715 -0.5520121 -0.9923329 -0.01933405 -0.1220718 -0.818391 0.1597654 -0.5520065 -0.9801888 0.05126299 -0.1913162 -0.9318394 0.05676491 -0.3584036 -0.9923329 0.01933405 -0.1220718 -0.9164104 0.2352562 -0.3238001 -0.9924366 0.0499302 -0.1121447 -0.9326804 0.1467119 -0.3295193 -0.817624 0.1325227 -0.5602934 -0.8046302 0.5647156 -0.1834847 -0.8046538 0.5646831 -0.1834811 -0.975915 0.2074741 -0.06741152 -0.8167062 0.424314 -0.3910863 -0.9860324 0.1177707 -0.1177715 -0.9921844 0.08349434 -0.09273013 -0.9190351 0.1834446 -0.3488876 -0.9306377 0.2448626 -0.2719483 0.7361633 -0.3978171 0.5475445 0.7789733 -0.5963653 0.1937755 0.8501722 -0.5221273 0.06775337 0.8300111 -0.4063676 0.3820301 0.782294 0 0.6229094 0.8368 -0.1237892 0.533331 0.9822031 -0.1823768 0.04489763 0.9466087 -0.2863398 0.1481265 0.9170415 -0.1356595 0.3750084 0.9138673 -0.2764358 0.2973716 0.7361633 0.3978171 0.5475445 0.8368 0.1237892 0.533331 0.9822034 0.1823748 0.04489895 0.9547613 0 0.2973733 0.9871944 0 0.1595219 0.9170415 0.1356595 0.3750084 0.7789733 0.5963653 0.1937755 0.8501686 0.522132 0.06776075 0.830011 0.4063676 0.3820301 0.946608 0.2863395 0.1481315 0.9138673 0.2764358 0.2973716 0.6181285 -0.7476019 -0.2429164 0.8512708 -0.522802 -0.04490249 0.9809355 -0.1821414 -0.06775043 0.8945113 -0.4217933 -0.1481213 0.849516 -0.4005764 -0.3433091 0.9828205 -0.1453914 -0.1136888 0.8126742 -0.3425148 -0.4714279 0.8014457 0 -0.5980676 0.8398105 -0.3455158 -0.4187329 0.9444823 -0.13972 -0.2973743 0.8442198 0.5097623 -0.1656358 0.8383337 0.5148635 -0.1791989 0.9809357 0.1821394 -0.06775302 0.9828205 0.1453914 -0.1136888 0.9270211 0 -0.375009 0.8014457 0 -0.5980676 0.9444823 0.13972 -0.2973743 0.6158855 0.4630802 -0.6373709 0.8207141 0.24826 -0.5145827 0.8518419 0.4475978 -0.2720691 0.8873124 0.2684054 -0.3750138 -0.7361633 0.3978171 0.5475445 -0.7789733 0.5963653 0.1937755 -0.8501686 0.522132 0.06776075 -0.8300111 0.4063676 0.3820301 -0.782294 0 0.6229094 -0.8368 0.1237892 0.533331 -0.9822034 0.1823748 0.04489895 -0.946608 0.2863395 0.1481315 -0.9170415 0.1356595 0.3750084 -0.9138673 0.2764358 0.2973716 -0.7361633 -0.3978171 0.5475445 -0.8368 -0.1237892 0.533331 -0.9822031 -0.1823768 0.04489763 -0.9547613 0 0.2973733 -0.9871944 0 0.1595219 -0.9170415 -0.1356595 0.3750084 -0.7789733 -0.5963653 0.1937755 -0.8501722 -0.5221273 0.0677534 -0.830011 -0.4063676 0.3820301 -0.9466087 -0.2863398 0.1481265 -0.9138673 -0.2764358 0.2973716 -0.6181285 0.7476019 -0.2429164 -0.8512675 0.5228068 -0.04490625 -0.9809357 0.1821394 -0.06775301 -0.8945104 0.4217928 -0.1481286 -0.849516 0.4005764 -0.3433091 -0.9828205 0.1453914 -0.1136888 -0.8126742 0.3425148 -0.4714279 -0.8398105 0.3455158 -0.4187329 -0.9444823 0.13972 -0.2973743 -0.8442198 -0.5097623 -0.1656358 -0.8383383 -0.5148596 -0.1791884 -0.9809355 -0.1821414 -0.06775043 -0.9828205 -0.1453914 -0.1136888 -0.8014457 -0 -0.5980676 -0.9270211 0 -0.375009 -0.8014457 0 -0.5980676 -0.9444823 -0.13972 -0.2973743 -0.6158855 -0.4630802 -0.6373709 -0.8207141 -0.24826 -0.5145827 -0.8518419 -0.4475978 -0.2720691 -0.8873124 -0.2684054 -0.3750138 0.7441904 -0.4723229 -0.472326 0.8283908 -0.5516365 -0.09729276 0.7838713 -0.5997666 -0.160704 0.8047437 -0.4483322 -0.3890832 0.7773309 -0.1628209 -0.6076561 0.8031602 -0.2006208 -0.5609679 0.9538588 -0.2885303 -0.08308901 0.8801826 -0.3385317 -0.3326785 0.9240971 -0.355422 -0.140427 0.8965374 -0.2239454 -0.38219 0.7773309 0.1628209 -0.6076561 0.8312311 0 -0.555927 0.9969268 0 -0.07833879 0.9240837 0 -0.3821903 0.9812907 -0.1207032 -0.1499979 0.9359853 -0.1151305 -0.3326807 0.7441889 0.4723271 -0.4723241 0.8031602 0.2006208 -0.560968 0.9538588 0.2885303 -0.08308901 0.9359853 0.1151305 -0.3326807 0.9812907 0.1207032 -0.1499979 0.8965374 0.2239454 -0.38219 0.8283908 0.5516365 -0.09729276 0.783866 0.5997717 -0.160711 0.8047394 0.4483376 -0.3890859 0.9240971 0.355422 -0.140427 0.8801826 0.3385317 -0.3326784 0.6651455 -0.7212709 0.1932605 0.8297032 -0.5525104 0.07952765 0.8150263 -0.4097133 0.4097159 0.9533686 -0.2883821 0.0890172 0.873027 -0.4651734 0.1464153 0.8257751 -0.4399962 0.352844 0.9616982 -0.2402205 0.1320252 0.7703767 -0.16502 0.6158636 0.8201506 -0.3973055 0.4117056 0.9149296 -0.2285383 0.3326771 0.9941622 0 0.1078963 0.9941622 0 0.1078963 0.9430411 0 0.3326764 0.8144088 -0.1001763 0.5715794 0.917173 -0.1128168 0.3821859 0.8150244 0.4097178 0.4097152 0.9533686 0.2883821 0.0890172 0.9616982 0.2402205 0.1320252 0.7703767 0.16502 0.6158636 0.917173 0.1128168 0.382186 0.8144088 0.1001763 0.5715794 0.8201506 0.3973055 0.4117056 0.9149296 0.2285383 0.3326771 0.665127 0.7212852 0.1932711 0.8297032 0.5525104 0.07952765 0.8257707 0.4399939 0.3528571 0.873027 0.4651734 0.1464153 -0.8297032 0.5525104 0.07952765 -0.665127 0.7212852 0.1932711 -0.9533686 0.2883821 0.0890172 -0.8150244 0.4097178 0.4097152 -0.8257707 0.4399939 0.3528571 -0.873027 0.4651734 0.1464153 -0.9941622 0 0.1078963 -0.9616982 0.2402205 0.1320252 -0.7703767 0.16502 0.6158636 -0.8201506 0.3973055 0.4117056 -0.9149296 0.2285383 0.3326771 -0.9941622 0 0.1078963 -0.8144088 0.1001763 0.5715794 -0.917173 0.1128168 0.3821859 -0.9430411 0 0.3326764 -0.9533686 -0.2883821 0.0890172 -0.8150263 -0.4097133 0.4097159 -0.9616982 -0.2402205 0.1320252 -0.7703767 -0.16502 0.6158636 -0.8144088 -0.1001763 0.5715794 -0.917173 -0.1128168 0.382186 -0.8201506 -0.3973055 0.4117056 -0.9149296 -0.2285383 0.3326771 -0.8297032 -0.5525104 0.07952765 -0.6651455 -0.7212709 0.1932605 -0.8257751 -0.4399962 0.352844 -0.873027 -0.4651734 0.1464153 -0.7441889 0.4723271 -0.4723241 -0.783866 0.5997717 -0.160711 -0.8283908 0.5516365 -0.09729276 -0.8047394 0.4483376 -0.3890859 -0.7773309 0.1628209 -0.6076561 -0.8031602 0.2006208 -0.5609679 -0.9538588 0.2885303 -0.08308901 -0.9240971 0.355422 -0.140427 -0.8801826 0.3385317 -0.3326785 -0.8965374 0.2239454 -0.38219 -0.7773309 -0.1628209 -0.6076561 -0.8312311 0 -0.555927 -0.9969268 0 -0.07833879 -0.9812907 0.1207032 -0.1499979 -0.9240837 0 -0.3821903 -0.9359853 0.1151305 -0.3326807 -0.7441904 -0.4723229 -0.472326 -0.8031602 -0.2006208 -0.560968 -0.9538588 -0.2885303 -0.08308901 -0.9812907 -0.1207032 -0.1499979 -0.9359853 -0.1151305 -0.3326807 -0.8965374 -0.2239454 -0.38219 -0.7838713 -0.5997666 -0.160704 -0.8283908 -0.5516365 -0.09729276 -0.8801826 -0.3385317 -0.3326784 -0.8047437 -0.4483322 -0.3890832 -0.9240971 -0.355422 -0.140427 -0.7070718 0 0.7071418 -0.7071068 0 0.7071068 -0.7071068 0 0.7071068 -0.7071418 0 0.7070717 -0.7070718 0 0.7071418 -0.7071418 0 0.7070718 -0.8283042 -0.5355484 0.164621 -0.9800273 -0.1919653 0.05192238 -0.9766146 -0.1972346 0.08557096 -0.8326231 -0.4762216 0.2827576 -0.9718182 -0.1742999 0.1587098 -0.9793836 -0.1729118 0.1044479 -0.8277763 -0.4873837 0.277927 -0.7894681 -0.2169684 0.5741645 -0.8417069 -0.2690773 0.46811 -0.9682009 -0.04134682 0.2467335 -0.9662184 -0.1237882 0.2260499 -0.7460563 -0.4080275 0.5262257 -0.9749656 -0.1310403 0.1796402 -0.9766152 0.1972339 0.08556584 -0.9799142 0.1921778 0.05325347 -0.8282517 0.5359769 0.1634866 -0.9718202 0.1743018 0.1586959 -0.8326217 0.47623 0.2827473 -0.9793839 0.1729102 0.104447 -0.8277816 0.487377 0.2779234 -0.8417069 0.2690773 0.46811 -0.9662465 0.1238118 0.2259166 -0.9681712 0.0414442 0.2468332 -0.789467 0.2169674 0.5741662 -0.9749662 0.1310385 0.179638 -0.7460524 0.4080302 0.5262291 -0.7022138 -0.6214294 0.3474499 -0.5446168 -0.313769 0.7777799 -0.8357686 -0.5342277 0.1268527 -0.8119249 0.2038661 0.5470068 -0.7866796 0.03993555 0.6160684 -0.7221338 -0.6088369 0.3283907 -0.9972994 -0.03135713 0.06641413 -0.8373252 -0.5316098 0.127584 -0.9308382 0.02481855 0.3645877 -0.9973012 0.03136252 0.06638442 -0.8119258 -0.2038616 0.5470073 -0.8359299 0.5340664 0.1264677 -0.8365388 0.5330442 0.1267545 -0.9308373 -0.02481898 0.3645899 -0.7022277 0.621423 0.3474331 -0.7866787 -0.03992887 0.61607 -0.7221219 0.6088467 0.3283986 -0.1618442 0.3845767 0.9087943 -0.6632735 0.1698714 0.7288428 -0.6547701 0.4986928 0.5679625 -1 -1.604806e-05 -1.71582e-07 -1 -1.605706e-05 -1.464827e-07 -1 -1.606304e-05 -1.217021e-07 -1 -1.606585e-05 -9.876107e-08 -1 1.608578e-05 -9.887367e-08 -1 1.608297e-05 -1.21853e-07 -1 1.607698e-05 -1.466695e-07 -1 1.606796e-05 -1.71807e-07 0.7070718 0 0.7071418 0.7071068 0 0.7071068 0.7071068 0 0.7071068 0.7071418 0 0.7070717 0.7070718 0 0.7071418 0.7071418 0 0.7070718 0.8283042 0.5355482 0.1646219 0.9800272 0.1919653 0.05192274 0.9766146 0.1972346 0.08557096 0.8326218 0.4762246 0.2827562 0.9718185 0.1742999 0.1587083 0.9793836 0.1729118 0.1044479 0.8277763 0.4873837 0.277927 0.7894672 0.2169676 0.574166 0.8417069 0.2690773 0.46811 0.9682009 0.04134682 0.2467335 0.9662185 0.1237875 0.22605 0.7460539 0.4080292 0.5262279 0.9749658 0.1310396 0.1796394 0.7894679 -0.2169682 0.5741647 0.9662466 -0.1238124 0.2259158 0.9681713 -0.04144436 0.2468334 0.8417069 -0.2690773 0.46811 0.8326223 -0.4762316 0.282743 0.971821 -0.1742956 0.1586979 0.9749662 -0.1310382 0.1796386 0.7460529 -0.4080285 0.5262298 0.9799194 -0.1921413 0.0532885 0.8282578 -0.5359465 0.1635558 0.9766195 -0.1971965 0.0856038 0.8277836 -0.4873749 0.2779206 0.9793836 -0.1729118 0.1044473 0.7022218 0.6214237 0.3474439 0.5446222 0.3137657 0.7777775 0.8119258 -0.2038616 0.5470072 0.8359522 0.5340418 0.1264253 0.7866787 -0.03992887 0.61607 0.7221241 0.6088424 0.3284018 0.9972929 0.0313382 0.06651851 0.8364467 0.5332116 0.1266588 0.9308373 -0.02481898 0.3645899 0.9873066 -0.06769329 0.1436779 0.8155008 0.1838216 0.5487878 0.8283112 0.1648972 0.5354525 0.4385289 -0.3409016 0.8315518 0.7329585 -0.08003681 0.6755487 0.4907023 -0.7693995 0.4089447 0.8395279 -0.5334665 0.1029873 0.7055134 -0.5342665 0.4656289 0.837552 -0.5381078 0.09458643 0.6836897 -0.5503761 0.479223 0.8138549 -0.5038813 0.2893853 1 0 0 1 0 0 1 0 0 1 0 0 1 -0 0 1 -0 0 1 -0 0 1 -0 0 0.9658718 -0.0001302963 0.2590206 0.2587767 -0 0.9659372 0.6273284 -0.4612123 0.6274889 0.6270028 -0.45786 0.6302631 0.07627931 -0.2529168 0.9644763 0.4912694 -0.4193711 0.7634017 0.559285 -0.7331877 0.386828 0.2703166 -0.2365867 0.93325 0.6269123 -0.5871198 0.5121244 0.2708692 -0.2423998 0.9315966 0.6358358 -0.467349 0.6142457 0.6376567 -0.4957013 0.589639 0.2734407 -0.2231638 0.9356431 0.3807985 -0.09222385 0.9200474 0.2565381 0.1312499 0.9575812 0.6982802 -0.1567163 0.6984588 0.9508182 0.1755232 0.2552182 0.29777 -0.1631148 0.9405991 0.7990917 -0.3347873 0.4993696 0.1749363 -0.1522816 0.972732 0.1984009 -0.1427953 0.9696632 0.7826071 -0.4898472 0.3841562 0.9248741 -0.1584236 0.3457019 0.2546065 -0.1796706 0.9502074 0.7070683 -0.01070051 0.7070643 0.9258514 -0.2846705 0.2485197 0.3470497 -0.06803487 0.9353758 0.3211287 -0.1878878 0.9282104 0.3271145 -0.1512816 0.9327969 0.5290942 -0.3762515 0.760588 0.2942087 -0.2206497 0.929922 0.8507832 -0.2755343 0.4474914 0.3532963 -0.09263769 0.9309135 0.317074 -0.1286858 0.9396298 0.7757137 -0.4535792 0.4387872 0.965925 -0 0.258822 0.7071087 -0 0.7071048 0.965925 -0 0.258822 0.2588183 -0 0.965926 0.7071087 -0 0.7071048 0.2588183 -0 0.965926 0.2587987 0.01230782 0.9658529 0.2687381 0.03893472 0.962426 0.9517736 0.1705478 0.2550301 0.7762382 0.4838648 0.40414 0.2902606 0.02575613 0.9566009 0.4707862 0.4414306 0.7638713 0.7975713 0.466869 0.3819861 0.2790626 0.1815496 0.9429548 0.2879952 0.2307915 0.9294052 0.3661689 0.08989497 0.9261962 0.3420828 0.1196626 0.9320194 0.7025958 0.1128009 0.7025918 0.7846343 0.4376518 0.4391013 0.3230224 0.1592301 0.9328999 0.3262854 0.1224792 0.9373028 0.8637977 0.2293009 0.4486364 0.9658641 0.000149033 0.2590494 0.6269926 0.4578877 0.6302531 0.6273152 0.4612101 0.6275036 0.2587716 -0 0.9659385 0.07789083 0.2513223 0.9647642 0.4908535 0.4198281 0.7634181 0.5610777 0.7317639 0.3869281 0.2704601 0.2367022 0.9331792 0.6272132 0.585961 0.5130821 0.2708835 0.2414918 0.9318283 0.6360206 0.4674428 0.6139829 0.2735721 0.2225218 0.9357576 0.6376475 0.490981 0.5935853 0.9504282 -0.1776544 0.2551961 0.6982858 0.1565279 0.6984954 0.2564847 -0.1326524 0.9574022 0.3809598 0.09226878 0.9199762 0.29833 0.1625004 0.9405279 0.800685 0.3326741 0.4982283 -0.7067742 1.730364e-05 0.7074392 -0.7071014 0.001330823 0.7071109 -0.679498 0.1630811 0.7153231 -0.2703198 0.2366306 0.933238 -0.6270519 0.5866268 0.5125181 -0.2708144 0.2419792 0.9317218 -0.6359792 0.4672383 0.6141815 -0.2735056 0.2225975 0.9357591 -0.6376972 0.492404 0.5923517 -0.3811681 0.09249718 0.919867 -0.2985027 0.1620479 0.9405512 -0.8017521 0.3314306 0.4973402 -0.4185511 0.8056722 0.4191746 -0.9015982 0.1236767 0.4145178 -0.3903741 0.1112095 0.9139149 -0.9247587 0.1581458 0.3461376 -0.6454436 -0.4084179 0.6454436 -0.3472128 0.06789853 0.9353251 -0.2870182 0.2328935 0.9291831 -0.8496995 0.2769338 0.4486852 -0.3535897 0.09349382 0.9307166 -0.279091 0.1815751 0.9429415 -0.1884088 0.6753582 0.7130171 -0.7758885 0.4842143 0.4043928 -0.3232498 0.1590725 0.932848 -0.7845581 0.4368887 0.4399966 -0.2588183 0 0.965926 -0.706184 0.05107291 0.706184 -0.7061859 0.05107343 0.7061819 -0.965925 0 0.258822 -0.2587987 -0.01230734 0.9658528 -0.2687393 -0.03893645 0.9624256 -0.9517738 -0.1705473 0.2550301 -0.7762377 -0.4838651 0.4041405 -0.2902607 -0.02575543 0.956601 -0.4707909 -0.4414257 0.7638713 -0.7975792 -0.4668625 0.3819777 -0.2790626 -0.1815496 0.9429548 -0.2879952 -0.2307915 0.9294052 -0.3661689 -0.08989497 0.9261962 -0.3420828 -0.1196626 0.9320194 -0.7025958 -0.1128009 0.7025918 -0.7846339 -0.4376514 0.4391025 -0.3230224 -0.1592301 0.9328999 -0.3262854 -0.1224792 0.9373028 -0.8637972 -0.2293005 0.4486375 -0.5624184 -0.605423 0.5631595 -0.3813424 -0.09262249 0.919782 -0.6361494 -0.4674407 0.6138511 -0.8036178 -0.3291234 0.4958591 -0.2990455 -0.1614127 0.940488 -0.2704276 -0.2367433 0.9331782 -0.07830226 -0.2509097 0.9648383 -0.4907381 -0.4199546 0.7634227 -0.5615378 -0.7314 0.3869489 -0.6392903 -0.5467285 0.5407364 -0.2698857 -0.2305315 0.9348887 -0.7071005 -0.001536507 0.7071114 -0.7067217 -1.726687e-05 0.7074917 -0.9238803 0 0.3826815 -0.9238803 0 0.3826816 0.9238803 0 0.3826815 0.9238803 0 0.3826816 -0.9238777 0 0.3826879 -0.9238777 0 0.3826879 0.9238777 -0 0.3826879 0.9238777 0 0.3826879 0 0.9942942 -0.1066725 3.719711e-06 0.9942941 -0.1066737 -3.176091e-08 0.9883446 -0.1522331 -5.301147e-07 0.9883447 -0.152233 6.079097e-07 0.981747 -0.1901915 -6.900937e-06 0.9817477 -0.1901881 0 0.9752178 -0.2212469 -6.099192e-06 0.9752185 -0.2212441 0 0.9707177 -0.2402233 0.002639987 0.969121 -0.2465713 0.002892741 0.9689787 -0.2471277 0.002117654 0.9689705 -0.2471669 -0.001603463 0.9673768 -0.2533373 -0.002081743 0.967202 -0.254 0.001566083 0.9687759 -0.2479333 -0.002664086 0.9670265 -0.2546616 -0.002874642 0.967147 -0.2542014 0 0.9653385 -0.261001 0.0005850367 0.957523 -0.2883564 0 0.9575745 -0.2881859 -0.0003792413 0.9427232 -0.3335758 -0.004992894 0.9422204 -0.3349562 0.00778061 0.9018596 -0.4319593 -0.04586652 0.885795 -0.4618046 0.03420958 0.7805417 -0.624167 -0.1345126 0.6773624 -0.7232472 0.1636055 0.5299587 -0.832092 -0.09146743 0.3776569 -0.9214168 0.1045744 0.1683494 -0.9801646 -0.03528443 0.08517549 -0.995741 0.03890357 -0.1596121 -0.9864129 0.0256556 -0.1668413 -0.9856499 -0.02765715 -0.4221903 -0.9060852 -0.1026288 -0.4542378 -0.8849493 0.1119473 -0.6894251 -0.7156541 0.05446343 -0.7117953 -0.7002721 -0.04503806 -0.8772268 -0.477959 -0.001596692 -0.8895009 -0.4569306 -0.001311271 -0.9417752 -0.3362406 -0.004011123 -0.9420579 -0.3354264 0.002042648 -0.9532965 -0.302029 -0.02040299 -0.9573315 -0.2882708 0 -0.960852 -0.2770622 0 -0.9653385 -0.261001 -0.002874642 -0.967147 -0.2542014 -0.002664086 -0.9670265 -0.2546616 -0.002081743 -0.967202 -0.254 -0.001603463 -0.9673768 -0.2533373 0.001566069 -0.9687759 -0.2479333 0.002639987 -0.969121 -0.2465713 0.002117654 -0.9689705 -0.247167 0.002892727 -0.9689787 -0.2471277 0 -0.9707177 -0.2402233 0 -0.9768381 -0.21398 2.554443e-06 -0.9768379 -0.2139808 7.857817e-06 -0.9856396 -0.1688622 -5.725759e-07 -0.9856401 -0.1688595 -4.452665e-07 -0.9914111 -0.1307822 0 -0.9914111 -0.1307825 0 -0.9950607 -0.0992682 0 -0.9950607 -0.0992682 -0 -0.9973592 -0.07262647 -0.009337894 -0.998105 -0.06081985 0.01132769 -0.998741 -0.04886693 0.007931747 -0.9993451 -0.03530385 -0.0002441629 -0.9999428 -0.01069115 -9.487588e-05 -0.9999584 -0.009122257 0.0002039383 -0.9999713 -0.007576309 0.0006234553 -0.9999809 -0.006147149 -0.0002440967 -0.9993151 -0.03700407 0.0003390762 -0.9999764 -0.006867026 0.0003390764 -0.9999769 0.006781528 0.01766353 -0.999844 -0.0001491738 0 -1 -0.000149197 0 -1 -0.000149197 -0.0003390764 -0.9999769 0.006781528 -0.01766353 -0.999844 -0.0001491738 -0.00071858 -0.9999807 -0.006146738 -0.0002990314 -0.9999712 -0.007576052 -1.265449e-07 -0.9999585 -0.009122573 0.0001356261 -0.9999443 -0.01054936 -0.0003390756 -0.9999747 -0.007107422 0.0001355409 -0.9993156 -0.03699074 -0.007937042 -0.9993448 -0.03531279 -0.01132922 -0.9987411 -0.04886604 0.0093379 -0.998105 -0.06081984 0 -0.9973592 -0.07262647 0 0.9973592 -0.07262664 -0.009338106 0.998105 -0.06081973 0.01132997 0.9987411 -0.04886542 0.007931924 0.9993451 -0.03530397 0.0006236991 0.9999809 -0.006146533 0.0002040154 0.9999713 -0.007576309 -9.484402e-05 0.9999585 -0.009122573 -0.0002441629 0.9999428 -0.01069191 -0.0002440989 0.999315 -0.03700587 0.0003526393 0.9999766 -0.006832693 0.0003526395 0.9999771 0.006767965 0.01764319 0.9998443 -0.0001491738 0 1 -0.000149197 0 1 -0.000149197 -0.0003526395 0.9999771 0.006767965 -0.01764319 0.9998443 -0.0001491738 0.0002441629 0.9999428 -0.01069115 9.490588e-05 0.9999585 -0.009122573 -0.000203964 0.9999713 -0.007576309 -0.0006235359 0.9999809 -0.006146944 -0.0003526393 0.9999766 -0.006832693 0.000244103 0.999315 -0.03700734 -0.00793623 0.9993451 -0.03530683 -0.01133003 0.9987411 -0.04886558 0.009337894 0.998105 -0.06081985 0 0.9973592 -0.07262647 0 0.9950607 -0.0992682 -3.334031e-06 0.9950606 -0.09926976 -8.72723e-06 0.9914103 -0.1307888 9.885523e-06 0.9914114 -0.13078 -3.211848e-06 0.9856409 -0.1688551 2.916857e-06 0.9856412 -0.1688531 -1.848608e-05 0.9768379 -0.2139808 0 0.9707177 -0.2402233 -0.002892684 0.9689786 -0.2471277 0 0.9768391 -0.213975 -0.001566098 0.9687759 -0.2479333 -0.002117646 0.9689705 -0.2471669 -0.002639987 0.969121 -0.2465713 0.001603492 0.9673768 -0.2533373 0.002664082 0.9670265 -0.2546616 0.002081727 0.9672019 -0.2539999 0.002874613 0.967147 -0.2542013 0 0.9653385 -0.261001 0 0.9606255 -0.2778464 -0.01813455 0.9576899 -0.2872303 0.005302318 0.9525547 -0.3043212 -0.009978727 0.943406 -0.3314899 0.07852859 0.9286165 -0.3626359 -0.02004506 0.9067494 -0.4211932 0.02181232 0.8033688 -0.5950822 -0.1316304 0.728397 -0.6723921 0.02960256 0.6454911 -0.7631939 -0.03128526 0.4887888 -0.8718409 0.03524874 0.4465082 -0.894085 -0.04272696 0.2433274 -0.9690027 0.006588309 0.2151402 -0.976561 -0.006871263 -0.02955545 -0.9995396 -0.08278215 -0.07148132 -0.9940008 0.05036728 -0.2725804 -0.9608137 -0.1420302 -0.4335426 -0.8898697 -0.01435751 -0.4993474 -0.8662829 0.01345253 -0.7001485 -0.7138703 0.02847672 -0.7061181 -0.7075213 -0.03568329 -0.872452 -0.4873954 0.05422998 -0.8906282 -0.4514871 -0.00248249 -0.9436018 -0.331073 -0.009599976 -0.9427229 -0.3334385 0.002907146 -0.9575052 -0.2884014 0 -0.9577715 -0.2875303 0 -0.9653385 -0.261001 0.002664082 -0.9670265 -0.2546616 0.002874613 -0.967147 -0.2542013 0.002081727 -0.967202 -0.254 0.001603492 -0.9673768 -0.2533373 -0.002117646 -0.9689705 -0.2471669 -0.001566098 -0.9687759 -0.2479333 0 -0.9707177 -0.2402233 -0.002639987 -0.969121 -0.2465713 -0.002892684 -0.9689786 -0.2471277 -1.093971e-05 -0.9752173 -0.2212488 0 -0.9752186 -0.2212438 -9.424332e-07 -0.9817485 -0.1901842 4.18537e-06 -0.9817489 -0.1901818 -5.642103e-07 -0.9883444 -0.1522345 1.846153e-05 -0.9883453 -0.1522283 0 -0.9942941 -0.1066736 1.191258e-05 -0.9942945 -0.1066698 -1 0 0 -0.6569278 0.1243991 -0.74362 0.0836818 0.4170512 -0.9050224 -0.3557583 0.827861 -0.4336846 -0.7014581 0.4347835 -0.5647299 -0.7058673 0.1967301 -0.6804768 -0.954636 -0.08211853 -0.2862282 -0.9875135 0.06710995 -0.1425249 -0.8830981 0.1621485 -0.440279 -0.6682907 0.6652489 -0.3329137 -0.7167903 0.4239047 -0.5536393 -0.673875 0.4924318 -0.5508206 -0.8460608 0.4789484 0.2340714 -0.9794073 0.1469544 -0.1384406 -0.8690894 0.3247091 -0.3731588 -0.7918431 0.5888184 -0.162103 -0.8525297 0.3615184 -0.3774887 -0.9641445 -0.1716992 -0.2023482 -0.8371463 -0.1914436 -0.5123822 -0.8543644 -0.2011667 -0.479159 -0.9692463 -0.03074675 -0.2441643 -0.9630516 -0.0977523 -0.2509505 -0.9735202 -0.1120843 -0.1992376 -0.7632793 -0.3478553 -0.5444276 -0.9729823 -0.2074734 -0.1012936 -0.823651 -0.5354198 -0.1868815 -0.9785371 -0.1927258 -0.07295118 -0.838057 -0.4727515 -0.2723353 -0.849032 -0.4487368 -0.2788905 -0.9390712 -0.1854539 -0.2893993 -0.7935973 -0.5083751 -0.3343023 -0.9222742 -0.3865064 0.00478446 -0.9669629 0.1212041 -0.2242597 -0.9635686 0.04442752 -0.2637458 -0.854364 0.2011697 -0.4791586 -0.8168674 0.1804771 -0.5478648 -0.9723903 0.1721392 -0.1575602 -0.7396707 0.3631849 -0.5665545 -0.9700661 0.1200814 -0.2110739 -0.853507 0.4383164 -0.2817877 -0.8172333 0.4717407 -0.3310444 -0.9301425 0.2180489 -0.2954483 -0.9788045 0.1930277 -0.06842481 -0.8250272 0.5369512 -0.1761066 -0.9754851 0.201625 -0.08818164 -0.8427208 0.4626454 -0.2752835 -0.9409775 0.336586 0.03565324 -0.5975514 -0.7151465 -0.3626262 -0.6569328 -0.1243939 -0.7436165 0.3288127 -0.4568034 -0.8265669 -0.6467205 -0.4702872 -0.6004853 -0.6682512 -0.6653462 -0.3327984 -0.7168041 -0.4238976 -0.5536268 -0.8459933 -0.4788111 0.2345957 -0.7917947 -0.5889072 -0.1620165 -0.7058637 -0.196716 -0.6804845 -0.6738703 -0.4924521 -0.5508084 -0.8525376 -0.361519 -0.3774701 -0.987509 -0.06707972 -0.1425705 -0.9546397 0.08209373 -0.2862234 -0.9794022 -0.1469945 -0.1384338 -0.8830993 -0.1621444 -0.4402782 -0.8690829 -0.3247494 -0.3731392 -0.7071243 0 -0.7070892 -0.7070893 0 -0.7071243 -0.7071243 0 -0.7070892 -0.7070894 0 -0.7071243 -0.7071068 0 -0.7071068 -0.7071068 0 -0.7071068 -1 4.824371e-05 3.428971e-07 1 -4.827556e-05 3.298598e-07 0.7071243 0 -0.7070892 0.7070893 0 -0.7071243 0.7071243 0 -0.7070892 0.7070894 0 -0.7071243 0.7071068 0 -0.7071068 0.7071068 0 -0.7071068 0.9641445 0.1716992 -0.2023482 0.8371439 0.1914455 -0.5123853 0.854364 0.2011697 -0.4791586 0.9692479 0.03074596 -0.2441579 0.9630536 0.09774976 -0.250944 0.9735208 0.1120799 -0.1992373 0.7632787 0.3478534 -0.5444297 0.972982 0.2074744 -0.101293 0.8236493 0.5354241 -0.1868767 0.9785372 0.1927259 -0.07294898 0.838057 0.4727515 -0.2723353 0.849032 0.4487368 -0.2788905 0.9390712 0.1854539 -0.2893993 0.7935973 0.5083751 -0.3343023 0.9222742 0.3865064 0.00478446 0.9723904 -0.1721389 -0.1575599 0.8371242 -0.1914324 -0.5124224 0.966961 -0.1212073 -0.2242656 0.9635666 -0.04442868 -0.2637527 0.8543639 -0.2011673 -0.4791598 0.9700665 -0.1200837 -0.2110707 0.7632259 -0.3478904 -0.5444801 0.9787894 -0.193086 -0.06847829 0.8251106 -0.5368465 -0.176035 0.9754753 -0.2016651 -0.08819917 0.8380547 -0.4727738 -0.2723037 0.9301211 -0.2180661 -0.2955029 0.8427821 -0.4626398 -0.2751051 0.9409571 -0.336641 0.03567322 0.7935548 -0.5084434 -0.3342993 0.5975744 0.7151301 -0.3626206 0.6569577 0.124378 -0.7435971 -0.3288127 0.4568034 -0.8265669 0.6467338 0.4702827 -0.6004746 0.6682469 0.6653481 -0.3328035 0.8459933 0.4788111 0.2345957 0.7917947 0.5889072 -0.1620165 0.7058631 0.1966739 -0.6804974 0.684209 0.4465155 -0.5766125 0.7140155 0.4693196 -0.5195392 0.987509 0.06707972 -0.1425705 0.95465 -0.08206514 -0.2861967 0.9794022 0.1469945 -0.1384338 0.8830993 0.1621576 -0.4402734 0.8537101 0.3403961 -0.3940932 0.8644483 0.3492538 -0.3615952 0.8460168 -0.478893 0.2343436 0.7917982 -0.5889072 -0.162 0.9546807 0.08197166 -0.2861212 0.9875129 -0.06713786 -0.1425156 0.8537086 -0.3403745 -0.3941154 0.9794121 -0.146964 -0.138396 0.6098845 -0.7062584 -0.3594998 0.6872917 -0.6568063 -0.3102187 0.8644505 -0.3492406 -0.3616025 0.8831002 -0.1622157 -0.4402501 0.6580904 -0.1059764 -0.7454435 0.2769476 -0.4222957 -0.8631144 0.7387792 -0.4346531 -0.5150555 0.7440925 -0.1914945 -0.640044 0.6562085 -0.4887909 -0.5748684 0.7134236 -0.4696631 -0.5200415 1 0 0 -0.9658676 -5.524533e-05 -0.2590359 -0.6907848 -0.2018448 -0.6943163 -0.6921992 -0.2036026 -0.6923916 -0.2587806 0 -0.9659361 -0.9656326 -0.02330476 -0.2588641 -0.7027152 -0.1100359 -0.7029107 -0.2587227 0.02115647 -0.9657199 -0.4470435 -0.1081687 -0.887948 -0.4851931 -0.3094909 -0.8178038 -0.6620488 -0.2960836 -0.6884955 -0.2957855 -0.1424264 -0.9445769 -0.5616053 -0.3365981 -0.7558447 -0.2919644 -0.2554692 -0.921679 -0.2844935 -0.2424302 -0.9275187 -0.6092027 -0.5197328 -0.5989574 -0.4786921 -0.4332073 -0.7636657 -0.7598342 -0.4849421 -0.4329931 -0.217059 -0.08936713 -0.9720591 -0.9467714 -0.1788362 -0.2676594 -0.9486215 -0.1870462 -0.2552078 -0.7064622 -0.04268792 -0.7064622 -0.2575455 -0.09891255 -0.9611902 -0.8520185 -0.2680016 -0.4497106 -0.2915884 -0.08086988 -0.9531192 -0.9659263 1.040436e-07 -0.2588171 -0.9659271 0 -0.2588147 -0.7071068 0 -0.7071068 -0.7071068 0 -0.7071068 -0.2588147 0 -0.9659271 -0.2588147 0 -0.9659271 -0.950121 0.1801645 -0.2545795 -0.7775371 0.4984618 -0.383369 -0.5367629 0.3672195 -0.7596284 -0.2247246 0.09895788 -0.9693844 -0.2170862 0.0894395 -0.9720464 -0.7012387 0.128564 -0.7012387 -0.2578776 0.08501697 -0.9624299 -0.8686664 0.2016038 -0.4525203 -0.7657446 0.4775151 -0.4308302 -0.5143418 0.6854531 -0.5153704 -0.4077345 0.09888067 -0.9077308 -0.4851478 0.3093463 -0.8178854 -0.302503 0.1065135 -0.9471784 -0.8493623 0.2527406 -0.4633636 -0.2924857 0.2560128 -0.9213629 -0.6205469 0.6813335 -0.3882089 -0.4730632 0.4391302 -0.7637905 -0.1307985 0.1981686 -0.9714015 -0.6075007 0.5138008 -0.6057653 -0.283075 0.2393722 -0.9287462 -0.7068314 3.458066e-05 -0.707382 -0.7071025 0.0004690643 -0.7071108 0.6921992 0.2036026 -0.6923916 0.2587806 0 -0.9659361 0.9658676 5.524515e-05 -0.259036 0.690783 0.2018427 -0.6943187 0.9656326 0.02330476 -0.2588641 0.7027152 0.1100359 -0.7029107 0.2587227 -0.02115647 -0.9657199 0.4470435 0.1081687 -0.887948 0.4851931 0.3094909 -0.8178038 0.6620488 0.2960836 -0.6884955 0.2957855 0.1424264 -0.9445769 0.5616053 0.3365981 -0.7558447 0.2919644 0.2554692 -0.921679 0.6092027 0.5197328 -0.5989574 0.2844935 0.2424302 -0.9275187 0.4786921 0.4332073 -0.7636657 0.7598275 0.484942 -0.4330051 0.217059 0.08936713 -0.9720591 0.9467701 0.1788358 -0.2676644 0.9486198 0.1870444 -0.255215 0.7064622 0.04268792 -0.7064622 0.2575455 0.09891255 -0.9611902 0.8520153 0.2680005 -0.4497173 0.2915884 0.08086988 -0.9531192 0.2588147 0 -0.9659271 0.2588147 0 -0.9659271 0.9659271 0 -0.2588147 0.7071068 0 -0.7071068 0.7071068 0 -0.7071068 0.9659263 -1.04154e-07 -0.2588171 0.9501104 -0.1802245 -0.2545767 0.4775781 -0.4343723 -0.7637014 0.2170128 -0.08940971 -0.9720655 0.7012382 -0.1285687 -0.7012382 0.2578784 -0.08498197 -0.9624327 0.7611091 -0.4858531 -0.4297208 0.8686818 -0.2016425 -0.4524734 0.2926016 -0.256089 -0.9213049 0.5593432 -0.3394727 -0.7562363 0.4849274 -0.3092767 -0.8180423 0.6068842 -0.512727 -0.607291 0.2829888 -0.2390775 -0.9288484 0.4478313 -0.1085806 -0.8875006 0.6713053 -0.2932985 -0.68068 0.2982793 -0.1406755 -0.944055 0.5138589 -0.6857721 -0.5154276 0.8974223 -0.1196921 -0.4246258 0.3986241 -0.07289527 -0.9142128 0.7068441 -3.455437e-05 -0.7073694 0.7071028 -0.0004494609 -0.7071107 -0.9238803 0 -0.3826816 -0.9238803 0 -0.3826816 0.9238803 0 -0.3826816 0.9238803 0 -0.3826816 0.9238777 0 -0.3826879 0.9238777 0 -0.3826879 -0.9238777 0 -0.3826879 -0.9238777 0 -0.3826879 -1 0 0 -1 0 0 -1 0 0 -1 0 0 -1 0 -0 -1 0 0 -1 0 0 -1 0 -0 -1 0 -0 -1 0 0 -1 0 0 -1 0 0 -1 0 0 -1 0 0 -1 0 0 -1 0 -0 -1 0 0 -1 0 0 -1 0 0 -1 0 0 -1 0 0 -1 0 0 -1 0 0 -1 0 -0 -1 0 0 -1 0 -0 -1 0 0 -1 0 0 -1 0 0 -1 0 -0 -1 0 0 -1 0 0 1 0 -0 1 0 0 1 0 -0 1 0 0 1 0 0 1 0 -0 1 0 0 1 0 0 1 0 -0 1 0 0 1 0 0 1 0 0 1 0 0 1 0 0 1 0 0 1 0 -0 1 0 0 1 0 0 1 0 0 1 0 0 1 0 0 1 0 0 1 0 0 1 0 -0 1 0 0 1 0 -0 1 0 0 1 0 -0 1 0 0 1 0 0 1 0 -0 1 0 0 -1 -2.977719e-06 -3.194552e-07 -1 0 -0 -1 -0 0 -1 0 0 -1 0 -0 -1 0 0 -1 0 0 -1 0 0 -1 0 0 -1 0 0 -1 0 -0 -1 2.68642e-06 1.316194e-06 -1 0 0 -1 0 0 -1 -6.551582e-07 -1.596206e-06 -1 0 -0 -1 0 0 -1 0 -0 -1 0 -0 -1 0 -0 -1 -0 0 -1 0 -0 -1 3.973604e-06 -3.964168e-07 -1 -5.428064e-06 -3.010713e-06 -1 0 -0 -1 3.807418e-06 -5.022479e-07 -1 0 -0 -1 0 0 -1 0 -0 -1 0 -0 -1 0 0 -1 0 0 1 0 -0 1 0 0 1 0 0 1 0 -0 1 0 0 1 -3.807388e-06 -5.022525e-07 1 -3.973605e-06 -3.964105e-07 1 5.427941e-06 -3.010399e-06 1 0 0 1 -0 0 1 -0 0 1 0 0 1 0 -0 1 0 -0 1 0 0 1 -0 0 1 0 -0 1 0 -0 1 0 -0 1 0 -0 1 0 -0 1 0 0 1 0 -0 1 0 0 1 6.550779e-07 -1.596136e-06 1 -2.68642e-06 1.316194e-06 1 0 -0 1 0 -0 1 0 -0 1 0 0 1 2.977717e-06 -3.194668e-07 1 0 0 0 0 -1 0 0 -1 0 0 -1 0 0 -1 0 0 -1 0 0 -1 0 0 -1 0 0 -1 0 -0 -1 0 0 -1 0 0 -1 0 -0 -1 0 0 -1 0 -0 -1 0 0 -1 0 -0 -1 0 0 -1 0 0 -1 -1 0 0 -1 0 0 -1 0 0 -1 0 -0 -1 0 -0 -1 0 0 -1 0 0 -1 0 0 -1 0 0 -1 0 0 -1 0 -0 -1 0 0 -1 0 0 -1 0 -0 -1 0 0 -1 0 0 -1 0 0 -1 0 0 -1 0 0 -1 0 0 -1 0 0 1 0 0 1 0 0 1 0 0 1 -0 0 1 0 0 1 0 0 1 0 0 1 -0 0 1 0 0 1 0 0 1 -0 0 1 0 0 1 0 0 1 -0 0 1 -0 0 1 0 0 1 -0 0 1 -0 0 1 0 0 1 0 0 1 0 0 1 -0 0 1 0 0 -1 0 0 -1 0 0 -1 0 0 -1 0 0 -1 0 0 -1 0 0 -1 0 0 -1 0 0 -1 0 0 -1 -0 0 -1 0 0 -1 0 0 -1 0 0 -1 0 0 -1 0 0 -1 -0 0 -1 0 0 -1 0 0 -1 0 0 -1 0 0 -1 0 0 1 0 0 1 0 0 1 0 -0 1 0 0 1 0 0 1 0 0 1 0 0 1 0 0 1 0 0 1 0 0 1 0 0 1 0 0 1 0 0 1 0 0 1 0 0 1 0 0 1 0 0 1 0 0 1 0 0 1 0 0 1 0 0 1 0 0 0 0 1 0 0 1 0 0 1 0 0 1 0 0 1 0 0 1 0 0 1 0 0 1 0 0 1 0 0 1 0 0 1 0 0 1 0 0 1 0 0 1 0 0 1 0 0 1 0 0 1 0 0 1 0 0 1 0 0 1 0 0 1 0 0 1 0 0 1 0 0 1 0 0 1 0 0 1 0 0 1 0 0 1 0 0 1 0 0 1 0 0 1 0 0 1 0 0 1 0 0 1 0 0 1 0 0 1 0 0 1 0 0 1 0 0 1</float_array>
          <technique_common>
            <accessor count="1996" source="#cubenormals-array0-array" stride="3">
              <param type="float" name="X"/>
              <param type="float" name="Y"/>
              <param type="float" name="Z"/>
            </accessor>
          </technique_common>
        </source>
        <vertices id="cubeverts-array0-vertices">
          <input semantic="POSITION" source="#cubeverts-array0"/>
        </vertices>
        <triangles count="1996" material="ref_Part__Feature108">
          <input offset="0" semantic="VERTEX" source="#cubeverts-array0-vertices"/>
          <input offset="1" semantic="NORMAL" source="#cubenormals-array0"/>
          <p>0 0 1 0 2 0 0 1 3 1 1 1 4 2 2 2 5 2 4 3 0 3 2 3 6 4 5 4 7 4 6 5 4 5 5 5 8 6 7 6 9 6 8 7 6 7 7 7 10 8 9 8 11 8 10 9 8 9 9 9 12 10 13 10 14 10 15 11 14 11 16 11 15 12 12 12 14 12 17 13 16 13 18 13 17 14 15 14 16 14 19 15 18 15 20 15 19 16 17 16 18 16 21 17 20 17 22 17 21 18 19 18 20 18 23 19 21 19 22 19 24 20 25 20 26 20 26 21 25 21 27 21 27 22 28 22 29 22 25 23 28 23 27 23 29 24 30 24 31 24 28 25 30 25 29 25 31 26 32 26 33 26 30 27 32 27 31 27 34 28 35 28 36 28 35 29 37 29 36 29 36 30 38 30 39 30 37 31 38 31 36 31 39 32 40 32 41 32 38 33 40 33 39 33 41 34 42 34 43 34 40 35 42 35 41 35 44 36 45 36 46 36 46 37 45 37 47 37 47 38 48 38 49 38 45 39 48 39 47 39 49 40 50 40 51 40 48 41 50 41 49 41 51 42 52 42 53 42 53 43 52 43 54 43 50 44 52 44 51 44 52 45 55 45 54 45 54 46 56 46 57 46 57 47 56 47 58 47 55 48 56 48 54 48 56 49 59 49 58 49 58 50 44 50 46 50 59 51 44 51 58 51 60 52 61 52 62 52 62 53 61 53 63 53 63 54 64 54 65 54 61 55 64 55 63 55 65 56 66 56 67 56 64 57 66 57 65 57 68 58 69 58 70 58 67 59 69 59 68 59 66 60 69 60 67 60 69 61 71 61 70 61 70 62 72 62 73 62 71 63 72 63 70 63 74 64 75 64 62 64 73 65 75 65 74 65 72 66 75 66 73 66 75 67 60 67 62 67 76 68 77 68 78 68 78 69 79 69 80 69 77 70 79 70 78 70 80 71 81 71 82 71 79 72 81 72 80 72 81 73 83 73 82 73 82 74 84 74 85 74 83 75 84 75 82 75 86 76 87 76 88 76 88 77 87 77 89 77 89 78 87 78 90 78 90 79 91 79 92 79 87 80 91 80 90 80 91 81 93 81 92 81 92 82 94 82 95 82 93 83 94 83 92 83 96 84 97 84 98 84 98 85 99 85 100 85 97 86 99 86 98 86 100 87 101 87 102 87 99 88 101 88 100 88 101 89 103 89 102 89 102 90 104 90 105 90 103 91 104 91 102 91 106 92 107 92 108 92 108 93 107 93 109 93 109 94 107 94 110 94 110 95 111 95 112 95 107 96 111 96 110 96 111 97 113 97 112 97 112 98 114 98 115 98 113 99 114 99 112 99 116 100 117 100 118 100 118 101 117 101 119 101 120 102 121 102 122 102 119 103 121 103 120 103 117 104 121 104 119 104 121 105 123 105 122 105 122 106 124 106 125 106 123 107 124 107 122 107 126 108 127 108 128 108 128 109 129 109 130 109 127 110 129 110 128 110 129 111 131 111 130 111 130 112 132 112 133 112 131 113 132 113 130 113 133 114 134 114 135 114 132 115 134 115 133 115 136 116 137 116 138 116 138 117 137 117 139 117 139 118 140 118 141 118 137 119 140 119 139 119 141 120 142 120 143 120 140 121 142 121 141 121 143 122 144 122 145 122 142 123 144 123 143 123 146 124 147 124 148 124 148 125 147 125 149 125 149 126 150 126 151 126 151 127 150 127 152 127 147 128 150 128 149 128 150 129 153 129 152 129 152 130 154 130 155 130 153 131 154 131 152 131 156 132 157 132 158 132 159 133 160 133 161 133 162 134 158 134 163 134 162 135 163 135 164 135 162 136 165 136 156 136 162 137 156 137 158 137 166 138 164 138 167 138 166 139 167 139 168 139 166 140 168 140 161 140 166 141 160 141 165 141 166 142 162 142 164 142 166 143 165 143 162 143 166 144 161 144 160 144 168 145 169 145 170 145 168 146 170 146 171 146 168 147 167 147 169 147 161 148 168 148 171 148 159 149 171 149 172 149 159 150 161 150 171 150 173 151 158 151 157 151 173 152 157 152 174 152 175 153 176 153 164 153 175 154 163 154 158 154 175 155 164 155 163 155 177 156 175 156 158 156 177 157 158 157 173 157 178 158 177 158 173 158 179 159 172 159 171 159 180 160 181 160 182 160 183 161 184 161 179 161 183 162 170 162 169 162 183 163 171 163 170 163 183 164 169 164 185 164 183 165 179 165 171 165 186 166 185 166 187 166 186 167 187 167 182 167 186 168 181 168 184 168 186 169 183 169 185 169 186 170 184 170 183 170 186 171 182 171 181 171 188 172 189 172 190 172 178 173 191 173 177 173 192 174 190 174 193 174 192 175 193 175 194 175 192 176 195 176 188 176 192 177 188 177 190 177 196 178 194 178 176 178 196 179 175 179 177 179 196 180 176 180 175 180 196 181 191 181 195 181 196 182 192 182 194 182 196 183 195 183 192 183 196 184 177 184 191 184 187 185 185 185 197 185 187 186 197 186 198 186 182 187 198 187 199 187 182 188 187 188 198 188 200 189 199 189 201 189 200 190 182 190 199 190 202 191 182 191 200 191 180 192 182 192 202 192 203 193 204 193 194 193 203 194 193 194 190 194 203 195 194 195 193 195 205 196 203 196 190 196 206 197 190 197 189 197 206 198 205 198 190 198 207 199 201 199 199 199 208 200 209 200 210 200 211 201 212 201 207 201 211 202 198 202 197 202 211 203 199 203 198 203 211 204 207 204 199 204 213 205 214 205 215 205 213 206 215 206 210 206 213 207 209 207 212 207 213 208 197 208 214 208 213 209 212 209 211 209 213 210 210 210 209 210 213 211 211 211 197 211 216 212 217 212 218 212 206 213 219 213 205 213 220 214 218 214 221 214 220 215 221 215 222 215 220 216 223 216 216 216 220 217 216 217 218 217 224 218 222 218 204 218 224 219 203 219 205 219 224 220 204 220 203 220 224 221 219 221 223 221 224 222 220 222 222 222 224 223 223 223 220 223 224 224 205 224 219 224 215 225 225 225 226 225 215 226 214 226 225 226 210 227 226 227 227 227 210 228 215 228 226 228 208 229 227 229 228 229 208 230 210 230 227 230 229 231 230 231 222 231 229 232 222 232 221 232 231 233 221 233 218 233 231 234 229 234 221 234 232 235 218 235 217 235 232 236 231 236 218 236 233 237 231 237 232 237 234 238 231 238 233 238 235 239 228 239 227 239 236 240 237 240 238 240 239 241 240 241 235 241 239 242 226 242 225 242 239 243 227 243 226 243 239 244 235 244 227 244 241 245 242 245 243 245 241 246 243 246 238 246 241 247 237 247 240 247 241 248 225 248 242 248 241 249 240 249 239 249 241 250 238 250 237 250 241 251 239 251 225 251 244 252 245 252 246 252 234 253 247 253 231 253 248 254 246 254 249 254 248 255 249 255 250 255 248 256 250 256 230 256 248 257 251 257 244 257 248 258 244 258 246 258 252 259 229 259 231 259 252 260 230 260 229 260 252 261 247 261 251 261 252 262 248 262 230 262 252 263 251 263 248 263 252 264 231 264 247 264 253 265 254 265 255 265 253 266 255 266 256 266 243 267 242 267 257 267 243 268 257 268 258 268 243 269 258 269 254 269 238 270 243 270 254 270 238 271 254 271 253 271 236 272 238 272 253 272 259 273 260 273 250 273 259 274 250 274 249 274 261 275 246 275 245 275 261 276 249 276 246 276 261 277 259 277 249 277 262 278 261 278 245 278 263 279 255 279 254 279 262 280 264 280 261 280 265 281 258 281 257 281 265 282 254 282 258 282 265 283 266 283 263 283 265 284 263 284 254 284 267 285 257 285 260 285 267 286 259 286 261 286 267 287 260 287 259 287 267 288 264 288 266 288 267 289 265 289 257 289 267 290 266 290 265 290 267 291 261 291 264 291 268 292 269 292 270 292 268 293 270 293 271 293 268 294 271 294 272 294 268 295 272 295 273 295 268 296 273 296 274 296 268 297 274 297 275 297 268 298 275 298 276 298 268 299 276 299 269 299 273 300 277 300 274 300 274 301 278 301 275 301 277 302 278 302 274 302 275 303 279 303 276 303 278 304 279 304 275 304 279 305 280 305 276 305 272 306 271 306 281 306 281 307 271 307 282 307 283 308 270 308 284 308 282 309 270 309 283 309 271 310 270 310 282 310 270 311 269 311 284 311 285 312 286 312 287 312 285 313 287 313 288 313 285 314 288 314 289 314 285 315 289 315 280 315 285 316 278 316 277 316 285 317 279 317 278 317 285 318 280 318 279 318 285 319 277 319 286 319 290 320 291 320 292 320 290 321 292 321 293 321 290 322 293 322 294 322 290 323 294 323 281 323 290 324 283 324 284 324 290 325 282 325 283 325 290 326 281 326 282 326 290 327 284 327 291 327 295 328 296 328 286 328 286 329 296 329 287 329 287 330 297 330 288 330 296 331 297 331 287 331 288 332 298 332 289 332 297 333 298 333 288 333 294 334 293 334 299 334 299 335 293 335 300 335 300 336 292 336 301 336 293 337 292 337 300 337 301 338 291 338 302 338 292 339 291 339 301 339 303 340 295 340 304 340 303 341 304 341 305 341 303 342 305 342 306 342 303 343 306 343 307 343 303 344 307 344 298 344 303 345 296 345 295 345 303 346 297 346 296 346 303 347 298 347 297 347 308 348 309 348 310 348 308 349 310 349 311 349 308 350 311 350 312 350 308 351 312 351 299 351 308 352 301 352 302 352 308 353 300 353 301 353 308 354 299 354 300 354 308 355 302 355 309 355 304 356 313 356 305 356 305 357 314 357 306 357 313 358 314 358 305 358 314 359 315 359 306 359 306 360 316 360 307 360 315 361 316 361 306 361 317 362 312 362 318 362 318 363 311 363 319 363 312 364 311 364 318 364 319 365 310 365 320 365 311 366 310 366 319 366 310 367 309 367 320 367 321 368 322 368 323 368 321 369 323 369 324 369 321 370 324 370 325 370 321 371 325 371 316 371 321 372 314 372 313 372 321 373 315 373 314 373 321 374 316 374 315 374 321 375 313 375 322 375 326 376 327 376 328 376 326 377 328 377 329 377 326 378 329 378 330 378 326 379 330 379 317 379 326 380 319 380 320 380 326 381 318 381 319 381 326 382 317 382 318 382 326 383 320 383 327 383 331 384 332 384 322 384 322 385 332 385 323 385 323 386 333 386 324 386 332 387 333 387 323 387 324 388 334 388 325 388 333 389 334 389 324 389 330 390 329 390 335 390 336 391 329 391 337 391 335 392 329 392 336 392 337 393 328 393 338 393 329 394 328 394 337 394 328 395 327 395 338 395 339 396 332 396 331 396 339 397 333 397 332 397 339 398 334 398 333 398 339 399 331 399 335 399 339 400 337 400 338 400 339 401 336 401 337 401 339 402 335 402 336 402 339 403 338 403 334 403 273 404 272 404 214 404 273 405 214 405 197 405 169 406 277 406 185 406 286 407 277 407 169 407 304 408 295 408 167 408 304 409 167 409 164 409 194 410 313 410 176 410 322 411 313 411 194 411 335 412 331 412 204 412 335 413 204 413 222 413 250 414 330 414 230 414 317 415 330 415 250 415 299 416 312 416 260 416 299 417 260 417 257 417 225 418 294 418 242 418 281 419 294 419 225 419 154 420 136 420 138 420 155 421 154 421 138 421 144 422 146 422 148 422 144 423 148 423 145 423 126 424 125 424 127 424 125 425 124 425 127 425 134 426 116 426 135 426 116 427 118 427 135 427 104 428 106 428 108 428 105 429 104 429 108 429 114 430 97 430 96 430 114 431 96 431 115 431 77 432 95 432 94 432 77 433 76 433 95 433 84 434 86 434 88 434 85 435 84 435 88 435 340 436 341 436 342 436 340 437 342 437 343 437 344 438 343 438 345 438 344 439 340 439 343 439 346 440 345 440 347 440 346 441 344 441 345 441 348 442 347 442 349 442 348 443 346 443 347 443 350 444 349 444 351 444 348 445 349 445 350 445 352 446 350 446 351 446 352 447 351 447 353 447 354 448 353 448 355 448 354 449 352 449 353 449 356 450 355 450 357 450 356 451 354 451 355 451 358 452 357 452 359 452 358 453 356 453 357 453 360 454 359 454 361 454 360 455 358 455 359 455 362 456 360 456 361 456 362 457 363 457 364 457 362 458 361 458 363 458 365 459 362 459 364 459 366 460 364 460 367 460 366 461 365 461 364 461 368 462 367 462 369 462 368 463 366 463 367 463 370 464 368 464 371 464 371 465 368 465 369 465 372 466 370 466 371 466 372 467 371 467 373 467 374 468 373 468 375 468 374 469 372 469 373 469 376 470 375 470 377 470 376 471 374 471 375 471 378 472 377 472 379 472 378 473 376 473 377 473 379 474 342 474 378 474 342 475 341 475 378 475 346 476 140 476 344 476 344 477 140 477 340 477 340 478 137 478 341 478 140 479 137 479 340 479 348 480 142 480 346 480 346 481 142 481 140 481 137 482 136 482 341 482 348 483 144 483 142 483 136 484 154 484 341 484 348 485 350 485 144 485 350 486 127 486 144 486 144 487 124 487 146 487 127 488 124 488 144 488 350 489 129 489 127 489 350 490 352 490 129 490 147 491 123 491 150 491 146 492 123 492 147 492 124 493 123 493 146 493 352 494 131 494 129 494 352 495 354 495 131 495 123 496 121 496 150 496 341 497 86 497 378 497 153 498 86 498 154 498 154 499 86 499 341 499 86 500 84 500 378 500 354 501 356 501 131 501 131 502 356 502 132 502 153 503 87 503 86 503 378 504 83 504 376 504 84 505 83 505 378 505 356 506 358 506 132 506 132 507 358 507 134 507 134 508 358 508 116 508 153 509 91 509 87 509 150 510 91 510 153 510 376 511 81 511 374 511 83 512 81 512 376 512 81 513 372 513 374 513 81 514 79 514 372 514 77 515 370 515 79 515 79 516 370 516 372 516 121 517 111 517 150 517 150 518 111 518 91 518 111 519 107 519 91 519 91 520 107 520 93 520 117 521 113 521 121 521 121 522 113 522 111 522 93 523 106 523 94 523 107 524 106 524 93 524 358 525 114 525 116 525 116 526 114 526 117 526 117 527 114 527 113 527 94 528 104 528 77 528 106 529 104 529 94 529 114 530 360 530 97 530 97 531 360 531 99 531 358 532 360 532 114 532 77 533 368 533 370 533 103 534 368 534 104 534 104 535 368 535 77 535 99 536 362 536 101 536 360 537 362 537 99 537 101 538 366 538 103 538 103 539 366 539 368 539 362 540 365 540 101 540 101 541 365 541 366 541 141 542 347 542 345 542 141 543 345 543 343 543 139 544 343 544 342 544 139 545 141 545 343 545 143 546 349 546 347 546 143 547 347 547 141 547 138 548 139 548 342 548 145 549 349 549 143 549 316 550 148 550 149 550 316 551 149 551 151 551 307 552 151 552 152 552 307 553 152 553 155 553 307 554 316 554 151 554 298 555 307 555 155 555 298 556 155 556 138 556 298 557 138 557 342 557 325 558 349 558 145 558 325 559 148 559 316 559 325 560 145 560 148 560 351 561 349 561 325 561 351 562 325 562 334 562 126 563 351 563 334 563 125 564 126 564 334 564 125 565 334 565 338 565 128 566 351 566 126 566 353 567 351 567 128 567 122 568 125 568 338 568 130 569 353 569 128 569 355 570 353 570 130 570 120 571 122 571 338 571 379 572 298 572 342 572 379 573 289 573 298 573 88 574 280 574 289 574 85 575 88 575 289 575 85 576 289 576 379 576 357 577 130 577 133 577 357 578 355 578 130 578 89 579 280 579 88 579 82 580 379 580 377 580 82 581 85 581 379 581 359 582 133 582 135 582 359 583 357 583 133 583 90 584 280 584 89 584 327 585 119 585 120 585 327 586 118 586 119 586 327 587 120 587 338 587 80 588 377 588 375 588 80 589 82 589 377 589 373 590 80 590 375 590 78 591 80 591 373 591 320 592 118 592 327 592 320 593 135 593 118 593 320 594 359 594 135 594 371 595 76 595 78 595 371 596 78 596 373 596 276 597 90 597 92 597 276 598 92 598 95 598 276 599 280 599 90 599 269 600 95 600 76 600 269 601 276 601 95 601 269 602 76 602 371 602 284 603 269 603 371 603 110 604 302 604 291 604 109 605 110 605 291 605 112 606 302 606 110 606 108 607 291 607 284 607 108 608 109 608 291 608 115 609 302 609 112 609 115 610 309 610 302 610 105 611 108 611 284 611 96 612 309 612 115 612 361 613 309 613 96 613 361 614 320 614 309 614 361 615 96 615 98 615 361 616 359 616 320 616 369 617 105 617 284 617 369 618 102 618 105 618 369 619 284 619 371 619 367 620 102 620 369 620 367 621 100 621 102 621 363 622 361 622 98 622 363 623 98 623 100 623 364 624 100 624 367 624 364 625 363 625 100 625 380 626 244 626 251 626 380 627 251 627 247 627 380 628 247 628 234 628 380 629 234 629 233 629 245 630 244 630 380 630 262 631 381 631 382 631 262 632 380 632 381 632 262 633 245 633 380 633 264 634 262 634 382 634 266 635 382 635 383 635 266 636 264 636 382 636 263 637 383 637 384 637 263 638 266 638 383 638 255 639 384 639 256 639 255 640 263 640 384 640 257 641 242 641 299 641 242 642 294 642 299 642 312 643 317 643 260 643 260 644 317 644 250 644 272 645 281 645 214 645 214 646 281 646 225 646 330 647 335 647 230 647 230 648 335 648 222 648 273 649 197 649 277 649 277 650 197 650 185 650 331 651 194 651 204 651 331 652 322 652 194 652 295 653 169 653 167 653 295 654 286 654 169 654 313 655 304 655 176 655 304 656 164 656 176 656 385 657 174 657 157 657 385 658 157 658 156 658 386 659 156 659 165 659 386 660 385 660 156 660 387 661 165 661 160 661 387 662 160 662 159 662 387 663 386 663 165 663 388 664 387 664 159 664 389 665 159 665 172 665 389 666 388 666 159 666 179 667 389 667 172 667 184 668 389 668 179 668 181 669 389 669 184 669 180 670 389 670 181 670 202 671 389 671 180 671 390 672 391 672 392 672 390 673 393 673 391 673 394 674 392 674 395 674 394 675 390 675 392 675 32 676 395 676 33 676 32 677 394 677 395 677 396 678 397 678 398 678 399 679 397 679 396 679 400 680 394 680 32 680 400 681 32 681 401 681 402 682 403 682 393 682 402 683 390 683 394 683 402 684 393 684 390 684 402 685 400 685 401 685 402 686 394 686 400 686 404 687 405 687 403 687 404 688 401 688 406 688 404 689 402 689 401 689 404 690 403 690 402 690 407 691 404 691 406 691 408 692 409 692 405 692 408 693 405 693 404 693 408 694 404 694 407 694 410 695 406 695 411 695 410 696 408 696 407 696 410 697 407 697 406 697 410 698 409 698 408 698 412 699 410 699 411 699 413 700 414 700 409 700 413 701 410 701 412 701 413 702 409 702 410 702 415 703 411 703 416 703 415 704 414 704 413 704 415 705 413 705 412 705 415 706 412 706 411 706 417 707 24 707 398 707 417 708 416 708 24 708 417 709 398 709 397 709 417 710 415 710 416 710 418 711 397 711 414 711 418 712 414 712 415 712 418 713 417 713 397 713 418 714 415 714 417 714 419 715 420 715 421 715 392 716 422 716 395 716 391 717 422 717 392 717 423 718 424 718 26 718 423 719 26 719 425 719 426 720 421 720 424 720 426 721 424 721 423 721 426 722 419 722 421 722 426 723 423 723 425 723 427 724 425 724 428 724 427 725 429 725 419 725 427 726 426 726 425 726 427 727 419 727 426 727 430 728 427 728 428 728 431 729 432 729 429 729 431 730 427 730 430 730 431 731 429 731 427 731 433 732 428 732 434 732 433 733 430 733 428 733 433 734 432 734 431 734 433 735 431 735 430 735 435 736 433 736 434 736 436 737 437 737 432 737 436 738 433 738 435 738 436 739 432 739 433 739 438 740 434 740 439 740 438 741 437 741 436 741 438 742 435 742 434 742 438 743 436 743 435 743 440 744 439 744 33 744 440 745 33 745 395 745 440 746 438 746 439 746 440 747 395 747 422 747 441 748 422 748 437 748 441 749 437 749 438 749 441 750 440 750 422 750 441 751 438 751 440 751 24 752 26 752 424 752 398 753 424 753 421 753 398 754 24 754 424 754 396 755 421 755 420 755 396 756 398 756 421 756 399 757 396 757 420 757 442 758 443 758 444 758 445 759 443 759 442 759 446 760 447 760 34 760 446 761 34 761 448 761 449 762 450 762 451 762 449 763 451 763 452 763 449 764 452 764 447 764 449 765 446 765 448 765 449 766 447 766 446 766 453 767 454 767 450 767 453 768 448 768 455 768 453 769 449 769 448 769 453 770 450 770 449 770 456 771 453 771 455 771 457 772 458 772 454 772 457 773 454 773 453 773 457 774 453 774 456 774 459 775 455 775 460 775 459 776 457 776 456 776 459 777 456 777 455 777 459 778 458 778 457 778 461 779 459 779 460 779 462 780 463 780 458 780 462 781 459 781 461 781 462 782 458 782 459 782 464 783 460 783 465 783 464 784 463 784 462 784 464 785 462 785 461 785 464 786 461 786 460 786 466 787 43 787 444 787 466 788 465 788 43 788 466 789 444 789 443 789 466 790 464 790 465 790 467 791 443 791 463 791 467 792 463 792 464 792 467 793 466 793 443 793 467 794 464 794 466 794 468 795 35 795 34 795 468 796 447 796 452 796 468 797 34 797 447 797 469 798 468 798 452 798 470 799 452 799 451 799 470 800 469 800 452 800 471 801 472 801 445 801 471 802 442 802 444 802 471 803 445 803 442 803 473 804 471 804 444 804 42 805 444 805 43 805 42 806 473 806 444 806 469 807 474 807 468 807 470 808 474 808 469 808 475 809 473 809 42 809 475 810 42 810 476 810 477 811 478 811 472 811 477 812 471 812 473 812 477 813 472 813 471 813 477 814 475 814 476 814 477 815 473 815 475 815 479 816 480 816 478 816 479 817 476 817 481 817 479 818 477 818 476 818 479 819 478 819 477 819 482 820 479 820 481 820 483 821 484 821 480 821 483 822 480 822 479 822 483 823 479 823 482 823 485 824 481 824 486 824 485 825 483 825 482 825 485 826 482 826 481 826 485 827 484 827 483 827 487 828 485 828 486 828 488 829 489 829 484 829 488 830 485 830 487 830 488 831 484 831 485 831 490 832 486 832 491 832 490 833 489 833 488 833 490 834 488 834 487 834 490 835 487 835 486 835 492 836 35 836 468 836 492 837 491 837 35 837 492 838 468 838 474 838 492 839 490 839 491 839 493 840 474 840 489 840 493 841 489 841 490 841 493 842 492 842 474 842 493 843 490 843 492 843 425 844 494 844 428 844 26 845 495 845 425 845 27 846 495 846 26 846 425 847 495 847 494 847 428 848 496 848 434 848 494 849 496 849 428 849 29 850 497 850 27 850 27 851 497 851 495 851 494 852 497 852 496 852 495 853 497 853 494 853 434 854 498 854 439 854 496 855 498 855 434 855 31 856 499 856 29 856 497 857 499 857 496 857 29 858 499 858 497 858 496 859 499 859 498 859 439 860 500 860 33 860 33 861 500 861 31 861 498 862 500 862 439 862 31 863 500 863 499 863 499 864 500 864 498 864 416 865 501 865 24 865 24 866 501 866 25 866 25 867 502 867 28 867 501 868 502 868 25 868 416 869 502 869 501 869 502 870 503 870 28 870 411 871 504 871 416 871 406 872 504 872 411 872 416 873 504 873 502 873 502 874 504 874 503 874 32 875 505 875 401 875 30 876 505 876 32 876 28 877 505 877 30 877 503 878 505 878 28 878 504 879 506 879 503 879 406 880 506 880 504 880 503 881 506 881 505 881 401 882 507 882 406 882 406 883 507 883 506 883 505 884 507 884 401 884 506 885 507 885 505 885 448 886 508 886 455 886 34 887 509 887 448 887 36 888 509 888 34 888 448 889 509 889 508 889 455 890 510 890 460 890 508 891 510 891 455 891 39 892 511 892 36 892 36 893 511 893 509 893 508 894 511 894 510 894 509 895 511 895 508 895 460 896 512 896 465 896 510 897 512 897 460 897 41 898 513 898 39 898 511 899 513 899 510 899 39 900 513 900 511 900 510 901 513 901 512 901 465 902 514 902 43 902 43 903 514 903 41 903 512 904 514 904 465 904 41 905 514 905 513 905 513 906 514 906 512 906 491 907 515 907 35 907 35 908 515 908 37 908 37 909 516 909 38 909 515 910 516 910 37 910 491 911 516 911 515 911 516 912 517 912 38 912 486 913 518 913 491 913 491 914 518 914 516 914 516 915 518 915 517 915 42 916 519 916 476 916 40 917 519 917 42 917 38 918 519 918 40 918 517 919 519 919 38 919 481 920 520 920 486 920 518 921 520 921 517 921 486 922 520 922 518 922 517 923 520 923 519 923 476 924 521 924 481 924 481 925 521 925 520 925 519 926 521 926 476 926 520 927 521 927 519 927 522 928 523 928 524 928 525 929 14 929 13 929 525 930 13 930 523 930 525 931 523 931 522 931 526 932 524 932 527 932 526 933 522 933 524 933 528 934 16 934 14 934 528 935 525 935 522 935 528 936 14 936 525 936 528 937 522 937 526 937 529 938 527 938 530 938 529 939 526 939 527 939 531 940 18 940 16 940 531 941 526 941 529 941 531 942 16 942 528 942 531 943 528 943 526 943 532 944 530 944 533 944 532 945 529 945 530 945 534 946 20 946 18 946 534 947 531 947 529 947 534 948 18 948 531 948 534 949 529 949 532 949 535 950 22 950 20 950 535 951 533 951 22 951 535 952 532 952 533 952 535 953 20 953 534 953 535 954 534 954 532 954 536 955 537 955 12 955 536 956 12 956 15 956 538 957 539 957 537 957 538 958 15 958 17 958 538 959 536 959 15 959 538 960 537 960 536 960 540 961 538 961 17 961 541 962 542 962 539 962 541 963 539 963 538 963 541 964 538 964 540 964 543 965 17 965 19 965 543 966 540 966 17 966 544 967 540 967 543 967 544 968 542 968 541 968 544 969 541 969 540 969 545 970 546 970 547 970 545 971 19 971 21 971 545 972 543 972 19 972 548 973 547 973 542 973 548 974 544 974 543 974 548 975 542 975 544 975 548 976 545 976 547 976 548 977 543 977 545 977 549 978 23 978 546 978 549 979 21 979 23 979 549 980 546 980 545 980 549 981 545 981 21 981 550 982 3 982 0 982 550 983 551 983 3 983 552 984 0 984 4 984 552 985 553 985 551 985 552 986 551 986 550 986 552 987 550 987 0 987 554 988 4 988 6 988 554 989 552 989 4 989 555 990 556 990 553 990 555 991 553 991 552 991 555 992 552 992 554 992 557 993 554 993 6 993 558 994 556 994 555 994 558 995 555 995 554 995 558 996 554 996 557 996 559 997 6 997 8 997 559 998 560 998 561 998 559 999 557 999 6 999 562 1000 561 1000 556 1000 562 1001 556 1001 558 1001 562 1002 558 1002 557 1002 562 1003 559 1003 561 1003 562 1004 557 1004 559 1004 563 1005 8 1005 10 1005 563 1006 10 1006 560 1006 563 1007 560 1007 559 1007 563 1008 559 1008 8 1008 564 1009 565 1009 566 1009 567 1010 1 1010 565 1010 567 1011 2 1011 1 1011 567 1012 565 1012 564 1012 568 1013 566 1013 569 1013 568 1014 564 1014 566 1014 570 1015 5 1015 2 1015 570 1016 2 1016 567 1016 570 1017 567 1017 564 1017 570 1018 564 1018 568 1018 571 1019 569 1019 572 1019 571 1020 568 1020 569 1020 573 1021 7 1021 5 1021 573 1022 5 1022 570 1022 573 1023 568 1023 571 1023 573 1024 570 1024 568 1024 574 1025 572 1025 575 1025 574 1026 571 1026 572 1026 576 1027 9 1027 7 1027 576 1028 7 1028 573 1028 576 1029 573 1029 571 1029 576 1030 571 1030 574 1030 577 1031 575 1031 11 1031 577 1032 11 1032 9 1032 577 1033 576 1033 574 1033 577 1034 574 1034 575 1034 577 1035 9 1035 576 1035 578 1036 579 1036 580 1036 578 1037 580 1037 581 1037 578 1038 581 1038 582 1038 583 1039 584 1039 579 1039 583 1040 579 1040 578 1040 585 1041 584 1041 583 1041 586 1042 587 1042 588 1042 589 1043 587 1043 586 1043 590 1044 587 1044 589 1044 588 1045 591 1045 592 1045 593 1046 591 1046 590 1046 590 1047 591 1047 587 1047 587 1048 591 1048 588 1048 592 1049 594 1049 595 1049 595 1050 594 1050 596 1050 596 1051 594 1051 597 1051 597 1052 594 1052 593 1052 591 1053 594 1053 592 1053 593 1054 594 1054 591 1054 598 1055 599 1055 600 1055 598 1056 600 1056 601 1056 598 1057 601 1057 602 1057 603 1058 604 1058 599 1058 603 1059 602 1059 605 1059 603 1060 599 1060 598 1060 603 1061 598 1061 602 1061 606 1062 607 1062 608 1062 606 1063 609 1063 604 1063 606 1064 608 1064 609 1064 606 1065 605 1065 607 1065 606 1066 604 1066 603 1066 606 1067 603 1067 605 1067 592 1068 610 1068 588 1068 595 1069 610 1069 592 1069 588 1070 611 1070 612 1070 613 1071 611 1071 595 1071 595 1072 611 1072 610 1072 610 1073 611 1073 588 1073 612 1074 614 1074 613 1074 611 1075 614 1075 612 1075 613 1076 614 1076 611 1076 615 1077 616 1077 617 1077 607 1078 618 1078 615 1078 617 1079 618 1079 602 1079 616 1080 618 1080 617 1080 615 1081 618 1081 616 1081 602 1082 619 1082 605 1082 607 1083 619 1083 618 1083 618 1084 619 1084 602 1084 605 1085 620 1085 607 1085 607 1086 620 1086 619 1086 619 1087 620 1087 605 1087 621 1088 612 1088 613 1088 622 1089 612 1089 621 1089 623 1090 612 1090 622 1090 624 1091 612 1091 623 1091 617 1092 625 1092 626 1092 617 1093 626 1093 627 1093 617 1094 627 1094 628 1094 617 1095 628 1095 615 1095 629 1096 630 1096 631 1096 629 1097 631 1097 632 1097 629 1098 632 1098 633 1098 634 1099 635 1099 630 1099 634 1100 630 1100 629 1100 636 1101 635 1101 634 1101 637 1102 638 1102 639 1102 640 1103 638 1103 637 1103 641 1104 638 1104 640 1104 639 1105 642 1105 643 1105 644 1106 642 1106 641 1106 641 1107 642 1107 638 1107 638 1108 642 1108 639 1108 643 1109 645 1109 646 1109 646 1110 645 1110 647 1110 647 1111 645 1111 648 1111 648 1112 645 1112 644 1112 642 1113 645 1113 643 1113 644 1114 645 1114 642 1114 649 1115 650 1115 651 1115 652 1116 650 1116 653 1116 653 1117 650 1117 654 1117 654 1118 650 1118 649 1118 651 1119 655 1119 656 1119 657 1120 655 1120 652 1120 652 1121 655 1121 650 1121 650 1122 655 1122 651 1122 658 1123 659 1123 660 1123 656 1124 659 1124 658 1124 660 1125 659 1125 657 1125 655 1126 659 1126 656 1126 657 1127 659 1127 655 1127 643 1128 661 1128 639 1128 646 1129 661 1129 643 1129 662 1130 663 1130 646 1130 639 1131 663 1131 664 1131 646 1132 663 1132 661 1132 661 1133 663 1133 639 1133 664 1134 665 1134 662 1134 663 1135 665 1135 664 1135 662 1136 665 1136 663 1136 666 1137 667 1137 668 1137 669 1138 668 1138 649 1138 669 1139 666 1139 668 1139 670 1140 649 1140 651 1140 670 1141 669 1141 649 1141 671 1142 651 1142 656 1142 671 1143 656 1143 667 1143 671 1144 669 1144 670 1144 671 1145 667 1145 666 1145 671 1146 670 1146 651 1146 671 1147 666 1147 669 1147 664 1148 662 1148 672 1148 664 1149 672 1149 673 1149 664 1150 673 1150 674 1150 664 1151 674 1151 675 1151 676 1152 668 1152 667 1152 677 1153 676 1153 667 1153 678 1154 677 1154 667 1154 679 1155 678 1155 667 1155 679 1156 667 1156 680 1156 681 1157 682 1157 683 1157 681 1158 680 1158 682 1158 681 1159 679 1159 680 1159 684 1160 685 1160 686 1160 684 1161 687 1161 685 1161 684 1162 656 1162 687 1162 684 1163 686 1163 688 1163 689 1164 656 1164 684 1164 689 1165 684 1165 688 1165 690 1166 667 1166 656 1166 690 1167 656 1167 689 1167 690 1168 689 1168 688 1168 691 1169 688 1169 683 1169 691 1170 683 1170 682 1170 691 1171 682 1171 680 1171 691 1172 680 1172 667 1172 691 1173 690 1173 688 1173 691 1174 667 1174 690 1174 685 1175 692 1175 686 1175 685 1176 693 1176 692 1176 656 1177 658 1177 687 1177 694 1178 658 1178 660 1178 694 1179 695 1179 380 1179 694 1180 696 1180 695 1180 694 1181 660 1181 696 1181 694 1182 380 1182 233 1182 697 1183 698 1183 693 1183 697 1184 232 1184 698 1184 697 1185 685 1185 687 1185 697 1186 233 1186 232 1186 697 1187 658 1187 694 1187 697 1188 694 1188 233 1188 697 1189 693 1189 685 1189 697 1190 687 1190 658 1190 660 1191 640 1191 699 1191 696 1192 699 1192 700 1192 696 1193 660 1193 699 1193 695 1194 700 1194 381 1194 695 1195 696 1195 700 1195 380 1196 695 1196 381 1196 700 1197 382 1197 381 1197 700 1198 383 1198 382 1198 640 1199 637 1199 699 1199 701 1200 637 1200 639 1200 701 1201 702 1201 703 1201 701 1202 704 1202 702 1202 701 1203 639 1203 704 1203 701 1204 703 1204 253 1204 705 1205 253 1205 256 1205 705 1206 384 1206 383 1206 705 1207 256 1207 384 1207 705 1208 700 1208 699 1208 705 1209 637 1209 701 1209 705 1210 701 1210 253 1210 705 1211 383 1211 700 1211 705 1212 699 1212 637 1212 706 1213 664 1213 675 1213 707 1214 706 1214 675 1214 708 1215 706 1215 707 1215 709 1216 708 1216 707 1216 710 1217 703 1217 702 1217 710 1218 702 1218 704 1218 710 1219 704 1219 639 1219 710 1220 711 1220 703 1220 712 1221 710 1221 639 1221 712 1222 711 1222 710 1222 713 1223 639 1223 664 1223 713 1224 711 1224 712 1224 713 1225 712 1225 639 1225 714 1226 664 1226 706 1226 714 1227 706 1227 708 1227 714 1228 708 1228 709 1228 714 1229 709 1229 711 1229 714 1230 711 1230 713 1230 714 1231 713 1231 664 1231 617 1232 715 1232 716 1232 617 1233 716 1233 625 1233 717 1234 602 1234 718 1234 717 1235 718 1235 719 1235 720 1236 602 1236 717 1236 720 1237 717 1237 719 1237 721 1238 617 1238 602 1238 721 1239 720 1239 719 1239 721 1240 602 1240 720 1240 722 1241 719 1241 715 1241 722 1242 721 1242 719 1242 722 1243 617 1243 721 1243 723 1244 715 1244 617 1244 723 1245 617 1245 722 1245 723 1246 722 1246 715 1246 724 1247 601 1247 600 1247 724 1248 600 1248 389 1248 724 1249 389 1249 202 1249 725 1250 202 1250 200 1250 725 1251 601 1251 724 1251 725 1252 724 1252 202 1252 726 1253 200 1253 718 1253 726 1254 718 1254 602 1254 726 1255 602 1255 601 1255 726 1256 725 1256 200 1256 726 1257 601 1257 725 1257 727 1258 388 1258 389 1258 728 1259 389 1259 600 1259 728 1260 727 1260 389 1260 589 1261 728 1261 600 1261 727 1262 387 1262 388 1262 727 1263 386 1263 387 1263 589 1264 586 1264 728 1264 729 1265 586 1265 588 1265 729 1266 730 1266 731 1266 729 1267 732 1267 730 1267 729 1268 588 1268 732 1268 729 1269 731 1269 173 1269 733 1270 173 1270 174 1270 733 1271 385 1271 386 1271 733 1272 174 1272 385 1272 733 1273 727 1273 728 1273 733 1274 586 1274 729 1274 733 1275 729 1275 173 1275 733 1276 386 1276 727 1276 733 1277 728 1277 586 1277 734 1278 612 1278 735 1278 734 1279 735 1279 736 1279 737 1280 588 1280 612 1280 737 1281 612 1281 734 1281 737 1282 734 1282 736 1282 738 1283 736 1283 731 1283 738 1284 731 1284 730 1284 738 1285 730 1285 732 1285 738 1286 732 1286 588 1286 738 1287 588 1287 737 1287 738 1288 737 1288 736 1288 739 1289 612 1289 624 1289 735 1290 612 1290 739 1290 740 1291 741 1291 582 1291 581 1292 740 1292 582 1292 742 1293 632 1293 743 1293 742 1294 633 1294 632 1294 585 1295 744 1295 584 1295 584 1296 744 1296 745 1296 746 1297 635 1297 747 1297 747 1298 635 1298 636 1298 748 1299 608 1299 749 1299 748 1300 749 1300 750 1300 751 1301 750 1301 752 1301 751 1302 748 1302 750 1302 753 1303 752 1303 754 1303 753 1304 751 1304 752 1304 745 1305 754 1305 755 1305 745 1306 753 1306 754 1306 584 1307 745 1307 755 1307 579 1308 755 1308 756 1308 579 1309 584 1309 755 1309 580 1310 579 1310 756 1310 581 1311 756 1311 757 1311 581 1312 757 1312 758 1312 581 1313 580 1313 756 1313 740 1314 581 1314 758 1314 740 1315 758 1315 759 1315 740 1316 759 1316 760 1316 761 1317 760 1317 762 1317 761 1318 740 1318 760 1318 763 1319 761 1319 762 1319 764 1320 761 1320 763 1320 765 1321 764 1321 763 1321 766 1322 764 1322 765 1322 767 1323 766 1323 765 1323 768 1324 766 1324 767 1324 769 1325 768 1325 767 1325 770 1326 768 1326 769 1326 771 1327 770 1327 769 1327 772 1328 770 1328 771 1328 773 1329 772 1329 771 1329 774 1330 772 1330 773 1330 775 1331 774 1331 773 1331 776 1332 774 1332 775 1332 777 1333 776 1333 775 1333 778 1334 776 1334 777 1334 779 1335 778 1335 777 1335 779 1336 777 1336 780 1336 781 1337 779 1337 780 1337 782 1338 779 1338 781 1338 783 1339 782 1339 781 1339 741 1340 782 1340 783 1340 741 1341 783 1341 784 1341 741 1342 784 1342 785 1342 741 1343 785 1343 786 1343 582 1344 741 1344 786 1344 582 1345 786 1345 787 1345 582 1346 787 1346 788 1346 578 1347 582 1347 788 1347 583 1348 788 1348 789 1348 583 1349 578 1349 788 1349 585 1350 583 1350 789 1350 744 1351 585 1351 789 1351 790 1352 744 1352 789 1352 791 1353 744 1353 790 1353 792 1354 791 1354 790 1354 793 1355 791 1355 792 1355 794 1356 793 1356 792 1356 795 1357 793 1357 794 1357 796 1358 795 1358 794 1358 596 1359 795 1359 796 1359 796 1360 797 1360 596 1360 596 1361 797 1361 595 1361 797 1362 798 1362 595 1362 798 1363 613 1363 595 1363 613 1364 799 1364 621 1364 621 1365 799 1365 622 1365 622 1366 799 1366 623 1366 623 1367 799 1367 624 1367 798 1368 799 1368 613 1368 799 1369 800 1369 624 1369 800 1370 739 1370 624 1370 800 1371 801 1371 739 1371 739 1372 802 1372 681 1372 801 1373 802 1373 739 1373 681 1374 803 1374 679 1374 802 1375 803 1375 681 1375 679 1376 804 1376 678 1376 678 1377 804 1377 677 1377 677 1378 804 1378 676 1378 676 1379 804 1379 668 1379 803 1380 804 1380 679 1380 804 1381 805 1381 668 1381 805 1382 649 1382 668 1382 805 1383 806 1383 649 1383 806 1384 654 1384 649 1384 806 1385 807 1385 654 1385 808 1386 749 1386 608 1386 808 1387 608 1387 607 1387 809 1388 808 1388 607 1388 615 1389 809 1389 607 1389 810 1390 626 1390 625 1390 810 1391 627 1391 626 1391 810 1392 628 1392 627 1392 810 1393 615 1393 628 1393 810 1394 809 1394 615 1394 811 1395 810 1395 625 1395 716 1396 811 1396 625 1396 812 1397 811 1397 716 1397 707 1398 812 1398 716 1398 813 1399 812 1399 707 1399 814 1400 707 1400 675 1400 814 1401 813 1401 707 1401 815 1402 672 1402 662 1402 815 1403 673 1403 672 1403 815 1404 674 1404 673 1404 815 1405 675 1405 674 1405 815 1406 814 1406 675 1406 816 1407 815 1407 662 1407 646 1408 816 1408 662 1408 817 1409 816 1409 646 1409 647 1410 817 1410 646 1410 818 1411 817 1411 647 1411 819 1412 818 1412 647 1412 820 1413 818 1413 819 1413 821 1414 820 1414 819 1414 822 1415 820 1415 821 1415 823 1416 822 1416 821 1416 824 1417 822 1417 823 1417 747 1418 824 1418 823 1418 825 1419 747 1419 636 1419 825 1420 636 1420 634 1420 825 1421 824 1421 747 1421 826 1422 629 1422 633 1422 826 1423 634 1423 629 1423 826 1424 825 1424 634 1424 827 1425 826 1425 633 1425 828 1426 633 1426 742 1426 828 1427 827 1427 633 1427 829 1428 828 1428 742 1428 830 1429 829 1429 742 1429 831 1430 830 1430 742 1430 832 1431 830 1431 831 1431 832 1432 831 1432 833 1432 834 1433 832 1433 833 1433 835 1434 834 1434 833 1434 836 1435 834 1435 835 1435 837 1436 836 1436 835 1436 838 1437 836 1437 837 1437 838 1438 837 1438 839 1438 840 1439 838 1439 839 1439 840 1440 839 1440 841 1440 842 1441 840 1441 841 1441 842 1442 841 1442 843 1442 844 1443 842 1443 843 1443 845 1444 842 1444 844 1444 846 1445 845 1445 844 1445 847 1446 845 1446 846 1446 847 1447 846 1447 848 1447 849 1448 847 1448 848 1448 849 1449 848 1449 850 1449 851 1450 849 1450 850 1450 851 1451 850 1451 852 1451 853 1452 852 1452 854 1452 853 1453 851 1453 852 1453 743 1454 853 1454 854 1454 855 1455 853 1455 743 1455 856 1456 855 1456 743 1456 857 1457 743 1457 632 1457 857 1458 856 1458 743 1458 858 1459 857 1459 632 1459 859 1460 858 1460 632 1460 859 1461 631 1461 630 1461 859 1462 632 1462 631 1462 860 1463 635 1463 746 1463 860 1464 859 1464 630 1464 860 1465 630 1465 635 1465 861 1466 746 1466 862 1466 861 1467 860 1467 746 1467 863 1468 862 1468 864 1468 863 1469 861 1469 862 1469 865 1470 864 1470 866 1470 865 1471 863 1471 864 1471 807 1472 866 1472 654 1472 807 1473 865 1473 866 1473 815 1474 867 1474 814 1474 868 1475 806 1475 805 1475 868 1476 869 1476 806 1476 870 1477 871 1477 869 1477 870 1478 869 1478 868 1478 872 1479 868 1479 805 1479 873 1480 805 1480 804 1480 873 1481 804 1481 874 1481 873 1482 872 1482 805 1482 875 1483 871 1483 870 1483 875 1484 870 1484 868 1484 875 1485 868 1485 872 1485 876 1486 874 1486 871 1486 876 1487 873 1487 874 1487 876 1488 872 1488 873 1488 876 1489 871 1489 875 1489 876 1490 875 1490 872 1490 877 1491 878 1491 879 1491 880 1492 881 1492 817 1492 880 1493 817 1493 818 1493 880 1494 818 1494 882 1494 880 1495 882 1495 878 1495 880 1496 878 1496 877 1496 880 1497 877 1497 881 1497 883 1498 879 1498 884 1498 883 1499 885 1499 886 1499 883 1500 884 1500 885 1500 887 1501 886 1501 881 1501 887 1502 883 1502 886 1502 887 1503 877 1503 879 1503 887 1504 881 1504 877 1504 887 1505 879 1505 883 1505 888 1506 889 1506 890 1506 888 1507 890 1507 807 1507 888 1508 807 1508 806 1508 888 1509 806 1509 869 1509 891 1510 892 1510 889 1510 891 1511 888 1511 869 1511 891 1512 889 1512 888 1512 893 1513 869 1513 871 1513 893 1514 891 1514 869 1514 893 1515 892 1515 891 1515 894 1516 895 1516 896 1516 894 1517 871 1517 895 1517 894 1518 896 1518 892 1518 894 1519 893 1519 871 1519 894 1520 892 1520 893 1520 897 1521 881 1521 886 1521 898 1522 816 1522 817 1522 898 1523 817 1523 881 1523 898 1524 881 1524 897 1524 899 1525 897 1525 886 1525 899 1526 898 1526 897 1526 900 1527 886 1527 867 1527 900 1528 899 1528 886 1528 901 1529 816 1529 898 1529 901 1530 898 1530 899 1530 901 1531 899 1531 900 1531 902 1532 867 1532 815 1532 902 1533 815 1533 816 1533 902 1534 900 1534 867 1534 902 1535 816 1535 901 1535 902 1536 901 1536 900 1536 857 1537 829 1537 856 1537 858 1538 828 1538 857 1538 857 1539 828 1539 829 1539 858 1540 827 1540 828 1540 859 1541 826 1541 858 1541 858 1542 826 1542 827 1542 804 1543 803 1543 874 1543 811 1544 903 1544 810 1544 758 1545 785 1545 759 1545 757 1546 786 1546 758 1546 758 1547 786 1547 785 1547 757 1548 787 1548 786 1548 756 1549 788 1549 757 1549 757 1550 788 1550 787 1550 904 1551 905 1551 906 1551 907 1552 908 1552 797 1552 907 1553 797 1553 796 1553 907 1554 796 1554 909 1554 907 1555 909 1555 905 1555 907 1556 905 1556 904 1556 907 1557 904 1557 908 1557 910 1558 906 1558 911 1558 910 1559 912 1559 913 1559 910 1560 911 1560 912 1560 914 1561 913 1561 908 1561 914 1562 910 1562 913 1562 914 1563 904 1563 906 1563 914 1564 908 1564 904 1564 914 1565 906 1565 910 1565 915 1566 916 1566 917 1566 918 1567 808 1567 919 1567 918 1568 917 1568 920 1568 918 1569 920 1569 749 1569 918 1570 749 1570 808 1570 918 1571 915 1571 917 1571 918 1572 919 1572 915 1572 921 1573 922 1573 923 1573 921 1574 924 1574 922 1574 921 1575 923 1575 916 1575 925 1576 919 1576 924 1576 925 1577 916 1577 915 1577 925 1578 924 1578 921 1578 925 1579 921 1579 916 1579 925 1580 915 1580 919 1580 926 1581 908 1581 913 1581 927 1582 798 1582 797 1582 927 1583 797 1583 908 1583 927 1584 908 1584 926 1584 928 1585 926 1585 913 1585 929 1586 913 1586 930 1586 929 1587 928 1587 913 1587 931 1588 798 1588 927 1588 931 1589 927 1589 926 1589 931 1590 926 1590 928 1590 932 1591 930 1591 799 1591 932 1592 799 1592 798 1592 932 1593 929 1593 930 1593 932 1594 798 1594 931 1594 932 1595 928 1595 929 1595 932 1596 931 1596 928 1596 933 1597 903 1597 924 1597 934 1598 933 1598 924 1598 935 1599 809 1599 810 1599 935 1600 810 1600 903 1600 935 1601 933 1601 934 1601 935 1602 903 1602 933 1602 936 1603 924 1603 919 1603 936 1604 934 1604 924 1604 937 1605 935 1605 934 1605 937 1606 809 1606 935 1606 938 1607 808 1607 809 1607 938 1608 919 1608 808 1608 938 1609 934 1609 936 1609 938 1610 809 1610 937 1610 938 1611 936 1611 919 1611 938 1612 937 1612 934 1612 930 1613 800 1613 799 1613 867 1614 939 1614 814 1614 814 1615 939 1615 813 1615 939 1616 940 1616 813 1616 940 1617 941 1617 813 1617 942 1618 939 1618 867 1618 942 1619 940 1619 939 1619 942 1620 941 1620 940 1620 942 1621 943 1621 941 1621 944 1622 867 1622 886 1622 944 1623 942 1623 867 1623 944 1624 943 1624 942 1624 945 1625 886 1625 946 1625 945 1626 946 1626 943 1626 945 1627 943 1627 944 1627 945 1628 944 1628 886 1628 947 1629 946 1629 886 1629 947 1630 886 1630 885 1630 947 1631 948 1631 946 1631 949 1632 885 1632 884 1632 949 1633 884 1633 950 1633 949 1634 950 1634 951 1634 949 1635 951 1635 948 1635 949 1636 947 1636 885 1636 949 1637 948 1637 947 1637 884 1638 896 1638 950 1638 896 1639 952 1639 950 1639 950 1640 953 1640 951 1640 952 1641 953 1641 950 1641 951 1642 954 1642 948 1642 953 1643 954 1643 951 1643 895 1644 952 1644 896 1644 955 1645 895 1645 871 1645 956 1646 955 1646 957 1646 956 1647 957 1647 958 1647 956 1648 958 1648 954 1648 956 1649 953 1649 952 1649 956 1650 954 1650 953 1650 956 1651 952 1651 895 1651 956 1652 895 1652 955 1652 959 1653 874 1653 960 1653 959 1654 960 1654 961 1654 962 1655 871 1655 874 1655 962 1656 959 1656 961 1656 962 1657 874 1657 959 1657 963 1658 961 1658 958 1658 963 1659 955 1659 871 1659 963 1660 957 1660 955 1660 963 1661 958 1661 957 1661 963 1662 871 1662 962 1662 963 1663 962 1663 961 1663 874 1664 802 1664 960 1664 803 1665 802 1665 874 1665 964 1666 801 1666 965 1666 966 1667 801 1667 964 1667 965 1668 800 1668 930 1668 801 1669 800 1669 965 1669 967 1670 965 1670 930 1670 967 1671 964 1671 965 1671 967 1672 966 1672 964 1672 967 1673 968 1673 966 1673 969 1674 930 1674 913 1674 969 1675 967 1675 930 1675 969 1676 968 1676 967 1676 970 1677 913 1677 971 1677 970 1678 971 1678 968 1678 970 1679 969 1679 913 1679 970 1680 968 1680 969 1680 972 1681 971 1681 913 1681 972 1682 913 1682 912 1682 972 1683 973 1683 971 1683 974 1684 912 1684 911 1684 974 1685 911 1685 975 1685 974 1686 975 1686 976 1686 974 1687 976 1687 973 1687 974 1688 972 1688 912 1688 974 1689 973 1689 972 1689 973 1690 976 1690 977 1690 977 1691 976 1691 978 1691 979 1692 975 1692 923 1692 978 1693 975 1693 979 1693 976 1694 975 1694 978 1694 975 1695 911 1695 923 1695 922 1696 979 1696 923 1696 980 1697 924 1697 981 1697 980 1698 981 1698 977 1698 980 1699 978 1699 979 1699 980 1700 977 1700 978 1700 980 1701 922 1701 924 1701 980 1702 979 1702 922 1702 982 1703 983 1703 981 1703 982 1704 981 1704 924 1704 984 1705 924 1705 903 1705 984 1706 982 1706 924 1706 984 1707 983 1707 982 1707 985 1708 986 1708 983 1708 985 1709 984 1709 903 1709 985 1710 983 1710 984 1710 987 1711 903 1711 986 1711 987 1712 985 1712 903 1712 987 1713 986 1713 985 1713 986 1714 903 1714 812 1714 812 1715 903 1715 811 1715 860 1716 825 1716 826 1716 859 1717 860 1717 826 1717 788 1718 756 1718 755 1718 789 1719 788 1719 755 1719 784 1720 760 1720 785 1720 760 1721 759 1721 785 1721 856 1722 829 1722 855 1722 829 1723 830 1723 855 1723 565 1724 753 1724 745 1724 566 1725 565 1725 745 1725 1 1726 748 1726 751 1726 1 1727 751 1727 753 1727 1 1728 753 1728 565 1728 569 1729 566 1729 745 1729 609 1730 608 1730 748 1730 609 1731 748 1731 1 1731 604 1732 609 1732 1 1732 744 1733 572 1733 569 1733 744 1734 575 1734 572 1734 744 1735 569 1735 745 1735 3 1736 599 1736 604 1736 3 1737 604 1737 1 1737 551 1738 599 1738 3 1738 600 1739 599 1739 551 1739 791 1740 11 1740 575 1740 791 1741 575 1741 744 1741 553 1742 600 1742 551 1742 556 1743 600 1743 553 1743 793 1744 11 1744 791 1744 593 1745 10 1745 11 1745 590 1746 560 1746 10 1746 590 1747 10 1747 593 1747 597 1748 793 1748 795 1748 597 1749 11 1749 793 1749 597 1750 593 1750 11 1750 589 1751 556 1751 561 1751 589 1752 561 1752 560 1752 589 1753 560 1753 590 1753 596 1754 597 1754 795 1754 589 1755 600 1755 556 1755 866 1756 653 1756 654 1756 537 1757 660 1757 657 1757 537 1758 539 1758 660 1758 542 1759 660 1759 539 1759 12 1760 657 1760 652 1760 12 1761 537 1761 657 1761 640 1762 542 1762 547 1762 640 1763 660 1763 542 1763 546 1764 640 1764 547 1764 641 1765 546 1765 23 1765 641 1766 640 1766 546 1766 13 1767 652 1767 653 1767 13 1768 866 1768 864 1768 13 1769 864 1769 862 1769 13 1770 653 1770 866 1770 13 1771 12 1771 652 1771 644 1772 641 1772 23 1772 523 1773 862 1773 746 1773 523 1774 13 1774 862 1774 524 1775 523 1775 746 1775 22 1776 648 1776 644 1776 22 1777 644 1777 23 1777 527 1778 524 1778 746 1778 819 1779 647 1779 648 1779 821 1780 648 1780 22 1780 821 1781 819 1781 648 1781 823 1782 22 1782 533 1782 823 1783 821 1783 22 1783 747 1784 533 1784 530 1784 747 1785 530 1785 527 1785 747 1786 823 1786 533 1786 746 1787 747 1787 527 1787 890 1788 865 1788 807 1788 896 1789 474 1789 892 1789 489 1790 474 1790 896 1790 896 1791 484 1791 489 1791 892 1792 470 1792 889 1792 474 1793 470 1793 892 1793 484 1794 884 1794 480 1794 896 1795 884 1795 484 1795 884 1796 478 1796 480 1796 478 1797 879 1797 472 1797 884 1798 879 1798 478 1798 889 1799 451 1799 890 1799 865 1800 451 1800 863 1800 863 1801 451 1801 861 1801 890 1802 451 1802 865 1802 470 1803 451 1803 889 1803 861 1804 450 1804 860 1804 451 1805 450 1805 861 1805 879 1806 878 1806 472 1806 450 1807 454 1807 860 1807 878 1808 445 1808 472 1808 454 1809 458 1809 860 1809 818 1810 820 1810 882 1810 882 1811 822 1811 878 1811 878 1812 822 1812 445 1812 820 1813 822 1813 882 1813 445 1814 824 1814 443 1814 822 1815 824 1815 445 1815 463 1816 825 1816 458 1816 443 1817 825 1817 463 1817 824 1818 825 1818 443 1818 825 1819 860 1819 458 1819 789 1820 422 1820 790 1820 437 1821 422 1821 789 1821 789 1822 432 1822 437 1822 790 1823 391 1823 792 1823 422 1824 391 1824 790 1824 792 1825 909 1825 794 1825 794 1826 909 1826 796 1826 792 1827 905 1827 909 1827 391 1828 905 1828 792 1828 429 1829 755 1829 419 1829 432 1830 755 1830 429 1830 905 1831 393 1831 906 1831 391 1832 393 1832 905 1832 393 1833 403 1833 906 1833 403 1834 911 1834 906 1834 419 1835 754 1835 420 1835 755 1836 754 1836 419 1836 403 1837 405 1837 911 1837 754 1838 752 1838 420 1838 405 1839 409 1839 911 1839 752 1840 750 1840 420 1840 420 1841 917 1841 399 1841 399 1842 916 1842 397 1842 917 1843 916 1843 399 1843 750 1844 920 1844 420 1844 420 1845 920 1845 917 1845 414 1846 923 1846 409 1846 397 1847 923 1847 414 1847 409 1848 923 1848 911 1848 916 1849 923 1849 397 1849 750 1850 749 1850 920 1850 789 1851 755 1851 432 1851 966 1852 802 1852 801 1852 968 1853 960 1853 966 1853 966 1854 960 1854 802 1854 971 1855 961 1855 968 1855 968 1856 961 1856 960 1856 973 1857 958 1857 971 1857 971 1858 958 1858 961 1858 973 1859 954 1859 958 1859 981 1860 948 1860 977 1860 977 1861 948 1861 973 1861 973 1862 948 1862 954 1862 983 1863 946 1863 981 1863 981 1864 946 1864 948 1864 986 1865 943 1865 983 1865 983 1866 943 1866 946 1866 812 1867 941 1867 986 1867 986 1868 941 1868 943 1868 812 1869 813 1869 941 1869 54 1870 766 1870 768 1870 54 1871 768 1871 770 1871 57 1872 764 1872 766 1872 57 1873 766 1873 54 1873 53 1874 770 1874 772 1874 53 1875 772 1875 774 1875 53 1876 54 1876 770 1876 58 1877 740 1877 761 1877 58 1878 761 1878 764 1878 58 1879 764 1879 57 1879 51 1880 53 1880 774 1880 776 1881 51 1881 774 1881 46 1882 740 1882 58 1882 49 1883 51 1883 776 1883 778 1884 49 1884 776 1884 779 1885 47 1885 49 1885 779 1886 49 1886 778 1886 782 1887 47 1887 779 1887 741 1888 46 1888 47 1888 741 1889 47 1889 782 1889 741 1890 740 1890 46 1890 71 1891 841 1891 839 1891 71 1892 839 1892 837 1892 72 1893 837 1893 835 1893 72 1894 835 1894 833 1894 72 1895 71 1895 837 1895 69 1896 844 1896 843 1896 69 1897 843 1897 841 1897 69 1898 841 1898 71 1898 75 1899 833 1899 831 1899 75 1900 831 1900 742 1900 75 1901 72 1901 833 1901 66 1902 846 1902 844 1902 66 1903 844 1903 69 1903 848 1904 846 1904 66 1904 60 1905 75 1905 742 1905 64 1906 848 1906 66 1906 850 1907 848 1907 64 1907 852 1908 64 1908 61 1908 852 1909 850 1909 64 1909 854 1910 852 1910 61 1910 743 1911 61 1911 60 1911 743 1912 60 1912 742 1912 743 1913 854 1913 61 1913 842 1914 70 1914 840 1914 840 1915 70 1915 838 1915 845 1916 68 1916 842 1916 842 1917 68 1917 70 1917 838 1918 73 1918 836 1918 836 1919 73 1919 834 1919 70 1920 73 1920 838 1920 845 1921 67 1921 68 1921 834 1922 74 1922 832 1922 832 1923 74 1923 830 1923 73 1924 74 1924 834 1924 845 1925 847 1925 67 1925 847 1926 65 1926 67 1926 74 1927 62 1927 830 1927 847 1928 849 1928 65 1928 65 1929 851 1929 63 1929 849 1930 851 1930 65 1930 851 1931 853 1931 63 1931 63 1932 855 1932 62 1932 62 1933 855 1933 830 1933 853 1934 855 1934 63 1934 767 1935 55 1935 769 1935 769 1936 52 1936 771 1936 771 1937 52 1937 773 1937 55 1938 52 1938 769 1938 763 1939 56 1939 765 1939 765 1940 56 1940 767 1940 767 1941 56 1941 55 1941 760 1942 59 1942 762 1942 762 1943 59 1943 763 1943 763 1944 59 1944 56 1944 52 1945 50 1945 773 1945 50 1946 775 1946 773 1946 50 1947 48 1947 775 1947 760 1948 44 1948 59 1948 48 1949 777 1949 775 1949 45 1950 780 1950 48 1950 48 1951 780 1951 777 1951 45 1952 781 1952 780 1952 45 1953 783 1953 781 1953 44 1954 784 1954 45 1954 45 1955 784 1955 783 1955 760 1956 784 1956 44 1956 178 1957 731 1957 736 1957 178 1958 736 1958 735 1958 191 1959 178 1959 735 1959 195 1960 735 1960 739 1960 195 1961 191 1961 735 1961 188 1962 195 1962 739 1962 189 1963 188 1963 739 1963 681 1964 223 1964 219 1964 681 1965 219 1965 206 1965 681 1966 206 1966 189 1966 681 1967 189 1967 739 1967 683 1968 217 1968 216 1968 683 1969 216 1969 223 1969 683 1970 223 1970 681 1970 688 1971 217 1971 683 1971 686 1972 217 1972 688 1972 232 1973 686 1973 692 1973 232 1974 692 1974 693 1974 232 1975 693 1975 698 1975 232 1976 217 1976 686 1976 178 1977 173 1977 731 1977 201 1978 715 1978 719 1978 201 1979 719 1979 718 1979 207 1980 715 1980 201 1980 212 1981 716 1981 715 1981 212 1982 715 1982 207 1982 209 1983 716 1983 212 1983 208 1984 716 1984 209 1984 228 1985 716 1985 208 1985 711 1986 236 1986 703 1986 709 1987 240 1987 237 1987 709 1988 237 1988 236 1988 709 1989 236 1989 711 1989 707 1990 228 1990 235 1990 707 1991 235 1991 240 1991 707 1992 716 1992 228 1992 707 1993 240 1993 709 1993 200 1994 201 1994 718 1994 236 1995 253 1995 703 1995</p>
        </triangles>
      </mesh>
    </geometry>
    <geometry id="geometry1" name="caster wheels cy v007">
      <mesh>
        <source id="cubeverts-array1">
          <float_array count="9651" id="cubeverts-array1-array">-0.1734409 -0.3127507 -0.104558 -0.1668145 -0.3127533 -0.1029209 -0.1734409 -0.3097701 -0.1027716 -0.16 -0.3122226 -0.1020461 -0.16 -0.3137719 -0.1030269 -0.1668145 -0.3112046 -0.1019929 -0.16 -0.3001307 -0.09742373 -0.1565808 -0.3037081 -0.09842106 -0.1531855 -0.3000433 -0.097882 -0.16 -0.3073343 -0.09958597 -0.1634192 -0.3037072 -0.0984208 -0.1668145 -0.3135133 -0.1034152 -0.1668145 -0.3142561 -0.1039248 -0.16 -0.315265 -0.1040783 -0.1668145 -0.3157066 -0.1050004 -0.1734409 -0.3155418 -0.106628 -0.16 -0.3167091 -0.1052052 -0.1668145 -0.3164132 -0.1055659 -0.1668145 -0.3171033 -0.1061465 -0.16 -0.3180927 -0.1063986 -0.1668145 -0.3184413 -0.1073591 -0.1734409 -0.3181165 -0.1089617 -0.16 -0.3194183 -0.1076606 -0.1498375 -0.3034437 -0.09930914 -0.1465591 -0.2999862 -0.09927082 -0.1465591 -0.3033571 -0.1001152 -0.1465591 -0.3066288 -0.1012858 -0.1668145 -0.3190882 -0.1079904 -0.1531855 -0.3071566 -0.1000173 -0.1668145 -0.3197191 -0.108637 -0.1734409 -0.3204501 -0.1115364 -0.16 -0.3206797 -0.1089856 -0.1531855 -0.3079812 -0.1003708 -0.16 -0.3089991 -0.1003238 -0.1465591 -0.3097701 -0.1027716 -0.1668145 -0.3209317 -0.109975 -0.16 -0.3218732 -0.1103693 -0.1531855 -0.3096108 -0.1011413 -0.16 -0.3106365 -0.1011478 -0.1668145 -0.3215124 -0.110665 -0.1531855 -0.3104159 -0.1015589 -0.1734409 -0.3225202 -0.1143275 -0.1668145 -0.3220779 -0.1113717 -0.16 -0.323 -0.1118133 -0.1531855 -0.3112032 -0.1019921 -0.1465591 -0.3127507 -0.104558 -0.1668145 -0.3231534 -0.1128221 -0.16 -0.3240505 -0.1133051 -0.1531855 -0.3127521 -0.1029201 -0.1668145 -0.3236625 -0.1135643 -0.1531855 -0.3135121 -0.1034144 -0.1668145 -0.3241568 -0.114324 -0.16 -0.3250311 -0.1148539 -0.1531855 -0.3142549 -0.103924 -0.1465591 -0.3155418 -0.106628 -0.1734409 -0.3243066 -0.1173081 -0.1668145 -0.3250849 -0.1158729 -0.16 -0.3259295 -0.1164399 -0.1531855 -0.3157063 -0.1050002 -0.1668145 -0.3255182 -0.1166601 -0.1531855 -0.316413 -0.1055657 -0.1668145 -0.3259364 -0.1174664 -0.16 -0.3267547 -0.1180798 -0.1531855 -0.3171031 -0.1061463 -0.1734409 -0.3257924 -0.1204493 -0.1668145 -0.3267082 -0.1190988 -0.16 -0.3274924 -0.1197442 -0.1531855 -0.3184416 -0.1073595 -0.1465591 -0.3181165 -0.1089617 -0.1668145 -0.3270615 -0.1199232 -0.1531855 -0.3190886 -0.1079907 -0.1734409 -0.3278074 -0.1270919 -0.1701625 -0.3277697 -0.1236366 -0.1734409 -0.326963 -0.1237211 -0.1668145 -0.3291965 -0.1270364 -0.1684861 -0.3292265 -0.1287707 -0.1531855 -0.3197195 -0.1086374 -0.1531855 -0.3209321 -0.1099754 -0.1465591 -0.3204501 -0.1115364 -0.1531855 -0.3215127 -0.1106655 -0.1531855 -0.3220782 -0.1113721 -0.1531855 -0.3231535 -0.1128222 -0.1465591 -0.3225202 -0.1143275 -0.1531855 -0.3236626 -0.1135644 -0.1634192 -0.3286574 -0.123371 -0.1531855 -0.3241568 -0.1143241 -0.1531855 -0.3250846 -0.1158724 -0.1465591 -0.3243066 -0.1173081 -0.1531855 -0.3255179 -0.1166596 -0.1531855 -0.3259361 -0.1174659 -0.1465591 -0.3257924 -0.1204493 -0.1531855 -0.3267078 -0.119098 -0.1531855 -0.3270612 -0.1199224 -0.1565808 -0.3286573 -0.1233706 -0.16 -0.3296545 -0.1269476 -0.1531855 -0.3291963 -0.1270355 -0.1633994 -0.3302125 -0.134 -0.1634192 -0.3300486 -0.1305294 -0.1667831 -0.3298659 -0.134 -0.16 -0.3303282 -0.134 -0.1668145 -0.3294827 -0.1287336 -0.1684861 -0.329433 -0.1304827 -0.1498375 -0.3277693 -0.1236354 -0.1465591 -0.326963 -0.1237211 -0.1465591 -0.3278074 -0.1270919 -0.1515139 -0.3292265 -0.1287705 -0.1566006 -0.3302125 -0.134 -0.1565808 -0.3300486 -0.130529 -0.1532169 -0.3298659 -0.134 -0.1515139 -0.3294332 -0.1304841 -0.1531855 -0.3294827 -0.1287335 -0.1734409 -0.3278074 -0.1409081 -0.1701471 -0.3291194 -0.137487 -0.1734409 -0.3283172 -0.1374707 -0.1734409 -0.3284878 -0.134 -0.1701355 -0.3292901 -0.134 -0.1684861 -0.329433 -0.1375173 -0.1684861 -0.3292265 -0.1392293 -0.1668145 -0.3294827 -0.1392664 -0.1668145 -0.3291965 -0.1409637 -0.1515139 -0.3294332 -0.1375159 -0.1498645 -0.3292901 -0.134 -0.1498529 -0.3291196 -0.1374856 -0.1465591 -0.3284878 -0.134 -0.1465591 -0.3283172 -0.1374707 -0.1465591 -0.3278074 -0.1409081 -0.1515139 -0.3292265 -0.1392295 -0.1531855 -0.3294827 -0.1392665 -0.1531855 -0.3291963 -0.1409645 -0.1734409 -0.3225202 -0.1536725 -0.1668145 -0.3226405 -0.1558882 -0.1668145 -0.3237015 -0.1543773 -0.1734409 -0.3204501 -0.1564636 -0.1668145 -0.3215177 -0.1573284 -0.1734409 -0.3181165 -0.1590383 -0.1668145 -0.3203336 -0.1587014 -0.1668145 -0.319088 -0.1600098 -0.1734409 -0.3155418 -0.161372 -0.1668145 -0.3177796 -0.1612555 -0.1668145 -0.3164066 -0.1624395 -0.1734409 -0.3127507 -0.163442 -0.1668145 -0.3149665 -0.1635622 -0.1668145 -0.3134552 -0.1646235 -0.1465591 -0.3225202 -0.1536725 -0.1531855 -0.3226401 -0.1558886 -0.1465591 -0.3204501 -0.1564636 -0.1531855 -0.323701 -0.1543781 -0.1531855 -0.3215178 -0.1573283 -0.1531855 -0.320334 -0.158701 -0.1465591 -0.3181165 -0.1590383 -0.1531855 -0.3190884 -0.1600095 -0.1531855 -0.3177794 -0.1612557 -0.1465591 -0.3155418 -0.161372 -0.1531855 -0.3164055 -0.1624405 -0.1531855 -0.3149651 -0.1635632 -0.1465591 -0.3127507 -0.163442 -0.1531855 -0.3134568 -0.1646224 -0.1734409 -0.2965489 -0.1692391 -0.1668145 -0.2983444 -0.1704045 -0.1734409 -0.2999862 -0.1687292 -0.1668145 -0.3000416 -0.1701183 -0.1668145 -0.2966225 -0.1706123 -0.1734409 -0.2930782 -0.1694096 -0.1668145 -0.2948611 -0.1707402 -0.1668145 -0.2930782 -0.1707834 -0.1734409 -0.2896075 -0.1692391 -0.1668145 -0.2912952 -0.1707402 -0.1668145 -0.2895339 -0.1706123 -0.1668145 -0.287812 -0.1704045 -0.1734409 -0.2861701 -0.1687292 -0.1668145 -0.2861148 -0.1701183 -0.1531855 -0.3000433 -0.170118 -0.1531855 -0.2983501 -0.1704037 -0.1465591 -0.2999862 -0.1687292 -0.1465591 -0.2965489 -0.1692391 -0.1531855 -0.2966249 -0.1706121 -0.1531855 -0.2948603 -0.1707402 -0.1465591 -0.2930782 -0.1694096 -0.1531855 -0.2930782 -0.1707834 -0.1531855 -0.2912961 -0.1707402 -0.1465591 -0.2896075 -0.1692391 -0.1531855 -0.2895314 -0.170612 -0.1531855 -0.2878062 -0.1704037 -0.1465591 -0.2861701 -0.1687292 -0.1531855 -0.286113 -0.170118 -0.1734409 -0.2706146 -0.161372 -0.1668145 -0.2711899 -0.1635622 -0.1734409 -0.2734057 -0.163442 -0.1668145 -0.2727011 -0.1646235 -0.1668145 -0.2697498 -0.1624395 -0.1734409 -0.2680399 -0.1590383 -0.1668145 -0.2683767 -0.1612555 -0.1668145 -0.2670684 -0.1600098 -0.1734409 -0.2657062 -0.1564636 -0.1668145 -0.2658227 -0.1587014 -0.1668145 -0.2646387 -0.1573284 -0.1734409 -0.2636362 -0.1536725 -0.1668145 -0.2635159 -0.1558882 -0.1668145 -0.2624549 -0.1543773 -0.1465591 -0.2734057 -0.163442 -0.1531855 -0.2711915 -0.1635634 -0.1465591 -0.2706146 -0.161372 -0.1531855 -0.2726995 -0.1646224 -0.1531855 -0.2697514 -0.1624409 -0.1531855 -0.2683772 -0.1612559 -0.1465591 -0.2680399 -0.1590383 -0.1531855 -0.2670672 -0.1600087 -0.1531855 -0.2658208 -0.1586993 -0.1465591 -0.2657062 -0.1564636 -0.1531855 -0.2646381 -0.1573277 -0.1531855 -0.2635191 -0.1558926 -0.1465591 -0.2636362 -0.1536725 -0.1531855 -0.2624601 -0.1543852 -0.1734409 -0.2578391 -0.1374707 -0.1668145 -0.2566737 -0.1392664 -0.1734409 -0.258349 -0.1409081 -0.1668145 -0.2569599 -0.1409637 -0.1668145 -0.2564657 -0.1375423 -0.1734409 -0.2576686 -0.134 -0.1668145 -0.2563382 -0.1357877 -0.1668145 -0.2562947 -0.134 -0.1668145 -0.2563382 -0.1322123 -0.1734409 -0.2578391 -0.1305293 -0.1668145 -0.2564657 -0.1304577 -0.1734409 -0.258349 -0.1270919 -0.1668145 -0.2566737 -0.1287336 -0.1668145 -0.2569599 -0.1270364 -0.1531855 -0.2569616 -0.1409723 -0.1531855 -0.2566739 -0.1392679 -0.1465591 -0.258349 -0.1409081 -0.1465591 -0.2578391 -0.1374707 -0.1531855 -0.2564638 -0.1375229 -0.1531855 -0.2563368 -0.1357576 -0.1465591 -0.2576686 -0.134 -0.1531855 -0.2562947 -0.134 -0.1531855 -0.2563368 -0.1322424 -0.1465591 -0.2578391 -0.1305293 -0.1531855 -0.2564638 -0.1304771 -0.1531855 -0.2566739 -0.1287321 -0.1465591 -0.258349 -0.1270919 -0.1531855 -0.2569616 -0.1270277 -0.1734409 -0.2636362 -0.1143275 -0.1668145 -0.2635159 -0.1121118 -0.1668145 -0.2624549 -0.1136227 -0.1734409 -0.2657062 -0.1115364 -0.1668145 -0.2646387 -0.1106716 -0.1734409 -0.2680399 -0.1089617 -0.1668145 -0.2658227 -0.1092985 -0.1668145 -0.2670684 -0.1079902 -0.1734409 -0.2706146 -0.106628 -0.1668145 -0.2683767 -0.1067445 -0.1668145 -0.2697498 -0.1055605 -0.1734409 -0.2734057 -0.104558 -0.1668145 -0.2711899 -0.1044378 -0.1668145 -0.2727011 -0.1033765 -0.1465591 -0.2636362 -0.1143275 -0.1531855 -0.2635191 -0.1121074 -0.1465591 -0.2657062 -0.1115364 -0.1531855 -0.2624601 -0.1136148 -0.1531855 -0.2646381 -0.1106723 -0.1531855 -0.2658208 -0.1093007 -0.1465591 -0.2680399 -0.1089617 -0.1531855 -0.2670672 -0.1079913 -0.1531855 -0.2683772 -0.1067441 -0.1465591 -0.2706146 -0.106628 -0.1531855 -0.2697514 -0.1055591 -0.1531855 -0.2711915 -0.1044366 -0.1465591 -0.2734057 -0.104558 -0.1531855 -0.2726995 -0.1033776 -0.1734409 -0.2861701 -0.09927082 -0.1668145 -0.287812 -0.09759548 -0.1668145 -0.2861148 -0.09788167 -0.1734409 -0.2896075 -0.09876095 -0.1668145 -0.2895339 -0.0973877 -0.1668145 -0.2912952 -0.09725979 -0.1734409 -0.2930782 -0.09859044 -0.1668145 -0.2930782 -0.09721655 -0.1734409 -0.2965489 -0.09876095 -0.1668145 -0.2948611 -0.09725979 -0.1668145 -0.2966225 -0.0973877 -0.1734409 -0.2999862 -0.09927082 -0.1668145 -0.2983444 -0.09759548 -0.1668145 -0.3000416 -0.09788167 -0.1531855 -0.286113 -0.09788202 -0.1531855 -0.2878062 -0.09759632 -0.1465591 -0.2861701 -0.09927082 -0.1465591 -0.2896075 -0.09876095 -0.1531855 -0.2895314 -0.09738795 -0.1531855 -0.2912961 -0.09725974 -0.1465591 -0.2930782 -0.09859044 -0.1531855 -0.2930782 -0.09721655 -0.1531855 -0.2948603 -0.09725974 -0.1465591 -0.2965489 -0.09876095 -0.1531855 -0.2966249 -0.09738794 -0.1531855 -0.2983501 -0.0975963 -0.1701471 -0.3291194 -0.130513 -0.1734409 -0.3283172 -0.1305293 -0.1498529 -0.3291196 -0.1305144 -0.1465591 -0.3283172 -0.1305293 -0.1634192 -0.3300486 -0.1374706 -0.1734409 -0.3257924 -0.1475507 -0.1701625 -0.3277697 -0.1443634 -0.1734409 -0.326963 -0.1442789 -0.1565808 -0.3300486 -0.137471 -0.16 -0.3296545 -0.1410524 -0.1634192 -0.3286574 -0.144629 -0.1701625 -0.3250376 -0.1510145 -0.1734409 -0.3243066 -0.150692 -0.1668145 -0.3270615 -0.1480768 -0.16 -0.3274924 -0.1482558 -0.1565808 -0.3286573 -0.1446294 -0.1634192 -0.3258553 -0.1514504 -0.1498375 -0.3277693 -0.1443646 -0.1465591 -0.326963 -0.1442789 -0.1465591 -0.3257924 -0.1475507 -0.1634192 -0.3218106 -0.1575224 -0.16 -0.3240897 -0.1546361 -0.16 -0.3194179 -0.1603397 -0.1565808 -0.3258551 -0.1514507 -0.1531855 -0.3270612 -0.1480776 -0.1634192 -0.3212078 -0.1582401 -0.1634192 -0.3173184 -0.1621295 -0.1734409 -0.3066288 -0.1667142 -0.1701625 -0.3100923 -0.1659596 -0.1734409 -0.3097701 -0.1652284 -0.1634192 -0.3166005 -0.1627325 -0.1565808 -0.3218103 -0.1575228 -0.1498375 -0.325037 -0.1510157 -0.1465591 -0.3243066 -0.150692 -0.1565808 -0.3212076 -0.1582403 -0.1565808 -0.3173177 -0.1621301 -0.1668145 -0.3071549 -0.1679834 -0.16 -0.3073343 -0.168414 -0.1634192 -0.3105286 -0.1667771 -0.16 -0.3137145 -0.1650114 -0.1565808 -0.3166013 -0.1627319 -0.1701625 -0.3034412 -0.1686916 -0.1734409 -0.3033571 -0.1678848 -0.1565808 -0.3105294 -0.1667767 -0.1634192 -0.3037072 -0.1695792 -0.1531855 -0.3071566 -0.1679827 -0.1465591 -0.3066288 -0.1667142 -0.1498375 -0.3100948 -0.1659583 -0.1465591 -0.3097701 -0.1652284 -0.1565808 -0.3037081 -0.1695789 -0.16 -0.3001307 -0.1705763 -0.1634192 -0.2965486 -0.1709704 -0.16 -0.2930782 -0.17125 -0.1498375 -0.3034437 -0.1686909 -0.1465591 -0.3033571 -0.1678848 -0.1565808 -0.2965495 -0.1709704 -0.1634192 -0.2896078 -0.1709704 -0.1701625 -0.2827152 -0.1686916 -0.1734409 -0.2795275 -0.1667142 -0.1734409 -0.2827993 -0.1678848 -0.1565808 -0.2896069 -0.1709703 -0.16 -0.2860256 -0.1705763 -0.1634192 -0.2824491 -0.1695792 -0.1701625 -0.2760641 -0.1659596 -0.1734409 -0.2763862 -0.1652284 -0.1668145 -0.2790014 -0.1679833 -0.16 -0.278822 -0.168414 -0.1565808 -0.2824482 -0.1695789 -0.1634192 -0.2756277 -0.1667771 -0.1498375 -0.2827126 -0.1686908 -0.1465591 -0.2827993 -0.1678848 -0.1465591 -0.2795275 -0.1667142 -0.1634192 -0.2695559 -0.1627325 -0.16 -0.2724418 -0.1650114 -0.16 -0.2667385 -0.1603397 -0.1565808 -0.2756269 -0.1667766 -0.1531855 -0.2789996 -0.1679826 -0.1634192 -0.268838 -0.1621295 -0.1634192 -0.2649486 -0.1582401 -0.1734409 -0.260364 -0.1475507 -0.1701625 -0.2611187 -0.1510145 -0.1734409 -0.2618497 -0.150692 -0.1634192 -0.2643458 -0.1575224 -0.1565808 -0.2695551 -0.1627319 -0.1498375 -0.2760615 -0.1659583 -0.1465591 -0.2763862 -0.1652284 -0.1565808 -0.2688388 -0.1621302 -0.1565808 -0.2649504 -0.1582422 -0.1668145 -0.2590965 -0.1480807 -0.1634192 -0.2603031 -0.1514541 -0.16 -0.2586673 -0.1482636 -0.16 -0.2620691 -0.1546398 -0.1565808 -0.2643488 -0.1575262 -0.1701625 -0.2583867 -0.1443634 -0.1734409 -0.2591934 -0.1442789 -0.1565808 -0.2603053 -0.1514583 -0.1634192 -0.2575002 -0.144633 -0.1531855 -0.2591 -0.1480892 -0.1465591 -0.260364 -0.1475507 -0.1498375 -0.2611253 -0.1510268 -0.1465591 -0.2618497 -0.150692 -0.1565808 -0.2575015 -0.1446373 -0.16 -0.2565027 -0.1410563 -0.1634192 -0.2561078 -0.1374706 -0.16 -0.2558282 -0.134 -0.1498375 -0.2583905 -0.1443761 -0.1465591 -0.2591934 -0.1442789 -0.1565808 -0.2561082 -0.1374748 -0.1634192 -0.2561078 -0.1305294 -0.1701625 -0.2583867 -0.1236366 -0.1734409 -0.260364 -0.1204493 -0.1734409 -0.2591934 -0.1237211 -0.1565808 -0.2561082 -0.1305252 -0.16 -0.2565027 -0.1269437 -0.1634192 -0.2575002 -0.123367 -0.1701625 -0.2611187 -0.1169855 -0.1734409 -0.2618497 -0.1173081 -0.1668145 -0.2590965 -0.1199193 -0.16 -0.2586673 -0.1197364 -0.1565808 -0.2575015 -0.1233627 -0.1634192 -0.2603031 -0.1165458 -0.1498375 -0.2583905 -0.1236239 -0.1465591 -0.2591934 -0.1237211 -0.1465591 -0.260364 -0.1204493 -0.1634192 -0.2643458 -0.1104776 -0.16 -0.2620691 -0.1133602 -0.16 -0.2667385 -0.1076603 -0.1565808 -0.2603053 -0.1165417 -0.1531855 -0.2591 -0.1199108 -0.1634192 -0.2649486 -0.1097599 -0.1634192 -0.268838 -0.1058705 -0.1701625 -0.2760641 -0.1020404 -0.1734409 -0.2795275 -0.1012858 -0.1734409 -0.2763862 -0.1027716 -0.1634192 -0.2695559 -0.1052675 -0.1565808 -0.2643488 -0.1104738 -0.1498375 -0.2611253 -0.1169732 -0.1465591 -0.2618497 -0.1173081 -0.1565808 -0.2649504 -0.1097578 -0.1565808 -0.2688388 -0.1058698 -0.1668145 -0.2790014 -0.1000167 -0.1634192 -0.2756277 -0.1012229 -0.16 -0.278822 -0.09958601 -0.16 -0.2724418 -0.1029887 -0.1565808 -0.2695551 -0.1052681 -0.1701625 -0.2827152 -0.09930838 -0.1734409 -0.2827993 -0.1001152 -0.1565808 -0.2756269 -0.1012234 -0.1634192 -0.2824491 -0.09842081 -0.1531855 -0.2789996 -0.1000174 -0.1498375 -0.2760615 -0.1020417 -0.1465591 -0.2795275 -0.1012858 -0.1465591 -0.2763862 -0.1027716 -0.1565808 -0.2824482 -0.09842108 -0.16 -0.2860256 -0.09742374 -0.1634192 -0.2896078 -0.09702957 -0.16 -0.2930782 -0.09675 -0.1498375 -0.2827126 -0.09930917 -0.1465591 -0.2827993 -0.1001152 -0.1565808 -0.2896069 -0.09702966 -0.1634192 -0.2965486 -0.09702957 -0.1734409 -0.3066288 -0.1012858 -0.1701625 -0.3034412 -0.09930838 -0.1734409 -0.3033571 -0.1001152 -0.1565808 -0.2965495 -0.09702966 -0.1668145 -0.3071549 -0.1000166 -0.1668145 -0.3079795 -0.10037 -0.1668145 -0.3096123 -0.1011421 -0.1668145 -0.3104174 -0.1015597 -0.1436395 -0.2807907 -0.1308694 -0.1431785 -0.2807907 -0.1308694 -0.1436395 -0.2820197 -0.1277959 -0.1431785 -0.282091 -0.1276704 -0.1436395 -0.2840022 -0.1251451 -0.1431785 -0.2842061 -0.1249408 -0.1436395 -0.2866033 -0.1230978 -0.1431785 -0.2869793 -0.1228831 -0.1436395 -0.2896456 -0.1217934 -0.1431785 -0.2902048 -0.1216499 -0.1436395 -0.2929219 -0.121321 -0.1431785 -0.2936433 -0.1213326 -0.1436395 -0.2962088 -0.1217125 -0.1431785 -0.29704 -0.1219548 -0.1436395 -0.2992823 -0.1229415 -0.1431785 -0.3001429 -0.1234704 -0.1436395 -0.3019331 -0.124924 -0.1431785 -0.3027217 -0.1257669 -0.1436395 -0.3039804 -0.1275251 -0.1431785 -0.3045854 -0.128674 -0.1436395 -0.3052847 -0.1305674 -0.1431785 -0.3055956 -0.1319761 -0.1436395 -0.3057572 -0.1338437 -0.1431785 -0.3056775 -0.1354283 -0.1436395 -0.3053657 -0.1371306 -0.1431785 -0.3048249 -0.1387746 -0.1436395 -0.3041367 -0.1402041 -0.1431785 -0.3031012 -0.1417668 -0.1436395 -0.3021541 -0.1428549 -0.1431785 -0.300634 -0.1441829 -0.1436395 -0.2995531 -0.1449022 -0.1431785 -0.2976065 -0.1458438 -0.1436395 -0.2965107 -0.1462066 -0.1431785 -0.2942432 -0.1466264 -0.1436395 -0.2932345 -0.146679 -0.1431785 -0.2907934 -0.1464725 -0.1436395 -0.2899476 -0.1462875 -0.1431785 -0.2875131 -0.1453935 -0.1436395 -0.2868741 -0.1450585 -0.1431785 -0.2846455 -0.1434696 -0.1436395 -0.2842233 -0.143076 -0.1431785 -0.2824034 -0.1408433 -0.1436395 -0.282176 -0.1404749 -0.1431785 -0.2809529 -0.1377095 -0.1436395 -0.2808716 -0.1374326 -0.1431785 -0.2804018 -0.1343006 -0.1436395 -0.2803991 -0.1341563 -0.1436754 -0.3056852 -0.1435836 -0.1431785 -0.3067098 -0.1405647 -0.1436754 -0.3074506 -0.1406494 -0.1436754 -0.3033302 -0.1460696 -0.1431785 -0.3049073 -0.1434334 -0.1436754 -0.3004959 -0.1479913 -0.1431785 -0.3025116 -0.1458291 -0.1436754 -0.2973148 -0.1492588 -0.1431785 -0.2996429 -0.1476317 -0.1436754 -0.2939355 -0.1498128 -0.1431785 -0.2964449 -0.1487507 -0.1436754 -0.2905162 -0.1496274 -0.1431785 -0.2930782 -0.14913 -0.1431785 -0.2964449 -0.1192493 -0.1431785 -0.2930782 -0.11887 -0.1436754 -0.2939355 -0.1181872 -0.1431785 -0.2996429 -0.1203683 -0.1436754 -0.2973148 -0.1187412 -0.1431785 -0.3025116 -0.1221709 -0.1436754 -0.3004959 -0.1200087 -0.1431785 -0.3049073 -0.1245666 -0.1436754 -0.3033302 -0.1219304 -0.1431785 -0.3067098 -0.1274353 -0.1436754 -0.3056852 -0.1244164 -0.1431785 -0.3078289 -0.1306333 -0.1436754 -0.3074506 -0.1273506 -0.1434156 -0.3087554 -0.134 -0.1436754 -0.308544 -0.1305957 -0.1436754 -0.3089142 -0.134 -0.1432403 -0.3085064 -0.134 -0.1431785 -0.3082082 -0.134 -0.1434156 -0.3083889 -0.1373701 -0.1436754 -0.308544 -0.1374043 -0.1432403 -0.3081457 -0.1373166 -0.1431785 -0.3078289 -0.1373667 -0.1434156 -0.3073065 -0.1405827 -0.1432403 -0.3070804 -0.1404781 -0.1434156 -0.3055587 -0.1434875 -0.1432403 -0.3053605 -0.1433367 -0.1434156 -0.3032274 -0.1459486 -0.1432403 -0.3030662 -0.1457588 -0.1434156 -0.3004215 -0.147851 -0.1432403 -0.3003049 -0.147631 -0.1434156 -0.2972723 -0.1491058 -0.1432403 -0.2972057 -0.1488658 -0.1434156 -0.2939269 -0.1496542 -0.1432403 -0.2939135 -0.1494056 -0.1434156 -0.2905419 -0.1494707 -0.1432403 -0.2905822 -0.149225 -0.1431785 -0.2897115 -0.1487507 -0.1432403 -0.2896451 -0.1490414 -0.1436754 -0.2872167 -0.1487113 -0.1434156 -0.2872755 -0.1485638 -0.1432403 -0.2873676 -0.1483324 -0.1431785 -0.2865135 -0.1476317 -0.1432403 -0.2863842 -0.1479003 -0.1436754 -0.2841912 -0.1471073 -0.1434156 -0.2842803 -0.1469759 -0.1432403 -0.2844201 -0.1467697 -0.1431785 -0.2836448 -0.1458291 -0.1432403 -0.2834589 -0.1460623 -0.1436754 -0.2815813 -0.1448904 -0.1434156 -0.2816966 -0.1447812 -0.1432403 -0.2818774 -0.14461 -0.1431785 -0.2812491 -0.1434334 -0.1432403 -0.2810159 -0.1436193 -0.1436754 -0.279509 -0.1421643 -0.1434156 -0.2796451 -0.1420825 -0.1432403 -0.2798584 -0.1419541 -0.1431785 -0.2794465 -0.1405647 -0.1432403 -0.2791779 -0.140694 -0.1436754 -0.2780711 -0.1390565 -0.1434156 -0.2782216 -0.1390058 -0.1432403 -0.2784576 -0.1389263 -0.1431785 -0.2783275 -0.1373667 -0.1432403 -0.2780368 -0.1374331 -0.1436754 -0.277335 -0.1357122 -0.1434156 -0.2774929 -0.135695 -0.1432403 -0.2777404 -0.1356681 -0.1431785 -0.2779482 -0.134 -0.1432403 -0.27765 -0.134 -0.1436754 -0.277335 -0.1322878 -0.1434156 -0.2774929 -0.132305 -0.1432403 -0.2777404 -0.1323319 -0.1431785 -0.2783275 -0.1306333 -0.1432403 -0.2780368 -0.1305669 -0.1436754 -0.2780711 -0.1289435 -0.1434156 -0.2782216 -0.1289942 -0.1432403 -0.2784576 -0.1290737 -0.1431785 -0.2794465 -0.1274353 -0.1432403 -0.2791779 -0.127306 -0.1436754 -0.279509 -0.1258357 -0.1434156 -0.2796451 -0.1259175 -0.1432403 -0.2798584 -0.1260459 -0.1431785 -0.2812491 -0.1245666 -0.1432403 -0.2810159 -0.1243807 -0.1436754 -0.2815813 -0.1231096 -0.1434156 -0.2816966 -0.1232188 -0.1432403 -0.2818774 -0.12339 -0.1431785 -0.2836448 -0.1221709 -0.1432403 -0.2834589 -0.1219378 -0.1436754 -0.2841912 -0.1208927 -0.1434156 -0.2842803 -0.1210241 -0.1432403 -0.2844201 -0.1212302 -0.1431785 -0.2865135 -0.1203683 -0.1432403 -0.2863842 -0.1200997 -0.1436754 -0.2872167 -0.1192887 -0.1434156 -0.2872755 -0.1194362 -0.1432403 -0.2873676 -0.1196676 -0.1431785 -0.2897115 -0.1192493 -0.1432403 -0.2896451 -0.1189586 -0.1436754 -0.2905162 -0.1183726 -0.1434156 -0.2905419 -0.1185293 -0.1432403 -0.2905822 -0.118775 -0.1432403 -0.2930782 -0.1185718 -0.1432403 -0.2965113 -0.1189586 -0.1432403 -0.2997722 -0.1200997 -0.1434156 -0.3028528 -0.121743 -0.1432403 -0.3026975 -0.1219378 -0.1434156 -0.3053351 -0.1242254 -0.1432403 -0.3051404 -0.1243807 -0.1434156 -0.3072029 -0.1271979 -0.1432403 -0.3069785 -0.127306 -0.1434156 -0.3083624 -0.1305115 -0.1432403 -0.3081196 -0.1305669 -0.1405 -0.2846475 -0.131852 -0.1423009 -0.2846475 -0.131852 -0.1423009 -0.2861112 -0.1287893 -0.1405 -0.2861112 -0.1287893 -0.1405 -0.2886357 -0.1265198 -0.1423009 -0.2886357 -0.1265198 -0.1423009 -0.2918364 -0.1253891 -0.1405 -0.2918364 -0.1253891 -0.1405 -0.2952261 -0.1255693 -0.1423009 -0.2952261 -0.1255693 -0.1423009 -0.2982889 -0.1270331 -0.1405 -0.2982889 -0.1270331 -0.1405 -0.3005584 -0.1295574 -0.1423009 -0.3005584 -0.1295574 -0.1405 -0.3016891 -0.1327582 -0.1423009 -0.3016891 -0.1327582 -0.1423009 -0.3015089 -0.136148 -0.1405 -0.3015089 -0.136148 -0.1405 -0.3000451 -0.1392107 -0.1423009 -0.3000451 -0.1392107 -0.1423009 -0.2975208 -0.1414802 -0.1405 -0.2975208 -0.1414802 -0.1423009 -0.29432 -0.1426109 -0.1405 -0.29432 -0.1426109 -0.1405 -0.2909302 -0.1424307 -0.1423009 -0.2909302 -0.1424307 -0.1405 -0.2878675 -0.1409669 -0.1423009 -0.2878675 -0.1409669 -0.1405 -0.285598 -0.1384426 -0.1423009 -0.285598 -0.1384426 -0.1405 -0.2844673 -0.1352418 -0.1423009 -0.2844673 -0.1352418 -0.14 -0.3010244 -0.1360245 -0.14 -0.3011608 -0.1326175 -0.14 -0.2998997 -0.1294495 -0.14 -0.2974591 -0.1270684 -0.14 -0.294261 -0.1258858 -0.14 -0.2908584 -0.1261062 -0.14 -0.2878396 -0.1276915 -0.14 -0.2857266 -0.1303676 -0.14 -0.2848848 -0.1336718 -0.14 -0.2854596 -0.1370328 -0.14 -0.2873518 -0.1398693 -0.14 -0.2902342 -0.141691 -0.14 -0.2936082 -0.1421828 -0.14 -0.2968907 -0.1412598 -0.14 -0.2995139 -0.1390815 -0.14319 -0.3070602 -0.1433425 -0.1434933 -0.3077818 -0.1487036 -0.14319 -0.3049689 -0.1458907 -0.1438526 -0.3113207 -0.1518255 -0.1438531 -0.3111496 -0.1520081 -0.1437967 -0.3105946 -0.1515164 -0.1438525 -0.312029 -0.1510695 -0.1438531 -0.3122122 -0.150874 -0.1441 -0.3134075 -0.1543293 -0.144036 -0.3129009 -0.153649 -0.1440356 -0.3130841 -0.1534535 -0.1438818 -0.3135516 -0.1498444 -0.1440356 -0.3137924 -0.1526976 -0.144036 -0.3139635 -0.152515 -0.1439169 -0.3140366 -0.1499695 -0.1438785 -0.3130782 -0.1503703 -0.1438966 -0.3142239 -0.14927 -0.14319 -0.3086141 -0.1404352 -0.1439799 -0.3146636 -0.1505086 -0.1440087 -0.3148368 -0.1509025 -0.143986 -0.3148816 -0.1503541 -0.1439114 -0.3141371 -0.1497151 -0.1441 -0.3157097 -0.1517307 -0.1439935 -0.316205 -0.1486068 -0.1441 -0.3176819 -0.1488735 -0.1441 -0.3192953 -0.1457994 -0.1441 -0.3205264 -0.1425532 -0.14319 -0.309571 -0.1372806 -0.1441 -0.3213573 -0.1391823 -0.1441 -0.3217757 -0.1357359 -0.14319 -0.3098942 -0.134 -0.1441 -0.3217757 -0.1322641 -0.14319 -0.3095468 -0.1305995 -0.1441 -0.3213573 -0.1288177 -0.1441 -0.3205264 -0.1254468 -0.14319 -0.3085189 -0.1273395 -0.1441 -0.3192953 -0.1222006 -0.1441 -0.3176819 -0.1191265 -0.14319 -0.306853 -0.1243547 -0.1441 -0.3157097 -0.1162693 -0.14319 -0.304618 -0.1217685 -0.1441 -0.3134075 -0.1136707 -0.1441 -0.3108089 -0.1113685 -0.14319 -0.3019062 -0.1196876 -0.1441 -0.3079517 -0.1093963 -0.1441 -0.3048776 -0.1077829 -0.14319 -0.2988296 -0.1181981 -0.1441 -0.3016314 -0.1065518 -0.14319 -0.2955154 -0.1173616 -0.1441 -0.2982605 -0.1057209 -0.1441 -0.2948141 -0.1053025 -0.14319 -0.2921004 -0.1172125 -0.1441 -0.2913423 -0.1053025 -0.1441 -0.2878958 -0.1057209 -0.14319 -0.2887259 -0.117757 -0.1441 -0.284525 -0.1065518 -0.1441 -0.2812788 -0.1077829 -0.14319 -0.2855312 -0.1189727 -0.1441 -0.2782047 -0.1093963 -0.14319 -0.2826483 -0.1208093 -0.1441 -0.2753475 -0.1113685 -0.1441 -0.2727489 -0.1136707 -0.14319 -0.2801964 -0.1231909 -0.1441 -0.2704467 -0.1162693 -0.1441 -0.2684745 -0.1191265 -0.14319 -0.2782767 -0.1260191 -0.1441 -0.2668611 -0.1222006 -0.14319 -0.2769687 -0.1291771 -0.1441 -0.26563 -0.1254468 -0.1441 -0.2647991 -0.1288177 -0.14319 -0.2763262 -0.1325344 -0.1441 -0.2643806 -0.1322641 -0.1441 -0.2643806 -0.1357359 -0.14319 -0.2763759 -0.1359522 -0.1441 -0.2647991 -0.1391823 -0.14319 -0.2771158 -0.1392894 -0.1441 -0.26563 -0.1425532 -0.1441 -0.2668611 -0.1457994 -0.14319 -0.2785151 -0.142408 -0.1441 -0.2684745 -0.1488735 -0.1441 -0.2704467 -0.1517307 -0.14319 -0.2805162 -0.1451792 -0.1441 -0.2727489 -0.1543293 -0.14319 -0.2830364 -0.1474885 -0.1441 -0.2753475 -0.1566315 -0.1441 -0.2782047 -0.1586037 -0.14319 -0.2859714 -0.1492405 -0.1441 -0.2812788 -0.1602171 -0.1441 -0.284525 -0.1614482 -0.14319 -0.2892002 -0.1503627 -0.1441 -0.2878958 -0.1622791 -0.14319 -0.2925891 -0.1508089 -0.1441 -0.2913423 -0.1626975 -0.1441 -0.2948141 -0.1626975 -0.14319 -0.2959983 -0.1505605 -0.1441 -0.2982605 -0.1622791 -0.1441 -0.3016314 -0.1614482 -0.14319 -0.2992867 -0.1496279 -0.1438788 -0.3065495 -0.1560607 -0.14319 -0.3023187 -0.1480495 -0.1438529 -0.309225 -0.153749 -0.1438522 -0.3084917 -0.1543148 -0.1438522 -0.3095962 -0.1534281 -0.1438531 -0.3103385 -0.1527864 -0.1438523 -0.3099673 -0.1531072 -0.1439361 -0.3104171 -0.1541727 -0.1439363 -0.3101419 -0.1544107 -0.143874 -0.3096075 -0.1537925 -0.1438737 -0.3099128 -0.1535285 -0.1438522 -0.3106268 -0.1525017 -0.1438746 -0.3105236 -0.1530005 -0.1438522 -0.3108155 -0.1523209 -0.1439362 -0.3106923 -0.1539348 -0.1438739 -0.3102182 -0.1532645 -0.1439367 -0.3109675 -0.1536969 -0.1440139 -0.3108068 -0.1551798 -0.1439578 -0.3103258 -0.1546234 -0.1439575 -0.310601 -0.1543855 -0.1440359 -0.3107946 -0.1555646 -0.144036 -0.3104541 -0.1558427 -0.1440145 -0.3102842 -0.1556164 -0.1440136 -0.3111006 -0.1549258 -0.1439576 -0.3108762 -0.1541476 -0.1441 -0.3108089 -0.1566315 -0.144036 -0.3092038 -0.1567811 -0.1440353 -0.3096206 -0.1564683 -0.1440353 -0.3100374 -0.1561555 -0.1441 -0.3079517 -0.1586037 -0.1440352 -0.3111542 -0.1552537 -0.1440138 -0.3113944 -0.1546719 -0.1439581 -0.3111514 -0.1539096 -0.1440353 -0.3115137 -0.1549428 -0.1440143 -0.3116882 -0.1544179 -0.1440352 -0.312287 -0.1542348 -0.1440359 -0.3118733 -0.154632 -0.1440352 -0.3124757 -0.154054 -0.1438919 -0.3124174 -0.1514093 -0.1439964 -0.3126971 -0.1531151 -0.1438522 -0.308283 -0.1544714 -0.1440144 -0.3090339 -0.1565547 -0.1440141 -0.3091639 -0.1564572 -0.1440139 -0.3092939 -0.1563596 -0.1440137 -0.3094238 -0.1562621 -0.1440136 -0.3095537 -0.1561646 -0.1440141 -0.3101537 -0.1557143 -0.1440139 -0.3100233 -0.1558122 -0.1440137 -0.3098928 -0.1559101 -0.1440136 -0.3097624 -0.156008 -0.1441 -0.3048776 -0.1602171 -0.1444738 -0.3134075 -0.1543293 -0.1444738 -0.3157097 -0.1517307 -0.1444738 -0.3176819 -0.1488735 -0.1444738 -0.3192953 -0.1457994 -0.1444738 -0.3205264 -0.1425532 -0.1444738 -0.3213573 -0.1391823 -0.1444738 -0.3217757 -0.1357359 -0.1444738 -0.3217757 -0.1322641 -0.1444738 -0.3213573 -0.1288177 -0.1444738 -0.3205264 -0.1254468 -0.1444738 -0.3192953 -0.1222006 -0.1444738 -0.3176819 -0.1191265 -0.1444738 -0.3157097 -0.1162693 -0.1444738 -0.3134075 -0.1136707 -0.1444738 -0.3108089 -0.1113685 -0.1444738 -0.3079517 -0.1093963 -0.1444738 -0.3048776 -0.1077829 -0.1444738 -0.3016314 -0.1065518 -0.1444738 -0.2982605 -0.1057209 -0.1444738 -0.2948141 -0.1053025 -0.1444738 -0.2913423 -0.1053025 -0.1444738 -0.2878958 -0.1057209 -0.1444738 -0.284525 -0.1065518 -0.1444738 -0.2812788 -0.1077829 -0.1444738 -0.2782047 -0.1093963 -0.1444738 -0.2753475 -0.1113685 -0.1444738 -0.2727489 -0.1136707 -0.1444738 -0.2704467 -0.1162693 -0.1444738 -0.2684745 -0.1191265 -0.1444738 -0.2668611 -0.1222006 -0.1444738 -0.26563 -0.1254468 -0.1444738 -0.2647991 -0.1288177 -0.1444738 -0.2643806 -0.1322641 -0.1444738 -0.2643806 -0.1357359 -0.1444738 -0.2647991 -0.1391823 -0.1444738 -0.26563 -0.1425532 -0.1444738 -0.2668611 -0.1457994 -0.1444738 -0.2684745 -0.1488735 -0.1444738 -0.2704467 -0.1517307 -0.1444738 -0.2727489 -0.1543293 -0.1444738 -0.2753475 -0.1566315 -0.1444738 -0.2782047 -0.1586037 -0.1444738 -0.2812788 -0.1602171 -0.1444738 -0.284525 -0.1614482 -0.1444738 -0.2878958 -0.1622791 -0.1444738 -0.2913423 -0.1626975 -0.1444738 -0.2948141 -0.1626975 -0.1444738 -0.2982605 -0.1622791 -0.1444738 -0.3016314 -0.1614482 -0.1444738 -0.3048776 -0.1602171 -0.1444738 -0.3079517 -0.1586037 -0.1444738 -0.3108089 -0.1566315 -0.1436754 -0.3090006 -0.1373844 -0.1436754 -0.307949 -0.1406209 -0.1436754 -0.3062475 -0.1435681 -0.1436754 -0.3039704 -0.146097 -0.1436754 -0.2913766 -0.117811 -0.1436754 -0.288048 -0.1185186 -0.1436754 -0.2947797 -0.117811 -0.1436754 -0.2981084 -0.1185186 -0.1436754 -0.3012173 -0.1199027 -0.1436754 -0.3039704 -0.121903 -0.1436754 -0.3062475 -0.124432 -0.1436754 -0.307949 -0.1273791 -0.1436754 -0.3090006 -0.1306156 -0.1432414 -0.3096323 -0.134 -0.1434202 -0.3094342 -0.134 -0.1432414 -0.3093142 -0.1372296 -0.1434202 -0.30912 -0.1371909 -0.1436754 -0.3093563 -0.134 -0.1432414 -0.3083722 -0.140335 -0.1434202 -0.3081892 -0.1402592 -0.1432414 -0.3068425 -0.143197 -0.1434202 -0.3066778 -0.1430869 -0.1432414 -0.3047837 -0.1457056 -0.1434202 -0.3046437 -0.1455655 -0.1432414 -0.3021748 -0.1478308 -0.1434202 -0.302066 -0.1476653 -0.1436754 -0.3012173 -0.1480973 -0.1434202 -0.3012562 -0.1481648 -0.1432414 -0.2991901 -0.1493846 -0.1434202 -0.2991169 -0.1492005 -0.1436754 -0.2981084 -0.1494814 -0.1434202 -0.2981325 -0.1495555 -0.1432414 -0.2959528 -0.1503026 -0.1434202 -0.2959184 -0.1501076 -0.1436754 -0.2947797 -0.150189 -0.1434202 -0.2947879 -0.1502664 -0.1432414 -0.2925967 -0.1505471 -0.1434202 -0.2926025 -0.1503491 -0.1436754 -0.2913766 -0.150189 -0.1434202 -0.2913685 -0.1502664 -0.1432414 -0.2892605 -0.1501079 -0.1434202 -0.2893062 -0.1499152 -0.1436754 -0.288048 -0.1494814 -0.1434202 -0.2880239 -0.1495555 -0.1432414 -0.2860821 -0.1490031 -0.1434202 -0.2861658 -0.1488236 -0.1436754 -0.2849391 -0.1480973 -0.1434202 -0.2849001 -0.1481648 -0.1432414 -0.2831927 -0.1472785 -0.1434202 -0.283311 -0.1471196 -0.1436754 -0.282186 -0.146097 -0.1434202 -0.2821339 -0.1461549 -0.1432414 -0.2807118 -0.1450051 -0.1434202 -0.2808598 -0.1448734 -0.1436754 -0.2799089 -0.1435681 -0.1434202 -0.2798459 -0.1436138 -0.1432414 -0.2787419 -0.1422771 -0.1434202 -0.2789134 -0.142178 -0.1436754 -0.2782074 -0.1406209 -0.1434202 -0.2781362 -0.1406526 -0.1432414 -0.2773643 -0.139207 -0.1434202 -0.2775523 -0.1391447 -0.1436754 -0.2771558 -0.1373844 -0.1434202 -0.2770796 -0.1374006 -0.1432414 -0.276636 -0.1359218 -0.1434202 -0.2768327 -0.1358988 -0.1436754 -0.2768 -0.134 -0.1434202 -0.2767221 -0.134 -0.1432414 -0.276587 -0.1325572 -0.1434202 -0.2767844 -0.1325745 -0.1436754 -0.2771558 -0.1306156 -0.1434202 -0.2770796 -0.1305994 -0.1432414 -0.2772195 -0.1292522 -0.1434202 -0.2774093 -0.129309 -0.1436754 -0.2782074 -0.1273791 -0.1434202 -0.2781362 -0.1273474 -0.1432414 -0.2785072 -0.1261434 -0.1434202 -0.2786816 -0.1262374 -0.1436754 -0.2799089 -0.124432 -0.1434202 -0.2798459 -0.1243862 -0.1432414 -0.280397 -0.1233592 -0.1434202 -0.2805487 -0.1234865 -0.1436754 -0.282186 -0.121903 -0.1434202 -0.2821339 -0.1218451 -0.1432414 -0.2828107 -0.1210147 -0.1434202 -0.2829336 -0.1211701 -0.1436754 -0.2849391 -0.1199027 -0.1434202 -0.2849001 -0.1198352 -0.1432414 -0.2856487 -0.1192067 -0.1434202 -0.2857376 -0.1193837 -0.1434202 -0.2880239 -0.1184445 -0.1434202 -0.2913685 -0.1177335 -0.1434202 -0.2947879 -0.1177335 -0.1434202 -0.2981325 -0.1184445 -0.1434202 -0.3012562 -0.1198352 -0.1432414 -0.3041551 -0.1216979 -0.1434202 -0.3040225 -0.1218451 -0.1432414 -0.3064708 -0.1242697 -0.1434202 -0.3063105 -0.1243862 -0.1432414 -0.3082011 -0.1272668 -0.1434202 -0.3080202 -0.1273474 -0.1432414 -0.3092706 -0.1305582 -0.1434202 -0.3090768 -0.1305994 -0.1452318 -0.3277821 -0.134 -0.1452318 -0.327615 -0.1374016 -0.1443228 -0.3264234 -0.1372842 -0.144 -0.3249288 -0.137464 -0.144 -0.3251166 -0.134 -0.1443228 -0.3265848 -0.134 -0.1452318 -0.3271153 -0.1407704 -0.1443228 -0.3259409 -0.1405368 -0.144 -0.3243676 -0.1408873 -0.1452318 -0.3262878 -0.144074 -0.1452318 -0.3259655 -0.145081 -0.1443228 -0.325142 -0.1437265 -0.144 -0.3234395 -0.1442299 -0.1443228 -0.3248308 -0.1446987 -0.1452318 -0.3251404 -0.1472806 -0.1452318 -0.3245746 -0.1485718 -0.1443228 -0.3240342 -0.1468224 -0.144 -0.3221555 -0.1474526 -0.1443228 -0.3234879 -0.148069 -0.1452318 -0.3236843 -0.1503593 -0.1443228 -0.3226284 -0.1497949 -0.144 -0.3205305 -0.1505175 -0.1452318 -0.3228145 -0.1518918 -0.1443228 -0.3217885 -0.1512744 -0.1452318 -0.3219335 -0.1532805 -0.1443228 -0.3209379 -0.1526153 -0.144 -0.3185837 -0.1533888 -0.1452318 -0.3207057 -0.1550019 -0.1452318 -0.3199047 -0.1560159 -0.1443228 -0.3197526 -0.1542773 -0.1443228 -0.3189791 -0.1552563 -0.144 -0.3163379 -0.1560328 -0.1452318 -0.3182731 -0.1578659 -0.1452318 -0.3176176 -0.1585394 -0.1443228 -0.3174038 -0.1570425 -0.1443228 -0.3167709 -0.1576927 -0.144 -0.3138194 -0.1584184 -0.1452318 -0.315545 -0.16045 -0.1443228 -0.3147699 -0.1595374 -0.1452318 -0.3125536 -0.1627241 -0.1443228 -0.3118817 -0.161733 -0.144 -0.3110577 -0.1605178 -0.1452318 -0.3094375 -0.1646061 -0.1443228 -0.3088731 -0.1635502 -0.144 -0.3080852 -0.1623063 -0.1452318 -0.3063588 -0.1660623 -0.1443228 -0.3059006 -0.1649561 -0.144 -0.3049368 -0.1637629 -0.1452318 -0.3031522 -0.1672096 -0.1443228 -0.3028046 -0.1660638 -0.144 -0.3016494 -0.1648706 -0.1452318 -0.2998486 -0.1680371 -0.1452318 -0.2986927 -0.1682468 -0.1443228 -0.299615 -0.1668628 -0.144 -0.2982614 -0.1656163 -0.1443228 -0.298499 -0.1670652 -0.1452318 -0.2964798 -0.1685368 -0.1452318 -0.294957 -0.168653 -0.1443228 -0.2963624 -0.1673452 -0.144 -0.2948127 -0.1659914 -0.1443228 -0.2948922 -0.1674574 -0.1452318 -0.2930782 -0.1687039 -0.1443228 -0.2930782 -0.1675066 -0.144 -0.2913437 -0.1659914 -0.1452318 -0.2911993 -0.168653 -0.1452318 -0.2896766 -0.1685368 -0.1443228 -0.2912642 -0.1674574 -0.1443228 -0.289794 -0.1673452 -0.144 -0.287895 -0.1656163 -0.1452318 -0.2874637 -0.1682468 -0.1452318 -0.2863078 -0.1680371 -0.1443228 -0.2876574 -0.1670652 -0.1443228 -0.2865414 -0.1668628 -0.144 -0.284507 -0.1648706 -0.1452318 -0.2837939 -0.167439 -0.1443228 -0.2841142 -0.1662853 -0.1452318 -0.2802329 -0.1662392 -0.1443228 -0.2806761 -0.1651268 -0.144 -0.2812195 -0.1637629 -0.1452318 -0.2768226 -0.1646613 -0.1443228 -0.2773834 -0.1636035 -0.144 -0.2780711 -0.1623063 -0.1452318 -0.2737977 -0.1628553 -0.1443228 -0.2744629 -0.1618597 -0.144 -0.2750987 -0.1605178 -0.1452318 -0.2710623 -0.1608265 -0.1443228 -0.2718218 -0.1599009 -0.144 -0.272337 -0.1584184 -0.1452318 -0.2685388 -0.1585394 -0.1452318 -0.2678833 -0.1578659 -0.1443228 -0.2693855 -0.1576927 -0.144 -0.2698185 -0.1560328 -0.1443228 -0.2687526 -0.1570425 -0.1452318 -0.2662517 -0.1560159 -0.1452318 -0.2654506 -0.1550019 -0.1443228 -0.2671772 -0.1552563 -0.144 -0.2675726 -0.1533888 -0.1443228 -0.2664038 -0.1542773 -0.1452318 -0.2642229 -0.1532805 -0.1443228 -0.2652185 -0.1526153 -0.144 -0.2656259 -0.1505175 -0.1452318 -0.2633419 -0.1518918 -0.1443228 -0.2643678 -0.1512744 -0.1452318 -0.262472 -0.1503593 -0.1443228 -0.263528 -0.1497949 -0.144 -0.2640009 -0.1474526 -0.1452318 -0.2615818 -0.1485718 -0.1452318 -0.2610159 -0.1472806 -0.1443228 -0.2626684 -0.148069 -0.1443228 -0.2621221 -0.1468224 -0.144 -0.2627169 -0.1442299 -0.1452318 -0.2601909 -0.145081 -0.1452318 -0.2598686 -0.144074 -0.1443228 -0.2613256 -0.1446987 -0.1443228 -0.2610144 -0.1437265 -0.144 -0.2617888 -0.1408873 -0.1452318 -0.2591856 -0.1414603 -0.1443228 -0.260355 -0.1412029 -0.144 -0.2612276 -0.137464 -0.1452318 -0.2585777 -0.1377522 -0.1443228 -0.259768 -0.1376227 -0.144 -0.2610398 -0.134 -0.1452318 -0.2583742 -0.134 -0.1443228 -0.2595716 -0.134 -0.1452318 -0.2585414 -0.1305984 -0.1443228 -0.2597329 -0.1307158 -0.144 -0.2612276 -0.130536 -0.1452318 -0.2590411 -0.1272296 -0.1443228 -0.2602154 -0.1274632 -0.144 -0.2617888 -0.1271127 -0.1452318 -0.2598686 -0.123926 -0.1452318 -0.2601909 -0.122919 -0.1443228 -0.2610144 -0.1242736 -0.144 -0.2627169 -0.1237701 -0.1443228 -0.2613256 -0.1233013 -0.1452318 -0.2610159 -0.1207194 -0.1452318 -0.2615818 -0.1194282 -0.1443228 -0.2621221 -0.1211776 -0.144 -0.2640009 -0.1205474 -0.1443228 -0.2626684 -0.1199309 -0.1452318 -0.262472 -0.1176407 -0.1443228 -0.263528 -0.1182051 -0.144 -0.2656259 -0.1174825 -0.1452318 -0.2633419 -0.1161083 -0.1443228 -0.2643678 -0.1167255 -0.1452318 -0.2642229 -0.1147195 -0.1443228 -0.2652185 -0.1153847 -0.144 -0.2675726 -0.1146112 -0.1452318 -0.2654506 -0.1129981 -0.1452318 -0.2662517 -0.1119841 -0.1443228 -0.2664038 -0.1137227 -0.1443228 -0.2671772 -0.1127436 -0.144 -0.2698185 -0.1119672 -0.1452318 -0.2678833 -0.1101341 -0.1452318 -0.2685388 -0.1094606 -0.1443228 -0.2687526 -0.1109575 -0.1443228 -0.2693855 -0.1103073 -0.144 -0.272337 -0.1095816 -0.1452318 -0.2706113 -0.10755 -0.1443228 -0.2713865 -0.1084626 -0.144 -0.2750987 -0.1074822 -0.1452318 -0.2736028 -0.1052759 -0.1443228 -0.2742747 -0.106267 -0.1452318 -0.2767189 -0.1033939 -0.1443228 -0.2772833 -0.1044498 -0.144 -0.2780711 -0.1056937 -0.1452318 -0.2797976 -0.1019377 -0.1443228 -0.2802558 -0.103044 -0.144 -0.2812195 -0.1042371 -0.1452318 -0.2830042 -0.1007904 -0.1443228 -0.2833517 -0.1019362 -0.144 -0.284507 -0.1031294 -0.1452318 -0.2863078 -0.09996289 -0.1452318 -0.2874637 -0.09975323 -0.1443228 -0.2865414 -0.1011372 -0.144 -0.287895 -0.1023837 -0.1443228 -0.2876574 -0.1009348 -0.1452318 -0.2896766 -0.09946317 -0.1452318 -0.2911993 -0.09934696 -0.1443228 -0.289794 -0.1006548 -0.144 -0.2913437 -0.1020086 -0.1443228 -0.2912642 -0.1005426 -0.1452318 -0.2930782 -0.09929607 -0.1443228 -0.2930782 -0.1004934 -0.144 -0.2948127 -0.1020086 -0.1452318 -0.294957 -0.09934696 -0.1452318 -0.2964798 -0.09946317 -0.1443228 -0.2948922 -0.1005426 -0.1443228 -0.2963624 -0.1006548 -0.144 -0.2982614 -0.1023837 -0.1452318 -0.2986927 -0.09975323 -0.1452318 -0.2998486 -0.09996289 -0.1443228 -0.298499 -0.1009348 -0.1443228 -0.299615 -0.1011372 -0.144 -0.3016494 -0.1031294 -0.1452318 -0.3023625 -0.100561 -0.1443228 -0.3020421 -0.1017147 -0.1452318 -0.3059234 -0.1017608 -0.1443228 -0.3054803 -0.1028732 -0.144 -0.3049368 -0.1042371 -0.144 -0.3080852 -0.1056937 -0.1452318 -0.3093338 -0.1033387 -0.1443228 -0.3087729 -0.1043965 -0.1452318 -0.3123587 -0.1051447 -0.1443228 -0.3116935 -0.1061403 -0.144 -0.3110577 -0.1074822 -0.1452318 -0.3150941 -0.1071735 -0.1443228 -0.3143345 -0.1080991 -0.144 -0.3138194 -0.1095816 -0.1452318 -0.3176176 -0.1094606 -0.1452318 -0.3182731 -0.1101341 -0.1443228 -0.3167709 -0.1103073 -0.144 -0.3163379 -0.1119672 -0.1443228 -0.3174038 -0.1109575 -0.1452318 -0.3199047 -0.1119841 -0.1452318 -0.3207057 -0.1129981 -0.1443228 -0.3189791 -0.1127436 -0.144 -0.3185837 -0.1146112 -0.1443228 -0.3197526 -0.1137227 -0.1452318 -0.3219335 -0.1147195 -0.1443228 -0.3209379 -0.1153847 -0.144 -0.3205305 -0.1174825 -0.1452318 -0.3228145 -0.1161083 -0.1443228 -0.3217885 -0.1167255 -0.1452318 -0.3236843 -0.1176407 -0.1443228 -0.3226284 -0.1182051 -0.144 -0.3221555 -0.1205474 -0.1452318 -0.3245746 -0.1194282 -0.1452318 -0.3251404 -0.1207194 -0.1443228 -0.3234879 -0.1199309 -0.1443228 -0.3240342 -0.1211776 -0.144 -0.3234395 -0.1237701 -0.1452318 -0.3259655 -0.122919 -0.1452318 -0.3262878 -0.123926 -0.1443228 -0.3248308 -0.1233013 -0.1443228 -0.325142 -0.1242736 -0.144 -0.3243676 -0.1271127 -0.1452318 -0.3269708 -0.1265397 -0.1443228 -0.3258014 -0.1267971 -0.1452318 -0.3275787 -0.1302478 -0.1443228 -0.3263884 -0.1303773 -0.144 -0.3249288 -0.130536 -0.144 -0.321057 -0.1441835 -0.1444738 -0.3215343 -0.1408763 -0.144 -0.3220501 -0.1408665 -0.144 -0.3196856 -0.1473628 -0.1444738 -0.3205213 -0.1441937 -0.144 -0.3179544 -0.1503613 -0.1444738 -0.319123 -0.1473679 -0.144 -0.3158868 -0.1531387 -0.1444738 -0.3173592 -0.1503545 -0.144 -0.3135107 -0.1556572 -0.1444738 -0.3152545 -0.1531115 -0.144 -0.3108583 -0.1578828 -0.1444738 -0.3128384 -0.1556002 -0.144 -0.3079654 -0.1597855 -0.1444738 -0.310145 -0.1577857 -0.144 -0.3048712 -0.1613394 -0.1444738 -0.307212 -0.1596373 -0.144 -0.3016176 -0.1625236 -0.1444738 -0.3040806 -0.161129 -0.144 -0.2982485 -0.1633221 -0.1444738 -0.3007947 -0.1622399 -0.144 -0.2948094 -0.1637241 -0.1444738 -0.2974006 -0.1629543 -0.144 -0.291347 -0.1637241 -0.1444738 -0.2939457 -0.1632623 -0.1444738 -0.2974006 -0.1050457 -0.1444738 -0.2939457 -0.1047377 -0.144 -0.2948094 -0.1042759 -0.1444738 -0.3007947 -0.1057601 -0.144 -0.2982485 -0.1046779 -0.1444738 -0.3040806 -0.106871 -0.144 -0.3016176 -0.1054764 -0.1444738 -0.307212 -0.1083627 -0.144 -0.3048712 -0.1066606 -0.1444738 -0.310145 -0.1102143 -0.144 -0.3079654 -0.1082145 -0.1444738 -0.3128384 -0.1123998 -0.144 -0.3108583 -0.1101172 -0.1444738 -0.3152545 -0.1148885 -0.144 -0.3135107 -0.1123428 -0.1444738 -0.3173592 -0.1176455 -0.144 -0.3158868 -0.1148613 -0.1444738 -0.319123 -0.1206321 -0.144 -0.3179544 -0.1176387 -0.1444738 -0.3205213 -0.1238063 -0.144 -0.3196856 -0.1206372 -0.1444738 -0.3215343 -0.1271237 -0.144 -0.321057 -0.1238165 -0.1444738 -0.3221479 -0.1305375 -0.144 -0.3220501 -0.1271335 -0.1440627 -0.3226103 -0.134 -0.144 -0.3226513 -0.1305434 -0.144 -0.3228527 -0.134 -0.144235 -0.3224286 -0.134 -0.1444738 -0.3223534 -0.134 -0.1440627 -0.3224106 -0.1374285 -0.144 -0.3226513 -0.1374566 -0.144235 -0.3222302 -0.1374074 -0.1444738 -0.3221479 -0.1374625 -0.1440627 -0.3218142 -0.1408106 -0.144235 -0.3216375 -0.1407687 -0.1440627 -0.3208293 -0.1441006 -0.144235 -0.3206586 -0.1440385 -0.1440627 -0.319469 -0.147254 -0.144235 -0.3193067 -0.1471725 -0.1440627 -0.3177519 -0.1502281 -0.144235 -0.3176001 -0.1501283 -0.1440627 -0.3157011 -0.1529828 -0.144235 -0.315562 -0.1528661 -0.1440627 -0.3133443 -0.1554809 -0.144235 -0.3132197 -0.1553488 -0.1440627 -0.3107135 -0.1576884 -0.144235 -0.3106051 -0.1575427 -0.1440627 -0.3078442 -0.1595755 -0.144235 -0.3077534 -0.1594182 -0.1440627 -0.3047752 -0.1611168 -0.144235 -0.3047033 -0.1609501 -0.1440627 -0.3015481 -0.1622914 -0.144235 -0.301496 -0.1621174 -0.1440627 -0.2982064 -0.1630834 -0.144235 -0.2981748 -0.1629046 -0.1440627 -0.2947953 -0.1634821 -0.144235 -0.2947848 -0.1633008 -0.1440627 -0.2913611 -0.1634821 -0.144235 -0.2913716 -0.1633008 -0.1444738 -0.2904787 -0.1631595 -0.144235 -0.290472 -0.1632345 -0.144 -0.2879079 -0.1633221 -0.1440627 -0.28795 -0.1630834 -0.144235 -0.2879815 -0.1629046 -0.1444738 -0.2870481 -0.1626474 -0.144235 -0.2870326 -0.1627211 -0.144 -0.2845388 -0.1625236 -0.1440627 -0.2846083 -0.1622914 -0.144235 -0.2846604 -0.1621174 -0.1444738 -0.2837022 -0.1617331 -0.144235 -0.2836781 -0.1618045 -0.144 -0.2812851 -0.1613394 -0.1440627 -0.2813811 -0.1611168 -0.144235 -0.2814531 -0.1609501 -0.1444738 -0.2804879 -0.1604296 -0.144235 -0.2804556 -0.1604975 -0.144 -0.2781909 -0.1597855 -0.1440627 -0.2783122 -0.1595755 -0.144235 -0.278403 -0.1594182 -0.1444738 -0.2774504 -0.158755 -0.144235 -0.2774102 -0.1588186 -0.144 -0.2752981 -0.1578828 -0.1440627 -0.2754428 -0.1576884 -0.144235 -0.2755513 -0.1575427 -0.1444738 -0.2746323 -0.1567329 -0.144235 -0.2745848 -0.1567913 -0.144 -0.2726457 -0.1556572 -0.1440627 -0.272812 -0.1554809 -0.144235 -0.2729367 -0.1553488 -0.1444738 -0.272073 -0.1543916 -0.144235 -0.272019 -0.1544441 -0.144 -0.2702696 -0.1531387 -0.1440627 -0.2704553 -0.1529828 -0.144235 -0.2705944 -0.1528661 -0.1444738 -0.2698087 -0.1517642 -0.144235 -0.2697488 -0.1518099 -0.144 -0.268202 -0.1503613 -0.1440627 -0.2684045 -0.1502281 -0.144235 -0.2685562 -0.1501283 -0.1444738 -0.267871 -0.1488873 -0.144235 -0.2678062 -0.1489256 -0.144 -0.2664707 -0.1473628 -0.1440627 -0.2666873 -0.147254 -0.144235 -0.2668497 -0.1471725 -0.1444738 -0.2662871 -0.1458015 -0.144235 -0.2662182 -0.1458319 -0.144 -0.2650993 -0.1441835 -0.1440627 -0.2653271 -0.1441006 -0.144235 -0.2654978 -0.1440385 -0.1444738 -0.2650794 -0.14255 -0.144235 -0.2650074 -0.142572 -0.144 -0.2641063 -0.1408665 -0.1440627 -0.2643422 -0.1408106 -0.144235 -0.2645189 -0.1407687 -0.1444738 -0.2642647 -0.1391785 -0.144235 -0.2641906 -0.1391918 -0.144 -0.263505 -0.1374566 -0.1440627 -0.2637458 -0.1374285 -0.144235 -0.2639262 -0.1374074 -0.1444738 -0.2638544 -0.1357343 -0.144235 -0.2637793 -0.1357387 -0.144 -0.2633037 -0.134 -0.1440627 -0.2635461 -0.134 -0.144235 -0.2637277 -0.134 -0.1444738 -0.2638544 -0.1322657 -0.144235 -0.2637793 -0.1322613 -0.144 -0.263505 -0.1305434 -0.1440627 -0.2637458 -0.1305715 -0.144235 -0.2639262 -0.1305926 -0.1444738 -0.2642647 -0.1288215 -0.144235 -0.2641906 -0.1288082 -0.144 -0.2641063 -0.1271335 -0.1440627 -0.2643422 -0.1271894 -0.144235 -0.2645189 -0.1272313 -0.1444738 -0.2650794 -0.12545 -0.144235 -0.2650074 -0.125428 -0.144 -0.2650993 -0.1238165 -0.1440627 -0.2653271 -0.1238994 -0.144235 -0.2654978 -0.1239616 -0.1444738 -0.2662871 -0.1221985 -0.144235 -0.2662182 -0.1221681 -0.144 -0.2664707 -0.1206372 -0.1440627 -0.2666873 -0.120746 -0.144235 -0.2668497 -0.1208275 -0.1444738 -0.267871 -0.1191127 -0.144235 -0.2678062 -0.1190744 -0.144 -0.268202 -0.1176387 -0.1440627 -0.2684045 -0.1177719 -0.144235 -0.2685562 -0.1178717 -0.1444738 -0.2698087 -0.1162358 -0.144235 -0.2697488 -0.1161901 -0.144 -0.2702696 -0.1148613 -0.1440627 -0.2704553 -0.1150171 -0.144235 -0.2705944 -0.1151339 -0.1444738 -0.272073 -0.1136084 -0.144235 -0.272019 -0.1135559 -0.144 -0.2726457 -0.1123428 -0.1440627 -0.272812 -0.1125191 -0.144235 -0.2729367 -0.1126513 -0.1444738 -0.2746323 -0.1112671 -0.144235 -0.2745848 -0.1112087 -0.144 -0.2752981 -0.1101172 -0.1440627 -0.2754428 -0.1103116 -0.144235 -0.2755513 -0.1104573 -0.1444738 -0.2774504 -0.109245 -0.144235 -0.2774102 -0.1091814 -0.144 -0.2781909 -0.1082145 -0.1440627 -0.2783122 -0.1084245 -0.144235 -0.278403 -0.1085818 -0.1444738 -0.2804879 -0.1075704 -0.144235 -0.2804556 -0.1075025 -0.144 -0.2812851 -0.1066606 -0.1440627 -0.2813811 -0.1068832 -0.144235 -0.2814531 -0.1070499 -0.1444738 -0.2837022 -0.1062669 -0.144235 -0.2836781 -0.1061955 -0.144 -0.2845388 -0.1054764 -0.1440627 -0.2846083 -0.1057086 -0.144235 -0.2846604 -0.1058826 -0.1444738 -0.2870481 -0.1053526 -0.144235 -0.2870326 -0.1052789 -0.144 -0.2879079 -0.1046779 -0.1440627 -0.28795 -0.1049166 -0.144235 -0.2879815 -0.1050954 -0.1444738 -0.2904787 -0.1048405 -0.144235 -0.290472 -0.1047655 -0.144 -0.291347 -0.1042759 -0.1440627 -0.2913611 -0.1045179 -0.144235 -0.2913716 -0.1046992 -0.144235 -0.2939479 -0.1046624 -0.144235 -0.2974117 -0.1049712 -0.144235 -0.3008146 -0.1056875 -0.144235 -0.3041089 -0.1068012 -0.144235 -0.3072484 -0.1082968 -0.144235 -0.3101889 -0.1101531 -0.144235 -0.3128893 -0.1123443 -0.1440627 -0.3154491 -0.1147208 -0.144235 -0.3153115 -0.1148394 -0.1440627 -0.3175723 -0.117502 -0.144235 -0.3174216 -0.1176035 -0.1440627 -0.3193516 -0.1205148 -0.144235 -0.31919 -0.1205977 -0.1440627 -0.3207621 -0.1237169 -0.144235 -0.3205919 -0.1237801 -0.1440627 -0.3217841 -0.1270633 -0.144235 -0.3216075 -0.127106 -0.1440627 -0.322403 -0.1305071 -0.144235 -0.3222226 -0.1305286 -0.1763605 -0.2807907 -0.1308694 -0.1768215 -0.2807907 -0.1308694 -0.1763605 -0.2803991 -0.1341563 -0.1768215 -0.2804018 -0.1343006 -0.1763605 -0.2808716 -0.1374326 -0.1768215 -0.2809529 -0.1377095 -0.1763605 -0.282176 -0.1404749 -0.1768215 -0.2824034 -0.1408433 -0.1763605 -0.2842233 -0.143076 -0.1768215 -0.2846455 -0.1434696 -0.1763605 -0.2868741 -0.1450585 -0.1768215 -0.2875131 -0.1453935 -0.1763605 -0.2899476 -0.1462875 -0.1768215 -0.2907934 -0.1464725 -0.1763605 -0.2932345 -0.146679 -0.1768215 -0.2942432 -0.1466264 -0.1763605 -0.2965107 -0.1462066 -0.1768215 -0.2976065 -0.1458438 -0.1763605 -0.2995531 -0.1449022 -0.1768215 -0.300634 -0.1441829 -0.1763605 -0.3021541 -0.1428549 -0.1768215 -0.3031012 -0.1417668 -0.1763605 -0.3041367 -0.1402041 -0.1768215 -0.3048249 -0.1387746 -0.1763605 -0.3053657 -0.1371306 -0.1768215 -0.3056775 -0.1354283 -0.1763605 -0.3057572 -0.1338437 -0.1768215 -0.3055956 -0.1319761 -0.1763605 -0.3052847 -0.1305674 -0.1768215 -0.3045854 -0.128674 -0.1763605 -0.3039804 -0.1275251 -0.1768215 -0.3027217 -0.1257669 -0.1763605 -0.3019331 -0.124924 -0.1768215 -0.3001429 -0.1234704 -0.1763605 -0.2992823 -0.1229415 -0.1768215 -0.29704 -0.1219548 -0.1763605 -0.2962088 -0.1217125 -0.1768215 -0.2936433 -0.1213326 -0.1763605 -0.2929219 -0.121321 -0.1768215 -0.2902048 -0.1216499 -0.1763605 -0.2896456 -0.1217934 -0.1768215 -0.2869793 -0.1228831 -0.1763605 -0.2866033 -0.1230978 -0.1768215 -0.2842061 -0.1249408 -0.1763605 -0.2840022 -0.1251451 -0.1768215 -0.282091 -0.1276704 -0.1763605 -0.2820197 -0.1277959 -0.1763246 -0.2804712 -0.1435836 -0.1768215 -0.2794465 -0.1405647 -0.1763246 -0.2787058 -0.1406494 -0.1763246 -0.2828262 -0.1460696 -0.1768215 -0.2812491 -0.1434334 -0.1763246 -0.2856605 -0.1479913 -0.1768215 -0.2836448 -0.1458291 -0.1763246 -0.2888416 -0.1492588 -0.1768215 -0.2865135 -0.1476317 -0.1763246 -0.2922209 -0.1498128 -0.1768215 -0.2897115 -0.1487507 -0.1763246 -0.2956402 -0.1496274 -0.1768215 -0.2930782 -0.14913 -0.1768215 -0.2897115 -0.1192493 -0.1768215 -0.2930782 -0.11887 -0.1763246 -0.2922209 -0.1181872 -0.1768215 -0.2865135 -0.1203683 -0.1763246 -0.2888416 -0.1187412 -0.1768215 -0.2836448 -0.1221709 -0.1763246 -0.2856605 -0.1200087 -0.1768215 -0.2812491 -0.1245666 -0.1763246 -0.2828262 -0.1219304 -0.1768215 -0.2794465 -0.1274353 -0.1763246 -0.2804712 -0.1244164 -0.1768215 -0.2783275 -0.1306333 -0.1763246 -0.2787058 -0.1273506 -0.1765844 -0.277401 -0.134 -0.1763246 -0.2776124 -0.1305957 -0.1763246 -0.2772422 -0.134 -0.1767597 -0.27765 -0.134 -0.1765844 -0.2777675 -0.1373701 -0.1763246 -0.2776124 -0.1374043 -0.1767597 -0.2780107 -0.1373166 -0.1768215 -0.2783275 -0.1373667 -0.1768215 -0.2779482 -0.134 -0.1765844 -0.2788499 -0.1405827 -0.1767597 -0.2790759 -0.1404781 -0.1765844 -0.2805977 -0.1434875 -0.1767597 -0.2807959 -0.1433367 -0.1765844 -0.282929 -0.1459486 -0.1767597 -0.2830902 -0.1457588 -0.1765844 -0.2857348 -0.147851 -0.1767597 -0.2858515 -0.147631 -0.1765844 -0.2888841 -0.1491058 -0.1767597 -0.2889507 -0.1488658 -0.1765844 -0.2922294 -0.1496542 -0.1767597 -0.2922429 -0.1494056 -0.1765844 -0.2956145 -0.1494707 -0.1767597 -0.2955742 -0.149225 -0.1768215 -0.2964449 -0.1487507 -0.1767597 -0.2965113 -0.1490414 -0.1763246 -0.2989397 -0.1487113 -0.1765844 -0.2988809 -0.1485638 -0.1767597 -0.2987888 -0.1483324 -0.1768215 -0.2996429 -0.1476317 -0.1767597 -0.2997722 -0.1479003 -0.1763246 -0.3019652 -0.1471073 -0.1765844 -0.301876 -0.1469759 -0.1767597 -0.3017363 -0.1467697 -0.1768215 -0.3025116 -0.1458291 -0.1767597 -0.3026975 -0.1460623 -0.1763246 -0.3045751 -0.1448904 -0.1765844 -0.3044598 -0.1447812 -0.1767597 -0.304279 -0.14461 -0.1768215 -0.3049073 -0.1434334 -0.1767597 -0.3051404 -0.1436193 -0.1763246 -0.3066474 -0.1421643 -0.1765844 -0.3065113 -0.1420825 -0.1767597 -0.3062979 -0.1419541 -0.1768215 -0.3067098 -0.1405647 -0.1767597 -0.3069785 -0.140694 -0.1763246 -0.3080853 -0.1390565 -0.1765844 -0.3079348 -0.1390058 -0.1767597 -0.3076988 -0.1389263 -0.1768215 -0.3078289 -0.1373667 -0.1767597 -0.3081196 -0.1374331 -0.1763246 -0.3088214 -0.1357122 -0.1765844 -0.3086635 -0.135695 -0.1767597 -0.308416 -0.1356681 -0.1768215 -0.3082082 -0.134 -0.1767597 -0.3085064 -0.134 -0.1763246 -0.3088214 -0.1322878 -0.1765844 -0.3086635 -0.132305 -0.1767597 -0.308416 -0.1323319 -0.1768215 -0.3078289 -0.1306333 -0.1767597 -0.3081196 -0.1305669 -0.1763246 -0.3080853 -0.1289435 -0.1765844 -0.3079348 -0.1289942 -0.1767597 -0.3076988 -0.1290737 -0.1768215 -0.3067098 -0.1274353 -0.1767597 -0.3069785 -0.127306 -0.1763246 -0.3066474 -0.1258357 -0.1765844 -0.3065113 -0.1259175 -0.1767597 -0.3062979 -0.1260459 -0.1768215 -0.3049073 -0.1245666 -0.1767597 -0.3051404 -0.1243807 -0.1763246 -0.3045751 -0.1231096 -0.1765844 -0.3044598 -0.1232188 -0.1767597 -0.304279 -0.12339 -0.1768215 -0.3025116 -0.1221709 -0.1767597 -0.3026975 -0.1219378 -0.1763246 -0.3019652 -0.1208927 -0.1765844 -0.301876 -0.1210241 -0.1767597 -0.3017363 -0.1212302 -0.1768215 -0.2996429 -0.1203683 -0.1767597 -0.2997722 -0.1200997 -0.1763246 -0.2989397 -0.1192887 -0.1765844 -0.2988809 -0.1194362 -0.1767597 -0.2987888 -0.1196676 -0.1768215 -0.2964449 -0.1192493 -0.1767597 -0.2965113 -0.1189586 -0.1763246 -0.2956402 -0.1183726 -0.1765844 -0.2956145 -0.1185293 -0.1767597 -0.2955742 -0.118775 -0.1767597 -0.2930782 -0.1185718 -0.1767597 -0.2896451 -0.1189586 -0.1767597 -0.2863842 -0.1200997 -0.1765844 -0.2833036 -0.121743 -0.1767597 -0.2834589 -0.1219378 -0.1765844 -0.2808212 -0.1242254 -0.1767597 -0.2810159 -0.1243807 -0.1765844 -0.2789535 -0.1271979 -0.1767597 -0.2791779 -0.127306 -0.1765844 -0.277794 -0.1305115 -0.1767597 -0.2780368 -0.1305669 -0.1795 -0.2844673 -0.1352418 -0.1795 -0.2846475 -0.131852 -0.1776991 -0.2846475 -0.131852 -0.1776991 -0.2844673 -0.1352418 -0.1795 -0.285598 -0.1384426 -0.1776991 -0.285598 -0.1384426 -0.1795 -0.2878675 -0.1409669 -0.1776991 -0.2878675 -0.1409669 -0.1795 -0.2909302 -0.1424307 -0.1776991 -0.2909302 -0.1424307 -0.1795 -0.29432 -0.1426109 -0.1776991 -0.29432 -0.1426109 -0.1795 -0.2975208 -0.1414802 -0.1776991 -0.2975208 -0.1414802 -0.1776991 -0.3000451 -0.1392107 -0.1795 -0.3000451 -0.1392107 -0.1795 -0.3015089 -0.136148 -0.1776991 -0.3015089 -0.136148 -0.1795 -0.3016891 -0.1327582 -0.1776991 -0.3016891 -0.1327582 -0.1795 -0.3005584 -0.1295574 -0.1776991 -0.3005584 -0.1295574 -0.1795 -0.2982889 -0.1270331 -0.1776991 -0.2982889 -0.1270331 -0.1795 -0.2952261 -0.1255693 -0.1776991 -0.2952261 -0.1255693 -0.1795 -0.2918364 -0.1253891 -0.1776991 -0.2918364 -0.1253891 -0.1795 -0.2886357 -0.1265198 -0.1776991 -0.2886357 -0.1265198 -0.1795 -0.2861112 -0.1287893 -0.1776991 -0.2861112 -0.1287893 -0.18 -0.3010244 -0.1360245 -0.18 -0.2995139 -0.1390815 -0.18 -0.2968907 -0.1412598 -0.18 -0.2936082 -0.1421828 -0.18 -0.2902342 -0.141691 -0.18 -0.2873518 -0.1398693 -0.18 -0.2854596 -0.1370328 -0.18 -0.2848848 -0.1336718 -0.18 -0.2857266 -0.1303676 -0.18 -0.2878396 -0.1276915 -0.18 -0.2908584 -0.1261062 -0.18 -0.294261 -0.1258858 -0.18 -0.2974591 -0.1270684 -0.18 -0.2998997 -0.1294495 -0.18 -0.3011608 -0.1326175 -0.1759 -0.3108089 -0.1566315 -0.1759 -0.3134075 -0.1543293 -0.1762033 -0.3105946 -0.1515164 -0.1765067 -0.3059022 -0.1503687 -0.1765067 -0.3077818 -0.1487036 -0.17681 -0.3049689 -0.1458907 -0.17681 -0.3024207 -0.147982 -0.1765067 -0.3038357 -0.1517951 -0.17681 -0.2995134 -0.1495359 -0.1762033 -0.3083555 -0.1535001 -0.1765067 -0.3016123 -0.152962 -0.1762033 -0.3058937 -0.1551994 -0.1759 -0.3079517 -0.1586037 -0.1765067 -0.2992645 -0.1538525 -0.17681 -0.2963588 -0.1504929 -0.1762033 -0.3032449 -0.1565896 -0.1759 -0.3048776 -0.1602171 -0.1765067 -0.2968264 -0.1544534 -0.1762033 -0.3004479 -0.1576503 -0.1759 -0.3016314 -0.1614482 -0.1765067 -0.2943337 -0.1547561 -0.17681 -0.2930782 -0.150816 -0.1762033 -0.2975435 -0.1583662 -0.1759 -0.2982605 -0.1622791 -0.1765067 -0.2918227 -0.1547561 -0.17681 -0.2897975 -0.1504929 -0.1762033 -0.2945739 -0.1587268 -0.1759 -0.2948141 -0.1626975 -0.1765067 -0.28933 -0.1544534 -0.1762033 -0.2915825 -0.1587268 -0.1759 -0.2913423 -0.1626975 -0.1765067 -0.2868919 -0.1538525 -0.17681 -0.286643 -0.1495359 -0.1762033 -0.2886129 -0.1583662 -0.1759 -0.2878958 -0.1622791 -0.1765067 -0.2845441 -0.152962 -0.1762033 -0.2857084 -0.1576503 -0.1759 -0.284525 -0.1614482 -0.1765067 -0.2823207 -0.1517951 -0.17681 -0.2837357 -0.147982 -0.1762033 -0.2829114 -0.1565896 -0.1759 -0.2812788 -0.1602171 -0.1765067 -0.2802542 -0.1503687 -0.17681 -0.2811875 -0.1458907 -0.1762033 -0.2802627 -0.1551994 -0.1759 -0.2782047 -0.1586037 -0.1765067 -0.2783746 -0.1487036 -0.1762033 -0.2778008 -0.1535001 -0.1759 -0.2753475 -0.1566315 -0.1765067 -0.2767095 -0.1468241 -0.17681 -0.2790962 -0.1433425 -0.1762033 -0.2755617 -0.1515164 -0.1759 -0.2727489 -0.1543293 -0.1765067 -0.2752831 -0.1447575 -0.17681 -0.2775422 -0.1404352 -0.1762033 -0.2735781 -0.1492774 -0.1759 -0.2704467 -0.1517307 -0.1765067 -0.2741161 -0.1425341 -0.1762033 -0.2718788 -0.1468155 -0.1759 -0.2684745 -0.1488735 -0.1765067 -0.2732257 -0.1401863 -0.17681 -0.2765853 -0.1372806 -0.1762033 -0.2704886 -0.1441667 -0.1759 -0.2668611 -0.1457994 -0.1765067 -0.2726248 -0.1377482 -0.1762033 -0.2694279 -0.1413698 -0.1759 -0.26563 -0.1425532 -0.1759 -0.2647991 -0.1391823 -0.1765067 -0.2723221 -0.1352555 -0.17681 -0.2762622 -0.134 -0.1762033 -0.268712 -0.1384653 -0.1765067 -0.2723221 -0.1327445 -0.17681 -0.2766201 -0.1305491 -0.1762033 -0.2683514 -0.1354957 -0.1759 -0.2643806 -0.1357359 -0.1765067 -0.2726248 -0.1302518 -0.1762033 -0.2683514 -0.1325043 -0.1759 -0.2643806 -0.1322641 -0.1765067 -0.2732257 -0.1278137 -0.17681 -0.2776786 -0.1272451 -0.1762033 -0.268712 -0.1295347 -0.1759 -0.2647991 -0.1288177 -0.1765067 -0.2741161 -0.1254659 -0.1762033 -0.2694279 -0.1266303 -0.1759 -0.26563 -0.1254468 -0.1759 -0.2668611 -0.1222006 -0.1765067 -0.2752831 -0.1232425 -0.17681 -0.2793925 -0.1242286 -0.1762033 -0.2704886 -0.1238333 -0.1765067 -0.2767095 -0.121176 -0.17681 -0.281689 -0.1216281 -0.1762033 -0.2718788 -0.1211845 -0.1759 -0.2684745 -0.1191265 -0.1759 -0.2704467 -0.1162693 -0.1765067 -0.2783746 -0.1192964 -0.1762033 -0.2735781 -0.1187226 -0.1765067 -0.2802542 -0.1176313 -0.17681 -0.2844703 -0.1195542 -0.1762033 -0.2755617 -0.1164836 -0.1759 -0.2727489 -0.1136707 -0.1765067 -0.2823207 -0.1162049 -0.1762033 -0.2778008 -0.1144999 -0.1759 -0.2753475 -0.1113685 -0.1765067 -0.2845441 -0.115038 -0.17681 -0.287618 -0.1180952 -0.1762033 -0.2802627 -0.1128006 -0.1759 -0.2782047 -0.1093963 -0.1759 -0.2812788 -0.1077829 -0.1765067 -0.2868919 -0.1141475 -0.1762033 -0.2829114 -0.1114104 -0.1765067 -0.28933 -0.1135466 -0.17681 -0.2909982 -0.1173131 -0.1762033 -0.2857084 -0.1103497 -0.1759 -0.284525 -0.1065518 -0.1765067 -0.2918227 -0.1132439 -0.17681 -0.2944668 -0.1172414 -0.1762033 -0.2886129 -0.1096338 -0.1759 -0.2878958 -0.1057209 -0.1759 -0.2913423 -0.1053025 -0.1765067 -0.2943337 -0.1132439 -0.1762033 -0.2915825 -0.1092732 -0.1765067 -0.2968264 -0.1135466 -0.17681 -0.2978764 -0.1178831 -0.1762033 -0.2945739 -0.1092732 -0.1759 -0.2948141 -0.1053025 -0.1765067 -0.2992645 -0.1141475 -0.1762033 -0.2975435 -0.1096338 -0.1759 -0.2982605 -0.1057209 -0.1759 -0.3016314 -0.1065518 -0.1765067 -0.3016123 -0.115038 -0.17681 -0.3010817 -0.1192108 -0.1762033 -0.3004479 -0.1103497 -0.1759 -0.3048776 -0.1077829 -0.1765067 -0.3038357 -0.1162049 -0.17681 -0.3039464 -0.121168 -0.1762033 -0.3032449 -0.1114104 -0.1765067 -0.3059022 -0.1176313 -0.1762033 -0.3058937 -0.1128006 -0.1759 -0.3079517 -0.1093963 -0.1765067 -0.3077818 -0.1192964 -0.17681 -0.3063484 -0.1236714 -0.1762033 -0.3083555 -0.1144999 -0.1759 -0.3108089 -0.1113685 -0.1765067 -0.3094469 -0.121176 -0.1762033 -0.3105946 -0.1164836 -0.1759 -0.3134075 -0.1136707 -0.1759 -0.3157097 -0.1162693 -0.1765067 -0.3108733 -0.1232425 -0.17681 -0.3081855 -0.1266145 -0.1762033 -0.3125783 -0.1187226 -0.1765067 -0.3120402 -0.1254659 -0.1762033 -0.3142776 -0.1211845 -0.1759 -0.3176819 -0.1191265 -0.1759 -0.3192953 -0.1222006 -0.1765067 -0.3129306 -0.1278137 -0.17681 -0.3093796 -0.1298719 -0.1762033 -0.3156678 -0.1238333 -0.1765067 -0.3135316 -0.1302518 -0.17681 -0.3098798 -0.1333051 -0.1762033 -0.3167285 -0.1266303 -0.1759 -0.3205264 -0.1254468 -0.1765067 -0.3138342 -0.1327445 -0.1762033 -0.3174444 -0.1295347 -0.1759 -0.3213573 -0.1288177 -0.1765067 -0.3138342 -0.1352555 -0.17681 -0.3096648 -0.1367678 -0.1762033 -0.317805 -0.1325043 -0.1759 -0.3217757 -0.1322641 -0.1765067 -0.3135316 -0.1377482 -0.1762033 -0.317805 -0.1354957 -0.1759 -0.3217757 -0.1357359 -0.1759 -0.3213573 -0.1391823 -0.1765067 -0.3129306 -0.1401863 -0.17681 -0.3087438 -0.1401127 -0.1762033 -0.3174444 -0.1384653 -0.1765067 -0.3120402 -0.1425341 -0.17681 -0.307156 -0.1431975 -0.1762033 -0.3167285 -0.1413698 -0.1759 -0.3205264 -0.1425532 -0.1765067 -0.3108733 -0.1447575 -0.1762033 -0.3156678 -0.1441667 -0.1759 -0.3192953 -0.1457994 -0.1765067 -0.3094469 -0.1468241 -0.1762033 -0.3142776 -0.1468155 -0.1759 -0.3176819 -0.1488735 -0.1759 -0.3157097 -0.1517307 -0.1762033 -0.3125783 -0.1492774 -0.1755262 -0.3108089 -0.1566315 -0.1755262 -0.3134075 -0.1543293 -0.1755262 -0.3079517 -0.1586037 -0.1755262 -0.3048776 -0.1602171 -0.1755262 -0.3016314 -0.1614482 -0.1755262 -0.2982605 -0.1622791 -0.1755262 -0.2948141 -0.1626975 -0.1755262 -0.2913423 -0.1626975 -0.1755262 -0.2878958 -0.1622791 -0.1755262 -0.284525 -0.1614482 -0.1755262 -0.2812788 -0.1602171 -0.1755262 -0.2782047 -0.1586037 -0.1755262 -0.2753475 -0.1566315 -0.1755262 -0.2727489 -0.1543293 -0.1755262 -0.2704467 -0.1517307 -0.1755262 -0.2684745 -0.1488735 -0.1755262 -0.2668611 -0.1457994 -0.1755262 -0.26563 -0.1425532 -0.1755262 -0.2647991 -0.1391823 -0.1755262 -0.2643806 -0.1357359 -0.1755262 -0.2643806 -0.1322641 -0.1755262 -0.2647991 -0.1288177 -0.1755262 -0.26563 -0.1254468 -0.1755262 -0.2668611 -0.1222006 -0.1755262 -0.2684745 -0.1191265 -0.1755262 -0.2704467 -0.1162693 -0.1755262 -0.2727489 -0.1136707 -0.1755262 -0.2753475 -0.1113685 -0.1755262 -0.2782047 -0.1093963 -0.1755262 -0.2812788 -0.1077829 -0.1755262 -0.284525 -0.1065518 -0.1755262 -0.2878958 -0.1057209 -0.1755262 -0.2913423 -0.1053025 -0.1755262 -0.2948141 -0.1053025 -0.1755262 -0.2982605 -0.1057209 -0.1755262 -0.3016314 -0.1065518 -0.1755262 -0.3048776 -0.1077829 -0.1755262 -0.3079517 -0.1093963 -0.1755262 -0.3108089 -0.1113685 -0.1755262 -0.3134075 -0.1136707 -0.1755262 -0.3157097 -0.1162693 -0.1755262 -0.3176819 -0.1191265 -0.1755262 -0.3192953 -0.1222006 -0.1755262 -0.3205264 -0.1254468 -0.1755262 -0.3213573 -0.1288177 -0.1755262 -0.3217757 -0.1322641 -0.1755262 -0.3217757 -0.1357359 -0.1755262 -0.3213573 -0.1391823 -0.1755262 -0.3205264 -0.1425532 -0.1755262 -0.3192953 -0.1457994 -0.1755262 -0.3176819 -0.1488735 -0.1755262 -0.3157097 -0.1517307 -0.1763246 -0.2771558 -0.1373844 -0.1763246 -0.2782074 -0.1406209 -0.1763246 -0.2799089 -0.1435681 -0.1763246 -0.282186 -0.146097 -0.1763246 -0.307949 -0.1406209 -0.1763246 -0.3062475 -0.1435681 -0.1763246 -0.3090006 -0.1373844 -0.1763246 -0.3093563 -0.134 -0.1763246 -0.3090006 -0.1306156 -0.1763246 -0.307949 -0.1273791 -0.1763246 -0.3062475 -0.124432 -0.1763246 -0.3039704 -0.121903 -0.1763246 -0.3012173 -0.1199027 -0.1763246 -0.2981084 -0.1185186 -0.1763246 -0.2947797 -0.117811 -0.1763246 -0.2913766 -0.117811 -0.1763246 -0.288048 -0.1185186 -0.1763246 -0.2849391 -0.1199027 -0.1763246 -0.282186 -0.121903 -0.1763246 -0.2799089 -0.124432 -0.1763246 -0.2782074 -0.1273791 -0.1767586 -0.276524 -0.134 -0.1765798 -0.2767221 -0.134 -0.1767586 -0.2768421 -0.1372296 -0.1765798 -0.2770364 -0.1371909 -0.1763246 -0.2768 -0.134 -0.1767586 -0.2777841 -0.140335 -0.1765798 -0.2779672 -0.1402592 -0.1767586 -0.2793139 -0.143197 -0.1765798 -0.2794786 -0.1430869 -0.1767586 -0.2813727 -0.1457056 -0.1765798 -0.2815127 -0.1455655 -0.1767586 -0.2838812 -0.1477643 -0.1765798 -0.2839912 -0.1475996 -0.1763246 -0.2849391 -0.1480973 -0.1765798 -0.2849001 -0.1481648 -0.1767586 -0.2867432 -0.149294 -0.1765798 -0.286819 -0.149111 -0.1763246 -0.288048 -0.1494814 -0.1765798 -0.2880239 -0.1495555 -0.1767586 -0.2898486 -0.1502361 -0.1765798 -0.2898873 -0.1500418 -0.1763246 -0.2913766 -0.150189 -0.1765798 -0.2913685 -0.1502664 -0.1767586 -0.2930782 -0.1505541 -0.1765798 -0.2930782 -0.150356 -0.1763246 -0.2947797 -0.150189 -0.1765798 -0.2947879 -0.1502664 -0.1767586 -0.2963077 -0.1502361 -0.1765798 -0.2962691 -0.1500418 -0.1763246 -0.2981084 -0.1494814 -0.1765798 -0.2981325 -0.1495555 -0.1767586 -0.2994132 -0.149294 -0.1765798 -0.2993374 -0.149111 -0.1763246 -0.3012173 -0.1480973 -0.1765798 -0.3012562 -0.1481648 -0.1767586 -0.3022752 -0.1477643 -0.1765798 -0.3021651 -0.1475996 -0.1763246 -0.3039704 -0.146097 -0.1765798 -0.3040225 -0.1461549 -0.1767586 -0.3047837 -0.1457056 -0.1765798 -0.3046437 -0.1455655 -0.1765798 -0.3063105 -0.1436138 -0.1765798 -0.3080202 -0.1406526 -0.1765798 -0.3090768 -0.1374006 -0.1765798 -0.3094342 -0.134 -0.1765798 -0.3090768 -0.1305994 -0.1765798 -0.3080202 -0.1273474 -0.1765798 -0.3063105 -0.1243862 -0.1765798 -0.3040225 -0.1218451 -0.1767586 -0.3013553 -0.1196637 -0.1765798 -0.3012562 -0.1198352 -0.1767586 -0.2981937 -0.1182561 -0.1765798 -0.2981325 -0.1184445 -0.1767586 -0.2948086 -0.1175365 -0.1765798 -0.2947879 -0.1177335 -0.1767586 -0.2913478 -0.1175365 -0.1765798 -0.2913685 -0.1177335 -0.1767586 -0.2879627 -0.1182561 -0.1765798 -0.2880239 -0.1184445 -0.1767586 -0.2848011 -0.1196637 -0.1765798 -0.2849001 -0.1198352 -0.1767586 -0.2820013 -0.1216979 -0.1765798 -0.2821339 -0.1218451 -0.1767586 -0.2796856 -0.1242697 -0.1765798 -0.2798459 -0.1243862 -0.1767586 -0.2779552 -0.1272668 -0.1765798 -0.2781362 -0.1273474 -0.1767586 -0.2768858 -0.1305582 -0.1765798 -0.2770796 -0.1305994 -0.1763246 -0.2771558 -0.1306156 -0.1747682 -0.2583742 -0.134 -0.176 -0.2610398 -0.134 -0.176 -0.2612276 -0.130536 -0.1756772 -0.2595716 -0.134 -0.1747682 -0.2585414 -0.1374016 -0.1756772 -0.2597329 -0.1372842 -0.176 -0.2612276 -0.137464 -0.1747682 -0.2590411 -0.1407704 -0.1756772 -0.2602154 -0.1405368 -0.176 -0.2617888 -0.1408873 -0.1747682 -0.2598686 -0.144074 -0.1747682 -0.2601909 -0.145081 -0.1756772 -0.2610144 -0.1437265 -0.176 -0.2627169 -0.1442299 -0.1756772 -0.2613256 -0.1446987 -0.1747682 -0.2610159 -0.1472806 -0.1747682 -0.2615818 -0.1485718 -0.1756772 -0.2621221 -0.1468224 -0.176 -0.2640009 -0.1474526 -0.1756772 -0.2626684 -0.148069 -0.1747682 -0.262472 -0.1503593 -0.1756772 -0.263528 -0.1497949 -0.176 -0.2656259 -0.1505175 -0.1747682 -0.2633419 -0.1518918 -0.1756772 -0.2643678 -0.1512744 -0.1747682 -0.2642229 -0.1532805 -0.1756772 -0.2652185 -0.1526153 -0.176 -0.2675726 -0.1533888 -0.1747682 -0.2654506 -0.1550019 -0.1747682 -0.2662517 -0.1560159 -0.1756772 -0.2664038 -0.1542773 -0.1756772 -0.2671772 -0.1552563 -0.176 -0.2698185 -0.1560328 -0.1747682 -0.2678833 -0.1578659 -0.1747682 -0.2685388 -0.1585394 -0.1756772 -0.2687526 -0.1570425 -0.1756772 -0.2693855 -0.1576927 -0.176 -0.272337 -0.1584184 -0.1747682 -0.2706113 -0.16045 -0.1756772 -0.2713865 -0.1595374 -0.1747682 -0.2736028 -0.1627241 -0.1756772 -0.2742747 -0.161733 -0.176 -0.2750987 -0.1605178 -0.1747682 -0.2767189 -0.1646061 -0.1756772 -0.2772833 -0.1635502 -0.176 -0.2780711 -0.1623063 -0.1747682 -0.2797976 -0.1660623 -0.1756772 -0.2802558 -0.1649561 -0.176 -0.2812195 -0.1637629 -0.1747682 -0.2830042 -0.1672096 -0.1756772 -0.2833517 -0.1660638 -0.176 -0.284507 -0.1648706 -0.1747682 -0.2863078 -0.1680371 -0.1747682 -0.2874637 -0.1682468 -0.1756772 -0.2865414 -0.1668628 -0.176 -0.287895 -0.1656163 -0.1756772 -0.2876574 -0.1670652 -0.1747682 -0.2896766 -0.1685368 -0.1747682 -0.2911993 -0.168653 -0.1756772 -0.289794 -0.1673452 -0.176 -0.2913437 -0.1659914 -0.1756772 -0.2912642 -0.1674574 -0.1747682 -0.2930782 -0.1687039 -0.1756772 -0.2930782 -0.1675066 -0.176 -0.2948127 -0.1659914 -0.1747682 -0.294957 -0.168653 -0.1747682 -0.2964798 -0.1685368 -0.1756772 -0.2948922 -0.1674574 -0.1756772 -0.2963624 -0.1673452 -0.176 -0.2982614 -0.1656163 -0.1747682 -0.2986927 -0.1682468 -0.1747682 -0.2998486 -0.1680371 -0.1756772 -0.298499 -0.1670652 -0.1756772 -0.299615 -0.1668628 -0.176 -0.3016494 -0.1648706 -0.1747682 -0.3023625 -0.167439 -0.1756772 -0.3020421 -0.1662853 -0.1747682 -0.3059234 -0.1662392 -0.1756772 -0.3054803 -0.1651268 -0.176 -0.3049368 -0.1637629 -0.1747682 -0.3093338 -0.1646613 -0.1756772 -0.3087729 -0.1636035 -0.176 -0.3080852 -0.1623063 -0.1747682 -0.3123587 -0.1628553 -0.1756772 -0.3116935 -0.1618597 -0.176 -0.3110577 -0.1605178 -0.1747682 -0.3150941 -0.1608265 -0.1756772 -0.3143345 -0.1599009 -0.176 -0.3138194 -0.1584184 -0.1747682 -0.3176176 -0.1585394 -0.1747682 -0.3182731 -0.1578659 -0.1756772 -0.3167709 -0.1576927 -0.176 -0.3163379 -0.1560328 -0.1756772 -0.3174038 -0.1570425 -0.1747682 -0.3199047 -0.1560159 -0.1747682 -0.3207057 -0.1550019 -0.1756772 -0.3189791 -0.1552563 -0.176 -0.3185837 -0.1533888 -0.1756772 -0.3197526 -0.1542773 -0.1747682 -0.3219335 -0.1532805 -0.1756772 -0.3209379 -0.1526153 -0.176 -0.3205305 -0.1505175 -0.1747682 -0.3228145 -0.1518918 -0.1756772 -0.3217885 -0.1512744 -0.1747682 -0.3236843 -0.1503593 -0.1756772 -0.3226284 -0.1497949 -0.176 -0.3221555 -0.1474526 -0.1747682 -0.3245746 -0.1485718 -0.1747682 -0.3251404 -0.1472806 -0.1756772 -0.3234879 -0.148069 -0.1756772 -0.3240342 -0.1468224 -0.176 -0.3234395 -0.1442299 -0.1747682 -0.3259655 -0.145081 -0.1747682 -0.3262878 -0.144074 -0.1756772 -0.3248308 -0.1446987 -0.1756772 -0.325142 -0.1437265 -0.176 -0.3243676 -0.1408873 -0.1747682 -0.3269708 -0.1414603 -0.1756772 -0.3258014 -0.1412029 -0.1747682 -0.3275787 -0.1377522 -0.1756772 -0.3263884 -0.1376227 -0.176 -0.3249288 -0.137464 -0.176 -0.3251166 -0.134 -0.1747682 -0.3277821 -0.134 -0.1756772 -0.3265848 -0.134 -0.1747682 -0.327615 -0.1305984 -0.1756772 -0.3264234 -0.1307158 -0.176 -0.3249288 -0.130536 -0.1747682 -0.3271153 -0.1272296 -0.1756772 -0.3259409 -0.1274632 -0.176 -0.3243676 -0.1271127 -0.1747682 -0.3262878 -0.123926 -0.1747682 -0.3259655 -0.122919 -0.1756772 -0.325142 -0.1242736 -0.176 -0.3234395 -0.1237701 -0.1756772 -0.3248308 -0.1233013 -0.1747682 -0.3251404 -0.1207194 -0.1747682 -0.3245746 -0.1194282 -0.1756772 -0.3240342 -0.1211776 -0.176 -0.3221555 -0.1205474 -0.1756772 -0.3234879 -0.1199309 -0.1747682 -0.3236843 -0.1176407 -0.1756772 -0.3226284 -0.1182051 -0.176 -0.3205305 -0.1174825 -0.1747682 -0.3228145 -0.1161083 -0.1756772 -0.3217885 -0.1167255 -0.1747682 -0.3219335 -0.1147195 -0.1756772 -0.3209379 -0.1153847 -0.176 -0.3185837 -0.1146112 -0.1747682 -0.3207057 -0.1129981 -0.1747682 -0.3199047 -0.1119841 -0.1756772 -0.3197526 -0.1137227 -0.1756772 -0.3189791 -0.1127436 -0.176 -0.3163379 -0.1119672 -0.1747682 -0.3182731 -0.1101341 -0.1747682 -0.3176176 -0.1094606 -0.1756772 -0.3174038 -0.1109575 -0.1756772 -0.3167709 -0.1103073 -0.176 -0.3138194 -0.1095816 -0.1747682 -0.315545 -0.10755 -0.1756772 -0.3147699 -0.1084626 -0.1747682 -0.3125536 -0.1052759 -0.1756772 -0.3118817 -0.106267 -0.176 -0.3110577 -0.1074822 -0.1747682 -0.3094375 -0.1033939 -0.1756772 -0.3088731 -0.1044498 -0.176 -0.3080852 -0.1056937 -0.1747682 -0.3063588 -0.1019377 -0.1756772 -0.3059006 -0.103044 -0.176 -0.3049368 -0.1042371 -0.1747682 -0.3031522 -0.1007904 -0.1756772 -0.3028046 -0.1019362 -0.176 -0.3016494 -0.1031294 -0.1747682 -0.2998486 -0.09996289 -0.1747682 -0.2986927 -0.09975323 -0.1756772 -0.299615 -0.1011372 -0.176 -0.2982614 -0.1023837 -0.1756772 -0.298499 -0.1009348 -0.1747682 -0.2964798 -0.09946317 -0.1747682 -0.294957 -0.09934696 -0.1756772 -0.2963624 -0.1006548 -0.176 -0.2948127 -0.1020086 -0.1756772 -0.2948922 -0.1005426 -0.1747682 -0.2930782 -0.09929607 -0.1756772 -0.2930782 -0.1004934 -0.176 -0.2913437 -0.1020086 -0.1747682 -0.2911993 -0.09934696 -0.1747682 -0.2896766 -0.09946317 -0.1756772 -0.2912642 -0.1005426 -0.1756772 -0.289794 -0.1006548 -0.176 -0.287895 -0.1023837 -0.1747682 -0.2874637 -0.09975323 -0.1747682 -0.2863078 -0.09996289 -0.1756772 -0.2876574 -0.1009348 -0.1756772 -0.2865414 -0.1011372 -0.176 -0.284507 -0.1031294 -0.1747682 -0.2837939 -0.100561 -0.1756772 -0.2841142 -0.1017147 -0.176 -0.2812195 -0.1042371 -0.1747682 -0.2802329 -0.1017608 -0.1756772 -0.2806761 -0.1028732 -0.1747682 -0.2768226 -0.1033387 -0.1756772 -0.2773834 -0.1043965 -0.176 -0.2780711 -0.1056937 -0.1747682 -0.2737977 -0.1051447 -0.1756772 -0.2744629 -0.1061403 -0.176 -0.2750987 -0.1074822 -0.1747682 -0.2710623 -0.1071735 -0.1756772 -0.2718218 -0.1080991 -0.176 -0.272337 -0.1095816 -0.1747682 -0.2685388 -0.1094606 -0.1747682 -0.2678833 -0.1101341 -0.1756772 -0.2693855 -0.1103073 -0.176 -0.2698185 -0.1119672 -0.1756772 -0.2687526 -0.1109575 -0.1747682 -0.2662517 -0.1119841 -0.1747682 -0.2654506 -0.1129981 -0.1756772 -0.2671772 -0.1127436 -0.176 -0.2675726 -0.1146112 -0.1756772 -0.2664038 -0.1137227 -0.1747682 -0.2642229 -0.1147195 -0.1756772 -0.2652185 -0.1153847 -0.176 -0.2656259 -0.1174825 -0.1747682 -0.2633419 -0.1161083 -0.1756772 -0.2643678 -0.1167255 -0.1747682 -0.262472 -0.1176407 -0.1756772 -0.263528 -0.1182051 -0.176 -0.2640009 -0.1205474 -0.1747682 -0.2615818 -0.1194282 -0.1747682 -0.2610159 -0.1207194 -0.1756772 -0.2626684 -0.1199309 -0.1756772 -0.2621221 -0.1211776 -0.176 -0.2627169 -0.1237701 -0.1747682 -0.2601909 -0.122919 -0.1747682 -0.2598686 -0.123926 -0.1756772 -0.2613256 -0.1233013 -0.1756772 -0.2610144 -0.1242736 -0.176 -0.2617888 -0.1271127 -0.1747682 -0.2591856 -0.1265397 -0.1756772 -0.260355 -0.1267971 -0.1747682 -0.2585777 -0.1302478 -0.1756772 -0.259768 -0.1303773 -0.176 -0.2650993 -0.1441835 -0.1755262 -0.264622 -0.1408763 -0.176 -0.2641063 -0.1408665 -0.176 -0.2664707 -0.1473628 -0.1755262 -0.2656351 -0.1441937 -0.176 -0.268202 -0.1503613 -0.1755262 -0.2670333 -0.1473679 -0.176 -0.2702696 -0.1531387 -0.1755262 -0.2687972 -0.1503545 -0.176 -0.2726457 -0.1556572 -0.1755262 -0.2709019 -0.1531115 -0.176 -0.2752981 -0.1578828 -0.1755262 -0.273318 -0.1556002 -0.176 -0.2781909 -0.1597855 -0.1755262 -0.2760114 -0.1577857 -0.176 -0.2812851 -0.1613394 -0.1755262 -0.2789444 -0.1596373 -0.176 -0.2845388 -0.1625236 -0.1755262 -0.2820758 -0.161129 -0.176 -0.2879079 -0.1633221 -0.1755262 -0.2853616 -0.1622399 -0.176 -0.291347 -0.1637241 -0.1755262 -0.2887558 -0.1629543 -0.176 -0.2948094 -0.1637241 -0.1755262 -0.2922107 -0.1632623 -0.1755262 -0.2887558 -0.1050457 -0.1755262 -0.2922107 -0.1047377 -0.176 -0.291347 -0.1042759 -0.1755262 -0.2853616 -0.1057601 -0.176 -0.2879079 -0.1046779 -0.1755262 -0.2820758 -0.106871 -0.176 -0.2845388 -0.1054764 -0.1755262 -0.2789444 -0.1083627 -0.176 -0.2812851 -0.1066606 -0.1755262 -0.2760114 -0.1102143 -0.176 -0.2781909 -0.1082145 -0.1755262 -0.273318 -0.1123998 -0.176 -0.2752981 -0.1101172 -0.1755262 -0.2709019 -0.1148885 -0.176 -0.2726457 -0.1123428 -0.1755262 -0.2687972 -0.1176455 -0.176 -0.2702696 -0.1148613 -0.1755262 -0.2670333 -0.1206321 -0.176 -0.268202 -0.1176387 -0.1755262 -0.2656351 -0.1238063 -0.176 -0.2664707 -0.1206372 -0.1755262 -0.264622 -0.1271237 -0.176 -0.2650993 -0.1238165 -0.1755262 -0.2640085 -0.1305375 -0.176 -0.2641063 -0.1271335 -0.1759373 -0.2635461 -0.134 -0.176 -0.263505 -0.1305434 -0.176 -0.2633037 -0.134 -0.175765 -0.2637277 -0.134 -0.1755262 -0.263803 -0.134 -0.1759373 -0.2637458 -0.1374285 -0.176 -0.263505 -0.1374566 -0.175765 -0.2639262 -0.1374074 -0.1755262 -0.2640085 -0.1374625 -0.1759373 -0.2643422 -0.1408106 -0.175765 -0.2645189 -0.1407687 -0.1759373 -0.2653271 -0.1441006 -0.175765 -0.2654978 -0.1440385 -0.1759373 -0.2666873 -0.147254 -0.175765 -0.2668497 -0.1471725 -0.1759373 -0.2684045 -0.1502281 -0.175765 -0.2685562 -0.1501283 -0.1759373 -0.2704553 -0.1529828 -0.175765 -0.2705944 -0.1528661 -0.1759373 -0.272812 -0.1554809 -0.175765 -0.2729367 -0.1553488 -0.1759373 -0.2754428 -0.1576884 -0.175765 -0.2755513 -0.1575427 -0.1759373 -0.2783122 -0.1595755 -0.175765 -0.278403 -0.1594182 -0.1759373 -0.2813811 -0.1611168 -0.175765 -0.2814531 -0.1609501 -0.1759373 -0.2846083 -0.1622914 -0.175765 -0.2846604 -0.1621174 -0.1759373 -0.28795 -0.1630834 -0.175765 -0.2879815 -0.1629046 -0.1759373 -0.2913611 -0.1634821 -0.175765 -0.2913716 -0.1633008 -0.1759373 -0.2947953 -0.1634821 -0.175765 -0.2947848 -0.1633008 -0.1755262 -0.2956777 -0.1631595 -0.175765 -0.2956844 -0.1632345 -0.176 -0.2982485 -0.1633221 -0.1759373 -0.2982064 -0.1630834 -0.175765 -0.2981748 -0.1629046 -0.1755262 -0.2991082 -0.1626474 -0.175765 -0.2991237 -0.1627211 -0.176 -0.3016176 -0.1625236 -0.1759373 -0.3015481 -0.1622914 -0.175765 -0.301496 -0.1621174 -0.1755262 -0.3024541 -0.1617331 -0.175765 -0.3024782 -0.1618045 -0.176 -0.3048712 -0.1613394 -0.1759373 -0.3047752 -0.1611168 -0.175765 -0.3047033 -0.1609501 -0.1755262 -0.3056684 -0.1604296 -0.175765 -0.3057008 -0.1604975 -0.176 -0.3079654 -0.1597855 -0.1759373 -0.3078442 -0.1595755 -0.175765 -0.3077534 -0.1594182 -0.1755262 -0.308706 -0.158755 -0.175765 -0.3087462 -0.1588186 -0.176 -0.3108583 -0.1578828 -0.1759373 -0.3107135 -0.1576884 -0.175765 -0.3106051 -0.1575427 -0.1755262 -0.3115241 -0.1567329 -0.175765 -0.3115716 -0.1567913 -0.176 -0.3135107 -0.1556572 -0.1759373 -0.3133443 -0.1554809 -0.175765 -0.3132197 -0.1553488 -0.1755262 -0.3140833 -0.1543916 -0.175765 -0.3141374 -0.1544441 -0.176 -0.3158868 -0.1531387 -0.1759373 -0.3157011 -0.1529828 -0.175765 -0.315562 -0.1528661 -0.1755262 -0.3163477 -0.1517642 -0.175765 -0.3164075 -0.1518099 -0.176 -0.3179544 -0.1503613 -0.1759373 -0.3177519 -0.1502281 -0.175765 -0.3176001 -0.1501283 -0.1755262 -0.3182854 -0.1488873 -0.175765 -0.3183502 -0.1489256 -0.176 -0.3196856 -0.1473628 -0.1759373 -0.319469 -0.147254 -0.175765 -0.3193067 -0.1471725 -0.1755262 -0.3198692 -0.1458015 -0.175765 -0.3199381 -0.1458319 -0.176 -0.321057 -0.1441835 -0.1759373 -0.3208293 -0.1441006 -0.175765 -0.3206586 -0.1440385 -0.1755262 -0.321077 -0.14255 -0.175765 -0.321149 -0.142572 -0.176 -0.3220501 -0.1408665 -0.1759373 -0.3218142 -0.1408106 -0.175765 -0.3216375 -0.1407687 -0.1755262 -0.3218917 -0.1391785 -0.175765 -0.3219658 -0.1391918 -0.176 -0.3226513 -0.1374566 -0.1759373 -0.3224106 -0.1374285 -0.175765 -0.3222302 -0.1374074 -0.1755262 -0.3223019 -0.1357343 -0.175765 -0.3223771 -0.1357387 -0.176 -0.3228527 -0.134 -0.1759373 -0.3226103 -0.134 -0.175765 -0.3224286 -0.134 -0.1755262 -0.3223019 -0.1322657 -0.175765 -0.3223771 -0.1322613 -0.176 -0.3226513 -0.1305434 -0.1759373 -0.3224106 -0.1305715 -0.175765 -0.3222302 -0.1305926 -0.1755262 -0.3218917 -0.1288215 -0.175765 -0.3219658 -0.1288082 -0.176 -0.3220501 -0.1271335 -0.1759373 -0.3218142 -0.1271894 -0.175765 -0.3216375 -0.1272313 -0.1755262 -0.321077 -0.12545 -0.175765 -0.321149 -0.125428 -0.176 -0.321057 -0.1238165 -0.1759373 -0.3208293 -0.1238994 -0.175765 -0.3206586 -0.1239616 -0.1755262 -0.3198692 -0.1221985 -0.175765 -0.3199381 -0.1221681 -0.176 -0.3196856 -0.1206372 -0.1759373 -0.319469 -0.120746 -0.175765 -0.3193067 -0.1208275 -0.1755262 -0.3182854 -0.1191127 -0.175765 -0.3183502 -0.1190744 -0.176 -0.3179544 -0.1176387 -0.1759373 -0.3177519 -0.1177719 -0.175765 -0.3176001 -0.1178717 -0.1755262 -0.3163477 -0.1162358 -0.175765 -0.3164075 -0.1161901 -0.176 -0.3158868 -0.1148613 -0.1759373 -0.3157011 -0.1150171 -0.175765 -0.315562 -0.1151339 -0.1755262 -0.3140833 -0.1136084 -0.175765 -0.3141374 -0.1135559 -0.176 -0.3135107 -0.1123428 -0.1759373 -0.3133443 -0.1125191 -0.175765 -0.3132197 -0.1126513 -0.1755262 -0.3115241 -0.1112671 -0.175765 -0.3115716 -0.1112087 -0.176 -0.3108583 -0.1101172 -0.1759373 -0.3107135 -0.1103116 -0.175765 -0.3106051 -0.1104573 -0.1755262 -0.308706 -0.109245 -0.175765 -0.3087462 -0.1091814 -0.176 -0.3079654 -0.1082145 -0.1759373 -0.3078442 -0.1084245 -0.175765 -0.3077534 -0.1085818 -0.1755262 -0.3056684 -0.1075704 -0.175765 -0.3057008 -0.1075025 -0.176 -0.3048712 -0.1066606 -0.1759373 -0.3047752 -0.1068832 -0.175765 -0.3047033 -0.1070499 -0.1755262 -0.3024541 -0.1062669 -0.175765 -0.3024782 -0.1061955 -0.176 -0.3016176 -0.1054764 -0.1759373 -0.3015481 -0.1057086 -0.175765 -0.301496 -0.1058826 -0.1755262 -0.2991082 -0.1053526 -0.175765 -0.2991237 -0.1052789 -0.176 -0.2982485 -0.1046779 -0.1759373 -0.2982064 -0.1049166 -0.175765 -0.2981748 -0.1050954 -0.1755262 -0.2956777 -0.1048405 -0.175765 -0.2956844 -0.1047655 -0.176 -0.2948094 -0.1042759 -0.1759373 -0.2947953 -0.1045179 -0.175765 -0.2947848 -0.1046992 -0.175765 -0.2922084 -0.1046624 -0.175765 -0.2887447 -0.1049712 -0.175765 -0.2853418 -0.1056875 -0.175765 -0.2820475 -0.1068012 -0.175765 -0.278908 -0.1082968 -0.175765 -0.2759675 -0.1101531 -0.175765 -0.2732671 -0.1123443 -0.1759373 -0.2707073 -0.1147208 -0.175765 -0.2708449 -0.1148394 -0.1759373 -0.2685841 -0.117502 -0.175765 -0.2687347 -0.1176035 -0.1759373 -0.2668048 -0.1205148 -0.175765 -0.2669663 -0.1205977 -0.1759373 -0.2653942 -0.1237169 -0.175765 -0.2655645 -0.1237801 -0.1759373 -0.2643723 -0.1270633 -0.175765 -0.2645489 -0.127106 -0.1759373 -0.2637534 -0.1305071 -0.175765 -0.2639337 -0.1305286 -0.18875 -0.2959066 -0.1368284 -0.18875 -0.2970782 -0.134 -0.19025 -0.2970782 -0.134 -0.19025 -0.2959066 -0.1368284 -0.18875 -0.2930782 -0.138 -0.19025 -0.2930782 -0.138 -0.18875 -0.2902498 -0.1368284 -0.19025 -0.2902498 -0.1368284 -0.19025 -0.2890782 -0.134 -0.18875 -0.2890782 -0.134 -0.18875 -0.2902498 -0.1311716 -0.19025 -0.2902498 -0.1311716 -0.18875 -0.2930782 -0.13 -0.19025 -0.2930782 -0.13 -0.18875 -0.2959066 -0.1311716 -0.19025 -0.2959066 -0.1311716 -0.19075 -0.2965782 -0.134 -0.19075 -0.2952604 -0.1367364 -0.19075 -0.2922994 -0.1374122 -0.19075 -0.2899248 -0.1355186 -0.19075 -0.2899248 -0.1324814 -0.19075 -0.2922994 -0.1305878 -0.19075 -0.2952604 -0.1312636 -0.18875 -0.2875616 -0.130815 -0.1886749 -0.2865782 -0.134 -0.18875 -0.2867082 -0.134 -0.1880944 -0.2865782 -0.1302472 -0.1886749 -0.2898282 -0.1283708 -0.18875 -0.2898932 -0.1284834 -0.18875 -0.2930782 -0.12763 -0.1880944 -0.2930782 -0.1264944 -0.1886749 -0.2963282 -0.1283708 -0.18875 -0.2962632 -0.1284834 -0.18875 -0.2985948 -0.130815 -0.1880944 -0.2995782 -0.1302472 -0.1886749 -0.2995782 -0.134 -0.18875 -0.2994482 -0.134 -0.18875 -0.2985948 -0.137185 -0.1880944 -0.2995782 -0.1377528 -0.1886749 -0.2963282 -0.1396292 -0.18875 -0.2962632 -0.1395166 -0.18875 -0.2930782 -0.14037 -0.1880944 -0.2930782 -0.1415056 -0.1886749 -0.2898282 -0.1396292 -0.18875 -0.2898932 -0.1395166 -0.18875 -0.2875616 -0.137185 -0.1880944 -0.2865782 -0.1377528 -0.18225 -0.2985948 -0.130815 -0.1823251 -0.2995782 -0.134 -0.18225 -0.2994482 -0.134 -0.1829056 -0.2995782 -0.1302472 -0.1823251 -0.2963282 -0.1283708 -0.18225 -0.2962632 -0.1284834 -0.18225 -0.2930782 -0.12763 -0.1829056 -0.2930782 -0.1264944 -0.1823251 -0.2898282 -0.1283708 -0.18225 -0.2898932 -0.1284834 -0.18225 -0.2875616 -0.130815 -0.1829056 -0.2865782 -0.1302472 -0.1823251 -0.2865782 -0.134 -0.18225 -0.2867082 -0.134 -0.18225 -0.2875616 -0.137185 -0.1829056 -0.2865782 -0.1377528 -0.1823251 -0.2898282 -0.1396292 -0.18225 -0.2898932 -0.1395166 -0.18225 -0.2930782 -0.14037 -0.1829056 -0.2930782 -0.1415056 -0.1823251 -0.2963282 -0.1396292 -0.18225 -0.2962632 -0.1395166 -0.18225 -0.2985948 -0.137185 -0.1829056 -0.2995782 -0.1377528 -0.18 -0.2959066 -0.1368284 -0.18 -0.2970782 -0.134 -0.18225 -0.2970782 -0.134 -0.18225 -0.2959066 -0.1368284 -0.18 -0.2930782 -0.138 -0.18225 -0.2930782 -0.138 -0.18 -0.2902498 -0.1368284 -0.18225 -0.2902498 -0.1368284 -0.18 -0.2890782 -0.134 -0.18225 -0.2890782 -0.134 -0.18225 -0.2902498 -0.1311716 -0.18 -0.2902498 -0.1311716 -0.18 -0.2930782 -0.13 -0.18225 -0.2930782 -0.13 -0.18 -0.2959066 -0.1311716 -0.18225 -0.2959066 -0.1311716 -0.13815 -0.2959066 -0.1368284 -0.13815 -0.2970782 -0.134 -0.14 -0.2970782 -0.134 -0.14 -0.2959066 -0.1368284 -0.13815 -0.2930782 -0.138 -0.14 -0.2930782 -0.138 -0.13815 -0.2902498 -0.1368284 -0.14 -0.2902498 -0.1368284 -0.13815 -0.2890782 -0.134 -0.14 -0.2890782 -0.134 -0.13815 -0.2902498 -0.1311716 -0.14 -0.2902498 -0.1311716 -0.13815 -0.2930782 -0.13 -0.14 -0.2930782 -0.13 -0.14 -0.2959066 -0.1311716 -0.13815 -0.2959066 -0.1311716 -0.13375 -0.2875356 -0.1372 -0.1338077 -0.2865782 -0.134 -0.13375 -0.2866782 -0.134 -0.1343883 -0.2865782 -0.1377528 -0.1338077 -0.2898282 -0.1396292 -0.13375 -0.2898782 -0.1395426 -0.13375 -0.2930782 -0.1404 -0.1343883 -0.2930782 -0.1415056 -0.1338077 -0.2963282 -0.1396292 -0.13375 -0.2962782 -0.1395426 -0.13375 -0.2986208 -0.1372 -0.1343883 -0.2995782 -0.1377528 -0.1338077 -0.2995782 -0.134 -0.13375 -0.2994782 -0.134 -0.13375 -0.2986208 -0.1308 -0.1343883 -0.2995782 -0.1302472 -0.1338077 -0.2963282 -0.1283708 -0.13375 -0.2962782 -0.1284574 -0.13375 -0.2930782 -0.1276 -0.1343883 -0.2930782 -0.1264944 -0.1338077 -0.2898282 -0.1283708 -0.13375 -0.2898782 -0.1284574 -0.13375 -0.2875356 -0.1308 -0.1343883 -0.2865782 -0.1302472 -0.13795 -0.2890246 -0.134 -0.13795 -0.2902119 -0.1368663 -0.13775 -0.2899669 -0.1371113 -0.1378036 -0.2901083 -0.1369698 -0.13775 -0.2886782 -0.134 -0.1378036 -0.2888782 -0.134 -0.13795 -0.2930782 -0.1380536 -0.13775 -0.2930782 -0.1384 -0.1378036 -0.2930782 -0.1382 -0.13795 -0.2959445 -0.1368663 -0.13775 -0.2974782 -0.134 -0.1378036 -0.296048 -0.1369698 -0.13775 -0.2961895 -0.1371113 -0.13795 -0.2971318 -0.134 -0.1378036 -0.2972782 -0.134 -0.13795 -0.2959445 -0.1311337 -0.13775 -0.2961895 -0.1308887 -0.1378036 -0.296048 -0.1310302 -0.13795 -0.2930782 -0.1299464 -0.13775 -0.2930782 -0.1296 -0.1378036 -0.2930782 -0.1298 -0.13795 -0.2902119 -0.1311337 -0.1378036 -0.2901083 -0.1310302 -0.13775 -0.2899669 -0.1308887 -0.13775 -0.2865782 -0.1377528 -0.13775 -0.2930782 -0.1415056 -0.13775 -0.2865782 -0.1302472 -0.13775 -0.2995782 -0.1377528 -0.13775 -0.2930782 -0.1264944 -0.13775 -0.2995782 -0.1302472 -0.1437108 -0.3141371 -0.1497151 -0.1437163 -0.3140366 -0.1499695 -0.1436812 -0.3135516 -0.1498444 -0.1437854 -0.3148816 -0.1503541 -0.1438081 -0.3148368 -0.1509025 -0.1437793 -0.3146636 -0.1505086 -0.1436779 -0.3130782 -0.1503703 -0.1436913 -0.3124174 -0.1514093 -0.143652 -0.312029 -0.1510695 -0.1436525 -0.3122122 -0.150874 -0.1437958 -0.3126971 -0.1531151 -0.1436525 -0.3111496 -0.1520081 -0.143652 -0.3113207 -0.1518255 -0.1438354 -0.3129009 -0.153649 -0.143835 -0.3130841 -0.1534535 -0.1438354 -0.3139635 -0.152515 -0.143835 -0.3137924 -0.1526976 -0.1438346 -0.312287 -0.1542348 -0.1436516 -0.3106268 -0.1525017 -0.1436516 -0.3108155 -0.1523209 -0.1438346 -0.3124757 -0.154054 -0.1436735 -0.3096075 -0.1537925 -0.1436523 -0.309225 -0.153749 -0.1436517 -0.3095962 -0.1534281 -0.1436732 -0.3099128 -0.1535285 -0.1436517 -0.3099673 -0.1531072 -0.1437358 -0.3101419 -0.1544107 -0.1436734 -0.3102182 -0.1532645 -0.1436525 -0.3103385 -0.1527864 -0.1437355 -0.3104171 -0.1541727 -0.1437572 -0.3103258 -0.1546234 -0.1436741 -0.3105236 -0.1530005 -0.1437569 -0.310601 -0.1543855 -0.1437356 -0.3106923 -0.1539348 -0.143757 -0.3108762 -0.1541476 -0.1438353 -0.3107946 -0.1555646 -0.1438133 -0.3108068 -0.1551798 -0.1437575 -0.3111514 -0.1539096 -0.1437361 -0.3109675 -0.1536969 -0.1438347 -0.3111542 -0.1552537 -0.143813 -0.3111006 -0.1549258 -0.1438347 -0.3115137 -0.1549428 -0.1438132 -0.3113944 -0.1546719 -0.1438353 -0.3118733 -0.154632 -0.1438138 -0.3116882 -0.1544179 -0.1438354 -0.3092038 -0.1567811 -0.1438139 -0.3090339 -0.1565547 -0.1438135 -0.3091639 -0.1564572 -0.1438133 -0.3092939 -0.1563596 -0.1438347 -0.3096206 -0.1564683 -0.1438131 -0.3094238 -0.1562621 -0.143813 -0.3095537 -0.1561646 -0.143813 -0.3097624 -0.156008 -0.1436516 -0.308283 -0.1544714 -0.1436516 -0.3084917 -0.1543148 -0.1438347 -0.3100374 -0.1561555 -0.1438131 -0.3098928 -0.1559101 -0.1438133 -0.3100233 -0.1558122 -0.1438354 -0.3104541 -0.1558427 -0.1438136 -0.3101537 -0.1557143 -0.1438139 -0.3102842 -0.1556164 -0.1436949 -0.3068308 -0.1561451 -0.1436782 -0.3065495 -0.1560607 -0.1436902 -0.3068219 -0.1560774 -0.1437003 -0.3068492 -0.1562164 -0.1436744 -0.3073531 -0.1554905 -0.1436559 -0.3073278 -0.1552157 -0.1436859 -0.3075766 -0.1555228 -0.1437063 -0.306877 -0.1562915 -0.1437128 -0.3069142 -0.1563703 -0.1437113 -0.3066931 -0.156482 -0.1438565 -0.3073278 -0.1552157 -0.1439306 -0.3080773 -0.1558809 -0.14373 -0.3080773 -0.1558809 -0.1440091 -0.3077569 -0.1573233 -0.1438085 -0.3077569 -0.1573233 -0.1440082 -0.3083289 -0.1569395 -0.1438076 -0.3083289 -0.1569395 -0.1439822 -0.3082568 -0.1565766 -0.1437816 -0.3082568 -0.1565766 -0.1437897 -0.3083014 -0.1566753 -0.1439903 -0.3083014 -0.1566753 -0.1437968 -0.3083282 -0.1567686 -0.1439974 -0.3083282 -0.1567686 -0.1438027 -0.3083374 -0.1568567 -0.1440033 -0.3083374 -0.1568567 -0.1437838 -0.3084796 -0.1564601 -0.1439844 -0.3084796 -0.1564601 -0.1439483 -0.3072556 -0.156697 -0.1437477 -0.3072556 -0.156697 -0.1439278 -0.3077249 -0.1560748 -0.1437272 -0.3077249 -0.1560748 -0.1439172 -0.3077969 -0.1558592 -0.1437166 -0.3077969 -0.1558592 -0.1437197 -0.3077928 -0.1559101 -0.1439202 -0.3077928 -0.1559101 -0.1437224 -0.3077794 -0.1559631 -0.143923 -0.3077794 -0.1559631 -0.143725 -0.3077567 -0.156018 -0.1439256 -0.3077567 -0.156018 -0.1438865 -0.3075766 -0.1555228 -0.143875 -0.3073531 -0.1554905 -0.1438907 -0.3068219 -0.1560774 -0.1439068 -0.306877 -0.1562915 -0.1439134 -0.3069142 -0.1563703 -0.1439008 -0.3068492 -0.1562164 -0.1438955 -0.3068308 -0.1561451 -0.1439119 -0.3066931 -0.156482 -0.1438727 -0.3143207 -0.148587 -0.1438743 -0.3143113 -0.1486383 -0.1438734 -0.3143153 -0.1486129 -0.143872 -0.3143273 -0.1485615 -0.1438753 -0.3143084 -0.1486653 -0.1438714 -0.314335 -0.1485369 -0.1438764 -0.3143068 -0.1486927 -0.1438709 -0.3143445 -0.1485108 -0.1438775 -0.3143065 -0.1487205 -0.1438705 -0.3143548 -0.1484863 -0.1438788 -0.3143075 -0.1487487 -0.1438702 -0.3143657 -0.1484635 -0.1438802 -0.31431 -0.1487775 -0.1438699 -0.3143781 -0.14844 -0.1438818 -0.3143138 -0.1488067 -0.1438698 -0.3143926 -0.1484153 -0.1438834 -0.314319 -0.1488364 -0.1438698 -0.3144085 -0.1483906 -0.1438729 -0.3145615 -0.1482352 -0.1438716 -0.3145214 -0.1482654 -0.1438722 -0.314541 -0.1482499 -0.1438736 -0.3145826 -0.1482215 -0.1438711 -0.314503 -0.1482814 -0.1438754 -0.3146263 -0.1481973 -0.1438745 -0.3146042 -0.1482089 -0.1438764 -0.314649 -0.1481866 -0.1438775 -0.3146721 -0.148177 -0.1438707 -0.3144839 -0.1482995 -0.1438786 -0.3146958 -0.1481683 -0.1438703 -0.3144644 -0.1483198 -0.1438798 -0.3147198 -0.1481606 -0.14387 -0.3144448 -0.1483423 -0.1438811 -0.314744 -0.1481539 -0.1438824 -0.3147685 -0.1481481 -0.1438698 -0.3144254 -0.1483669 -0.1438838 -0.3147931 -0.1481432 -0.1438852 -0.3148179 -0.1481393 -0.1438851 -0.3143257 -0.1488668 -0.1438867 -0.3148429 -0.1481361 -0.1438868 -0.3143329 -0.1488944 -0.143888 -0.3148651 -0.148134 -0.1438881 -0.3143393 -0.148916 -0.1438894 -0.3148873 -0.1481325 -0.1438896 -0.3143466 -0.1489384 -0.1438915 -0.3149211 -0.1481315 -0.1438911 -0.314355 -0.1489615 -0.1438937 -0.3149548 -0.1481321 -0.1438927 -0.3143645 -0.1489852 -0.1438959 -0.3149884 -0.1481341 -0.1438945 -0.3143752 -0.1490096 -0.1438982 -0.315022 -0.1481376 -0.1438983 -0.3144008 -0.1490603 -0.1438963 -0.3143873 -0.1490347 -0.1439005 -0.3150554 -0.1481424 -0.1439004 -0.3144158 -0.1490866 -0.1439029 -0.3150887 -0.1481485 -0.1439026 -0.3144324 -0.1491134 -0.1439053 -0.3151217 -0.1481559 -0.143905 -0.3144508 -0.1491407 -0.1439078 -0.3151545 -0.1481644 -0.1439075 -0.3144712 -0.149169 -0.1439103 -0.315187 -0.148174 -0.1439103 -0.314495 -0.1491996 -0.1439128 -0.3152191 -0.1481846 -0.1439131 -0.3145195 -0.1492287 -0.1439153 -0.315251 -0.1481962 -0.1439179 -0.3145628 -0.1492757 -0.1439154 -0.3145402 -0.1492517 -0.1440014 -0.3155781 -0.1497377 -0.1440002 -0.3155567 -0.1497405 -0.1439987 -0.3155307 -0.1497429 -0.1439971 -0.3155047 -0.1497441 -0.1439955 -0.3154786 -0.1497442 -0.1439187 -0.3152928 -0.1482129 -0.1439205 -0.3145877 -0.1493004 -0.1439225 -0.3153387 -0.1482331 -0.1439263 -0.3146443 -0.1493522 -0.1439233 -0.3146148 -0.149326 -0.1439262 -0.315383 -0.1482546 -0.1439295 -0.3146765 -0.1493791 -0.1439298 -0.3154255 -0.1482768 -0.1439329 -0.3147112 -0.1494066 -0.1439345 -0.3154792 -0.148307 -0.1439365 -0.314749 -0.1494349 -0.1439395 -0.3155346 -0.1483409 -0.1439418 -0.3148057 -0.1494748 -0.143944 -0.3155842 -0.1483733 -0.1439483 -0.314877 -0.1495214 -0.1439492 -0.3156399 -0.1484123 -0.1439539 -0.3149408 -0.1495602 -0.1440159 -0.3159027 -0.1496004 -0.1440153 -0.3158839 -0.1496154 -0.1440147 -0.3158646 -0.1496295 -0.1439538 -0.3156888 -0.1484488 -0.1440163 -0.315921 -0.1495845 -0.144014 -0.3158447 -0.1496428 -0.1440167 -0.3159385 -0.1495678 -0.1440133 -0.3158243 -0.1496552 -0.1439581 -0.3157324 -0.1484838 -0.1439594 -0.3150035 -0.1495954 -0.1440171 -0.3159571 -0.1495486 -0.1440125 -0.3158035 -0.1496668 -0.143962 -0.3157721 -0.1485177 -0.1439637 -0.3150536 -0.1496215 -0.1440173 -0.3159766 -0.1495264 -0.1440116 -0.3157821 -0.1496776 -0.1439657 -0.3158082 -0.1485506 -0.1439691 -0.3158407 -0.1485823 -0.143968 -0.3151057 -0.1496464 -0.1439722 -0.3158699 -0.1486126 -0.1439719 -0.3151534 -0.1496673 -0.143975 -0.315896 -0.1486415 -0.1439748 -0.3151898 -0.1496818 -0.1439776 -0.3159191 -0.1486687 -0.1439777 -0.3152267 -0.1496952 -0.14398 -0.3159394 -0.1486942 -0.1439828 -0.3159626 -0.1487251 -0.1439805 -0.3152643 -0.1497074 -0.1439855 -0.3159851 -0.1487578 -0.1439849 -0.3153235 -0.1497234 -0.1439831 -0.315298 -0.149717 -0.144015 -0.3160981 -0.1492897 -0.1440156 -0.3160917 -0.1493137 -0.1440161 -0.3160846 -0.1493361 -0.1439883 -0.3160063 -0.1487912 -0.1439886 -0.3153748 -0.1497339 -0.1439868 -0.3153491 -0.1497291 -0.1440143 -0.3161037 -0.1492643 -0.1440165 -0.3160762 -0.1493592 -0.143991 -0.3160261 -0.1488256 -0.1439921 -0.3154265 -0.149741 -0.1439904 -0.3154006 -0.1497379 -0.1440134 -0.3161081 -0.1492376 -0.1440169 -0.3160664 -0.1493829 -0.1440125 -0.3161114 -0.1492101 -0.1440172 -0.316055 -0.1494071 -0.1440174 -0.316042 -0.1494317 -0.1439936 -0.3160441 -0.1488609 -0.1439939 -0.3154525 -0.1497431 -0.1440115 -0.3161132 -0.1491842 -0.1440175 -0.3160276 -0.149456 -0.1439959 -0.3160589 -0.1488934 -0.1440026 -0.3155994 -0.1497343 -0.1440104 -0.3161139 -0.1491578 -0.1440176 -0.3160118 -0.14948 -0.1440175 -0.3159948 -0.1495035 -0.1439979 -0.3160709 -0.1489232 -0.1440039 -0.315623 -0.1497299 -0.1440093 -0.3161135 -0.1491306 -0.1440107 -0.3157603 -0.1496875 -0.1439998 -0.3160815 -0.1489535 -0.1440052 -0.3156464 -0.1497248 -0.144008 -0.3161118 -0.1491026 -0.1440097 -0.315738 -0.1496966 -0.1440017 -0.3160907 -0.1489843 -0.1440064 -0.3156697 -0.1497189 -0.1440066 -0.3161088 -0.149074 -0.1440086 -0.3157155 -0.1497048 -0.1440035 -0.3160983 -0.1490148 -0.1440075 -0.3156927 -0.1497123 -0.1440051 -0.3161043 -0.1490447 -0.1436816 -0.314315 -0.1488143 -0.1436684 -0.3140564 -0.148882 -0.1436659 -0.3140484 -0.1488357 -0.1436828 -0.314319 -0.148836 -0.1436841 -0.3143238 -0.1488585 -0.1436711 -0.3140667 -0.1489279 -0.1436805 -0.3143119 -0.1487933 -0.1436637 -0.3140431 -0.1487936 -0.1436854 -0.3143295 -0.1488816 -0.1436739 -0.3140792 -0.1489732 -0.1436794 -0.3143095 -0.1487726 -0.1436869 -0.3143362 -0.1489054 -0.1436784 -0.3143078 -0.1487519 -0.1436618 -0.31404 -0.1487556 -0.1436884 -0.3143438 -0.1489299 -0.1436768 -0.314094 -0.149018 -0.1436774 -0.3143068 -0.1487312 -0.1436601 -0.3140386 -0.1487175 -0.1436901 -0.3143527 -0.1489549 -0.1436798 -0.3141109 -0.1490622 -0.1436765 -0.3143065 -0.1487106 -0.1436584 -0.3140388 -0.1486793 -0.1436757 -0.3143069 -0.1486901 -0.1436569 -0.3140406 -0.1486413 -0.1436918 -0.3143627 -0.1489805 -0.1436829 -0.3141299 -0.1491057 -0.1436749 -0.3143081 -0.1486695 -0.1436937 -0.3143739 -0.1490065 -0.1436861 -0.3141508 -0.1491482 -0.1436741 -0.31431 -0.148649 -0.1436554 -0.3140443 -0.1486033 -0.1436956 -0.3143865 -0.1490329 -0.1436734 -0.3143127 -0.1486286 -0.1436541 -0.3140496 -0.1485654 -0.1436977 -0.3144005 -0.1490596 -0.1436893 -0.3141735 -0.1491897 -0.1436727 -0.3143162 -0.1486082 -0.143653 -0.3140569 -0.1485279 -0.1436997 -0.3144153 -0.1490857 -0.1436927 -0.3141979 -0.1492303 -0.1436721 -0.3143205 -0.1485879 -0.1436519 -0.3140658 -0.1484909 -0.1436716 -0.3143256 -0.1485677 -0.1437018 -0.3144308 -0.1491108 -0.143696 -0.3142239 -0.14927 -0.1436711 -0.3143314 -0.1485479 -0.143651 -0.3140764 -0.1484548 -0.1437039 -0.3144468 -0.149135 -0.1436995 -0.3142513 -0.1493089 -0.1436706 -0.3143378 -0.1485287 -0.1436503 -0.3140886 -0.1484197 -0.1437059 -0.3144633 -0.1491583 -0.1436703 -0.3143448 -0.1485102 -0.1436497 -0.3141023 -0.1483855 -0.1437079 -0.3144801 -0.1491807 -0.1437029 -0.3142797 -0.149347 -0.14367 -0.3143521 -0.1484924 -0.1436492 -0.3141174 -0.1483522 -0.1436697 -0.3143599 -0.1484753 -0.1437106 -0.314503 -0.1492091 -0.1437086 -0.3143282 -0.1494066 -0.1436695 -0.3143686 -0.1484577 -0.1436488 -0.3141338 -0.1483199 -0.1437136 -0.314529 -0.1492392 -0.1436694 -0.3143776 -0.1484409 -0.1436486 -0.3141514 -0.1482885 -0.1437164 -0.3145549 -0.1492672 -0.1437143 -0.3143795 -0.1494637 -0.1436692 -0.3143929 -0.1484148 -0.1436485 -0.3141702 -0.1482579 -0.1437192 -0.3145806 -0.1492933 -0.1437201 -0.3144335 -0.1495184 -0.1436692 -0.3144085 -0.1483908 -0.1436485 -0.3141901 -0.1482283 -0.1436693 -0.3144241 -0.1483689 -0.1436486 -0.314211 -0.1481997 -0.1437227 -0.3146141 -0.1493252 -0.1436694 -0.3144398 -0.1483486 -0.1436488 -0.3142329 -0.1481722 -0.1437265 -0.3146523 -0.149359 -0.1437259 -0.3144902 -0.1495704 -0.1436696 -0.3144555 -0.1483299 -0.1436491 -0.3142558 -0.1481458 -0.1436698 -0.3144711 -0.1483128 -0.1436496 -0.3142797 -0.1481204 -0.1437304 -0.3146917 -0.1493914 -0.1437318 -0.3145493 -0.1496198 -0.1436701 -0.3144863 -0.1482972 -0.1436501 -0.3143046 -0.1480961 -0.1436704 -0.3144994 -0.1482847 -0.1436508 -0.3143305 -0.1480729 -0.1437344 -0.3147334 -0.1494235 -0.143738 -0.3146141 -0.1496689 -0.1436709 -0.3145182 -0.1482681 -0.1436516 -0.3143574 -0.1480508 -0.1436715 -0.3145378 -0.1482524 -0.1436525 -0.3143853 -0.1480297 -0.1437389 -0.3147814 -0.1494579 -0.1437453 -0.3146936 -0.1497235 -0.1436722 -0.3145592 -0.1482368 -0.1436535 -0.3144142 -0.1480097 -0.143673 -0.314581 -0.1482225 -0.1436546 -0.3144445 -0.1479906 -0.1436738 -0.3146019 -0.1482102 -0.1436559 -0.3144774 -0.1479716 -0.1437454 -0.3148538 -0.1495063 -0.1437522 -0.3147705 -0.1497715 -0.1436747 -0.3146234 -0.1481988 -0.1436574 -0.3145131 -0.1479531 -0.1436757 -0.3146453 -0.1481883 -0.1436591 -0.3145514 -0.1479354 -0.1436767 -0.3146676 -0.1481788 -0.143661 -0.3145922 -0.1479188 -0.1437533 -0.314942 -0.1495606 -0.1437585 -0.3148427 -0.1498127 -0.1436779 -0.3146929 -0.1481693 -0.1436629 -0.3146309 -0.1479052 -0.1436793 -0.3147215 -0.1481601 -0.1436648 -0.3146672 -0.1478942 -0.1437606 -0.3150257 -0.1496071 -0.1437693 -0.3149706 -0.1498772 -0.1437643 -0.31491 -0.1498481 -0.1436809 -0.3147507 -0.1481522 -0.1436669 -0.314705 -0.1478846 -0.1436825 -0.3147801 -0.1481457 -0.143669 -0.314744 -0.1478766 -0.1437666 -0.3150959 -0.1496419 -0.1437731 -0.3150168 -0.1498975 -0.1436844 -0.3148131 -0.14814 -0.1436714 -0.3147844 -0.1478703 -0.1436865 -0.3148501 -0.1481354 -0.1437716 -0.315157 -0.1496688 -0.1437805 -0.315111 -0.149934 -0.1437768 -0.3150636 -0.1499165 -0.143674 -0.3148273 -0.1478659 -0.1436888 -0.3148873 -0.1481325 -0.1437758 -0.3152105 -0.1496895 -0.1437842 -0.3151589 -0.1499498 -0.1436767 -0.3148714 -0.1478634 -0.1436902 -0.3149099 -0.1481317 -0.1437796 -0.3152596 -0.1497059 -0.1437878 -0.3152074 -0.149964 -0.1436795 -0.3149155 -0.1478631 -0.1436917 -0.3149326 -0.1481315 -0.1437827 -0.3153004 -0.1497177 -0.1437914 -0.3152563 -0.1499762 -0.1436827 -0.3149637 -0.1478649 -0.1436937 -0.3149644 -0.1481325 -0.1437854 -0.315338 -0.1497267 -0.1437949 -0.3153055 -0.1499866 -0.1437876 -0.3153689 -0.1497329 -0.1437983 -0.3153547 -0.1499948 -0.1436862 -0.315016 -0.1478692 -0.1436961 -0.3149997 -0.1481351 -0.1437896 -0.3153974 -0.1497375 -0.1437915 -0.3154261 -0.149741 -0.1438015 -0.3154017 -0.1500006 -0.1436902 -0.3150724 -0.1478766 -0.1437016 -0.3150777 -0.1481464 -0.1436988 -0.3150388 -0.1481398 -0.1437934 -0.3154549 -0.1497432 -0.1438047 -0.3154511 -0.1500046 -0.1437953 -0.3154837 -0.1497442 -0.143808 -0.3155025 -0.1500063 -0.1436945 -0.3151333 -0.1478874 -0.1437047 -0.3151206 -0.1481556 -0.143797 -0.3155125 -0.1497439 -0.1437984 -0.3155346 -0.1497426 -0.1438109 -0.3155502 -0.1500056 -0.1437997 -0.3155567 -0.1497405 -0.1438138 -0.3155988 -0.1500026 -0.1436994 -0.3151987 -0.1479023 -0.1437082 -0.3151677 -0.1481682 -0.143802 -0.3155986 -0.1497345 -0.1438166 -0.3156472 -0.1499972 -0.1437041 -0.3152612 -0.1479197 -0.1437122 -0.3152193 -0.1481847 -0.143804 -0.3156359 -0.1497272 -0.1438189 -0.3156897 -0.1499904 -0.1438058 -0.3156691 -0.149719 -0.1437087 -0.3153203 -0.147939 -0.1437167 -0.3152757 -0.1482058 -0.1438207 -0.3157231 -0.1499839 -0.143822 -0.3157481 -0.1499781 -0.1438074 -0.3157019 -0.1497094 -0.1437136 -0.315382 -0.1479619 -0.1437215 -0.3153346 -0.1482312 -0.1438233 -0.3157736 -0.1499715 -0.1438246 -0.3157997 -0.1499639 -0.1438088 -0.315731 -0.1496992 -0.1438259 -0.3158261 -0.1499552 -0.1438099 -0.3157568 -0.1496889 -0.1437188 -0.315446 -0.1479889 -0.1438271 -0.3158528 -0.1499454 -0.1438283 -0.3158799 -0.1499345 -0.143811 -0.3157821 -0.1496776 -0.1437244 -0.3155124 -0.1480203 -0.1437273 -0.3154034 -0.148265 -0.1438295 -0.3159071 -0.1499222 -0.143812 -0.3158067 -0.1496651 -0.1438306 -0.3159346 -0.1499086 -0.1438129 -0.3158307 -0.1496515 -0.1437303 -0.3155806 -0.1480561 -0.1437333 -0.3154716 -0.1483026 -0.1438317 -0.3159621 -0.1498935 -0.1438327 -0.3159897 -0.149877 -0.1438138 -0.3158541 -0.1496367 -0.1437363 -0.3156488 -0.1480956 -0.1437404 -0.315551 -0.1483513 -0.1438336 -0.3160168 -0.149859 -0.1438145 -0.3158767 -0.1496208 -0.1438345 -0.3160433 -0.14984 -0.1438152 -0.3158986 -0.1496038 -0.1437423 -0.3157161 -0.1481381 -0.1437472 -0.3156248 -0.1484014 -0.1438352 -0.316069 -0.1498198 -0.1437484 -0.3157818 -0.1481832 -0.1438359 -0.3160967 -0.1497961 -0.1438157 -0.3159198 -0.1495855 -0.1438366 -0.3161264 -0.1497681 -0.1438162 -0.31594 -0.1495663 -0.1437544 -0.3158452 -0.1482303 -0.143753 -0.3156859 -0.1484466 -0.1438371 -0.3161551 -0.1497383 -0.1438165 -0.3159593 -0.1495462 -0.1438375 -0.3161826 -0.1497067 -0.1438168 -0.3159774 -0.1495254 -0.1437603 -0.3159057 -0.148279 -0.1437621 -0.315779 -0.1485238 -0.1437577 -0.3157349 -0.1484858 -0.1438377 -0.3162091 -0.1496734 -0.1438169 -0.3159946 -0.1495039 -0.143766 -0.3159631 -0.1483291 -0.1437661 -0.3158184 -0.1485604 -0.1438378 -0.3162345 -0.1496384 -0.143817 -0.3160106 -0.1494819 -0.143817 -0.3160255 -0.1494594 -0.1437717 -0.3160181 -0.1483814 -0.1437698 -0.3158535 -0.1485954 -0.1438378 -0.3162575 -0.1496034 -0.1438169 -0.3160392 -0.1494366 -0.1438376 -0.3162779 -0.1495693 -0.1438167 -0.3160517 -0.1494136 -0.1437773 -0.3160704 -0.1484361 -0.1437732 -0.3158846 -0.1486286 -0.1438374 -0.3162957 -0.1495364 -0.143837 -0.3163127 -0.1495013 -0.1438164 -0.3160629 -0.1493907 -0.1438161 -0.3160726 -0.1493682 -0.1437828 -0.31612 -0.1484932 -0.1437789 -0.3159354 -0.148689 -0.1437762 -0.3159118 -0.1486599 -0.1438364 -0.3163285 -0.1494644 -0.1438157 -0.3160811 -0.1493463 -0.1437877 -0.3161623 -0.1485468 -0.1437814 -0.3159557 -0.1487158 -0.1438358 -0.3163413 -0.1494299 -0.1438153 -0.3160883 -0.149325 -0.1437903 -0.316184 -0.1485765 -0.1437835 -0.3159734 -0.1487403 -0.143835 -0.3163523 -0.1493958 -0.1438148 -0.3160944 -0.1493043 -0.1437929 -0.316205 -0.1486068 -0.1437856 -0.3159899 -0.148765 -0.1438341 -0.3163624 -0.1493586 -0.1438142 -0.3160994 -0.1492843 -0.1437967 -0.3162344 -0.1486525 -0.1437897 -0.3160206 -0.1488158 -0.1437876 -0.3160057 -0.1487901 -0.1438331 -0.3163705 -0.1493217 -0.1438137 -0.3161035 -0.149265 -0.1438004 -0.3162617 -0.1486994 -0.1437916 -0.3160347 -0.148842 -0.1438318 -0.3163773 -0.1492819 -0.1438131 -0.3161068 -0.1492464 -0.1438125 -0.3161093 -0.1492288 -0.1438305 -0.3163819 -0.1492437 -0.143812 -0.3161112 -0.149212 -0.1438039 -0.3162869 -0.1487475 -0.1437955 -0.3160599 -0.1488957 -0.1437936 -0.3160478 -0.1488686 -0.1438292 -0.3163847 -0.149207 -0.1438112 -0.3161128 -0.1491908 -0.1438071 -0.3163075 -0.1487918 -0.1437973 -0.3160709 -0.1489233 -0.1438277 -0.316386 -0.1491684 -0.1438102 -0.3161138 -0.1491665 -0.1438098 -0.3163242 -0.1488325 -0.1437991 -0.3160808 -0.1489514 -0.143826 -0.3163854 -0.1491284 -0.1438092 -0.3161138 -0.1491416 -0.1438125 -0.316339 -0.1488738 -0.1438009 -0.3160895 -0.1489799 -0.1438241 -0.316383 -0.149088 -0.143808 -0.3161128 -0.1491161 -0.1438068 -0.3161106 -0.1490899 -0.143815 -0.3163519 -0.1489156 -0.1438025 -0.3160968 -0.1490082 -0.143822 -0.3163784 -0.1490444 -0.1438055 -0.3161073 -0.1490632 -0.1438175 -0.3163628 -0.148958 -0.143804 -0.3161027 -0.149036 -0.1438198 -0.3163716 -0.1490009</float_array>
          <technique_common>
            <accessor count="3217" source="#cubeverts-array1-array" stride="3">
              <param type="float" name="X"/>
              <param type="float" name="Y"/>
              <param type="float" name="Z"/>
            </accessor>
          </technique_common>
        </source>
        <source id="cubenormals-array1">
          <float_array count="18909" id="cubenormals-array1-array">-0.2075039 -0.5029161 0.8390576 -0.06665897 -0.5337117 0.8430352 -0.2074551 -0.5028114 0.8391324 -0.06991769 -0.5127357 0.8556949 0.06829 -0.2068251 0.9759917 -2.105155e-06 -0.3058523 0.952079 2.983272e-06 -0.2685455 0.963267 -0.2030078 -0.53391 0.8208094 -0.06830008 -0.5439907 0.8363069 -0.06667246 -0.5744737 0.8158031 -0.0682975 -0.5643737 0.8226894 -0.2030054 -0.5539155 0.8074444 -0.06991708 -0.5941799 0.8012877 -0.2074963 -0.582731 0.7857289 -0.06666072 -0.613821 0.7866258 -0.2074692 -0.5826774 0.7857758 -0.06829717 -0.6233738 0.7789356 -0.2030055 -0.6118223 0.7645014 -0.06829661 -0.6423218 0.763386 -0.203005 -0.6304192 0.74924 -0.06667017 -0.651701 0.7555401 -0.2074787 -0.6569254 0.7248459 -0.06991789 -0.6698949 0.7391565 -0.2074906 -0.6569469 0.7248231 -0.06666449 -0.6879978 0.7226443 0.2025463 -0.2026726 0.9580703 0.1361126 -0.2664527 0.9541888 0.2378847 -0.2360047 0.942185 0.2337345 -0.3275593 0.9154633 -0.2030046 -0.6838387 0.7008237 -0.06829927 -0.6967497 0.7140554 0.2029755 -0.3569483 0.9118052 0.1361023 -0.302661 0.9433305 0.0682928 -0.362934 0.9293089 -0.2030055 -0.7008313 0.6838306 -0.2074914 -0.7248259 0.6569434 -0.06830014 -0.7140632 0.6967416 -0.0666662 -0.722656 0.6879854 0.2030078 -0.385766 0.8999847 0.06829751 -0.3930497 0.9169773 0.06668164 -0.4042782 0.9122021 0.2074741 -0.4182506 0.8843195 -0.06667029 -0.7555369 0.6517048 -0.2074819 -0.7248442 0.6569263 -0.06991727 -0.7391552 0.6698964 0.2075225 -0.4181317 0.8843644 0.06666102 -0.448523 0.8912818 0.06991344 -0.426391 0.901833 -0.06829981 -0.7633963 0.6423092 -0.2030065 -0.7492501 0.6304068 0.2030073 -0.4508484 0.8692087 0.06829769 -0.4593608 0.8856201 -0.2074957 -0.7857226 0.5827397 -0.2030073 -0.7645091 0.611812 -0.06830081 -0.7789435 0.6233634 -0.06666414 -0.7866357 0.6138079 0.06830078 -0.4809469 0.8740853 0.2030004 -0.4720352 0.8578891 0.06667772 -0.4917053 0.868205 0.2074652 -0.5029203 0.8390646 -0.207469 -0.7857689 0.5826867 -0.06991716 -0.8012806 0.5941893 -0.0666738 -0.8157928 0.5744882 0.2075269 -0.502775 0.8391364 0.06666068 -0.5337117 0.8430351 0.06991861 -0.5127066 0.8557122 -0.06830067 -0.8226983 0.5643602 -0.2030023 -0.8074539 0.5539027 0.2030094 -0.5338716 0.8208339 0.06829824 -0.5439517 0.8363323 -0.2030022 -0.8208008 0.5339253 -0.06666168 -0.8430148 0.5337436 -0.06830084 -0.8362972 0.5440055 0.06830098 -0.564329 0.8227197 0.2030022 -0.5538722 0.807475 0.06667142 -0.5744737 0.8158032 0.2074737 -0.5827338 0.7857327 -0.2074725 -0.8390659 0.502915 -0.0699176 -0.8556777 0.5127643 -0.2075071 -0.8391061 0.5028337 -0.06667807 -0.8681736 0.4917607 0.06991949 -0.594169 0.8012955 0.2075058 -0.5826622 0.7857774 0.06666244 -0.6138209 0.7866257 -0.2030057 -0.85785 0.4721038 -0.06829982 -0.8740466 0.4810174 0.06829856 -0.6233686 0.7789396 0.2030041 -0.6118174 0.7645056 -0.06665511 -0.8912798 0.448528 -0.2030044 -0.8691888 0.450888 -0.06829863 -0.8855993 0.4594008 0.06829912 -0.6423001 0.763404 0.06666946 -0.6517011 0.7555401 0.2030027 -0.6303984 0.7492582 -0.2074671 -0.8843208 0.4182512 -0.2075215 -0.8843712 0.4181178 -0.06991721 -0.9018396 0.4263766 -0.06668239 -0.9122055 0.4042706 0.2074797 -0.6569337 0.7248381 0.06666619 -0.6879977 0.7226443 0.2074873 -0.6569474 0.7248236 0.06991974 -0.6699035 0.7391486 -0.0683015 -0.9169986 0.3929994 -0.2030042 -0.9000065 0.3857171 0.0682978 -0.6967372 0.7140676 0.203006 -0.6838262 0.7008354 -0.2379143 -0.9421765 0.236009 -0.2337036 -0.915472 0.3275574 -0.1978276 -0.9580737 0.2072656 -0.2029793 -0.9118245 0.356897 -0.2047804 -0.9571565 0.2047351 0.2030086 -0.7008514 0.6838091 0.06829687 -0.7140844 0.6967202 0.06666603 -0.722656 0.6879854 0.2074981 -0.724852 0.6569124 0.06667056 -0.7555369 0.6517048 0.06991745 -0.7391659 0.6698846 0.2074827 -0.7248273 0.6569447 0.06829979 -0.7633998 0.6423051 0.2030065 -0.7492535 0.6304027 0.2030093 -0.764512 0.6118076 0.06666174 -0.7866358 0.613808 0.06829873 -0.778947 0.6233594 0.2075112 -0.7857748 0.5826636 0.06991567 -0.8012941 0.5941714 0.06667484 -0.8157927 0.5744882 0.207476 -0.785726 0.5827422 0.06830151 -0.8226983 0.5643602 0.2030014 -0.807454 0.5539029 -0.1361114 -0.9541991 0.2664162 -0.1361084 -0.9433433 0.3026183 -0.06829034 -0.9293179 0.3629113 0.2030018 -0.8208009 0.5339253 0.06666189 -0.8430148 0.5337436 0.06830125 -0.8362972 0.5440055 0.207507 -0.8391051 0.5028354 0.06991714 -0.8556767 0.5127659 0.06667951 -0.8681735 0.4917607 0.2074732 -0.8390657 0.502915 0.06829787 -0.8740304 0.4810471 0.2030075 -0.8578337 0.4721328 0.06665637 -0.8912798 0.448528 0.06829883 -0.8855993 0.4594008 0.2030042 -0.869189 0.450888 0.2075009 -0.8843144 0.4182482 0.2074533 -0.884377 0.4181393 0.06991832 -0.901832 0.4263922 0.06668433 -0.9122053 0.4042705 0.2030047 -0.8999943 0.3857452 0.06830088 -0.9169863 0.3930281 -1.430522e-06 -0.952082 0.305843 0.06829386 -0.9293131 0.362923 -0.06829479 -0.9759963 0.2068021 1.016302e-06 -0.9632676 0.2685434 0.0682921 -0.975994 0.2068135 -0.1017769 -0.9937273 0.04634387 -0.03397562 -0.9983194 0.04694704 -0.07617819 -0.983211 0.1658095 -0.1197731 -0.9907398 0.06394445 -0.1193723 -0.9891173 0.08600662 -0.06829555 -0.9824986 0.1732976 0.23372 -0.9154682 0.327556 0.2378963 -0.9421808 0.2360101 0.2047713 -0.9571537 0.2047569 0.2029761 -0.9118148 0.3569237 0.1978524 -0.9580666 0.2072747 0.1361149 -0.9541922 0.2664393 0.1361072 -0.9433361 0.3026411 0.0339756 -0.9983189 0.046959 0.1017768 -0.9937266 0.04635581 2.282909e-06 -0.9940015 0.1093664 4.057693e-06 -0.9967708 0.08029925 0.11976 -0.9907417 0.06394158 0.07618152 -0.9832102 0.165813 0.1193668 -0.9891173 0.0860141 0.068297 -0.9824978 0.1733021 -0.234881 -0.9615043 -0.1426199 -0.2365891 -0.9704392 -0.04768168 -0.2356361 -0.9707171 -0.04673107 -0.1861563 -0.9813753 -0.04741754 -0.169154 -0.9848056 -0.03930543 -0.1863146 -0.9754173 -0.1176771 -0.2235139 -0.9624687 -0.1539339 -0.1529918 -0.9811134 -0.1183643 -0.1529925 -0.9744679 -0.1643343 0.1691541 -0.9848063 -0.03928662 0.2356362 -0.9707179 -0.04671552 0.2366043 -0.9704355 -0.0476815 0.2348584 -0.9615096 -0.1426207 0.1861562 -0.9813761 -0.0474019 0.2235253 -0.9624719 -0.1538968 0.1863147 -0.9754192 -0.1176615 0.1529917 -0.9811152 -0.1183486 0.1529925 -0.9744672 -0.1643378 -0.202725 -0.8013704 -0.5627681 -0.2090477 -0.7854579 -0.5825418 -0.2029887 -0.772246 -0.602023 -0.2090502 -0.72458 -0.6567205 -0.2029306 -0.7415393 -0.639483 -0.202961 -0.7091855 -0.6751761 -0.2090509 -0.6567225 -0.7245779 -0.2029609 -0.6751804 -0.7091814 -0.2029295 -0.6394798 -0.7415425 -0.2090508 -0.5825338 -0.785463 -0.2029877 -0.60203 -0.7722408 -0.2027265 -0.5627574 -0.8013777 0.2090472 -0.785458 -0.5825418 0.2027289 -0.8013548 -0.5627891 0.2029909 -0.7722471 -0.6020208 0.2090527 -0.7245796 -0.6567202 0.2029321 -0.7415468 -0.6394739 0.2029642 -0.7091925 -0.6751678 0.2090514 -0.6567225 -0.7245778 0.2029607 -0.6751797 -0.7091821 0.202925 -0.6394628 -0.7415584 0.2090478 -0.5825341 -0.7854635 0.2029932 -0.6019862 -0.7722735 0.2027334 -0.5627687 -0.8013679 -0.2090179 -0.1434922 -0.967327 -0.2037459 -0.1627969 -0.9653936 -0.202773 -0.1172985 -0.9721749 -0.20905 -0.04798226 -0.9767271 -0.2031695 -0.07093112 -0.9765711 -0.2029615 -0.02373353 -0.9788991 -0.20905 0.04798226 -0.9767271 -0.2029615 0.02373353 -0.9788991 -0.2031695 0.07093112 -0.9765711 -0.202773 0.1172985 -0.9721749 -0.2090179 0.1434922 -0.967327 -0.2037459 0.1627969 -0.9653936 0.2037368 -0.1628946 -0.9653791 0.2090198 -0.1434921 -0.9673266 0.2027813 -0.1174161 -0.972159 0.2031624 -0.07094096 -0.9765718 0.2090484 -0.04798227 -0.9767274 0.2029617 -0.0237286 -0.9788991 0.2029614 0.0237282 -0.9788992 0.2090482 0.04798228 -0.9767275 0.2031609 0.07094571 -0.9765717 0.2027801 0.1174185 -0.972159 0.2090187 0.1434922 -0.9673268 0.2037369 0.1628918 -0.9653795 -0.2090483 0.5825341 -0.7854635 -0.2027264 0.562765 -0.8013723 -0.2029877 0.6020221 -0.772247 -0.2090509 0.6567225 -0.7245779 -0.2029295 0.6394798 -0.7415425 -0.2029609 0.6751804 -0.7091814 -0.2090502 0.72458 -0.6567205 -0.202961 0.7091855 -0.6751761 -0.2029306 0.7415393 -0.639483 -0.2090477 0.7854579 -0.5825418 -0.2029887 0.772246 -0.602023 -0.202725 0.8013704 -0.5627681 0.2090489 0.5825341 -0.7854633 0.2027339 0.5627635 -0.8013715 0.2029933 0.6019863 -0.7722734 0.2090519 0.6567224 -0.7245777 0.2029209 0.6394467 -0.7415733 0.2029538 0.6751988 -0.709166 0.202965 0.7092178 -0.6751409 0.209052 0.7245797 -0.6567203 0.2029296 0.7415724 -0.639445 0.2029939 0.7722118 -0.6020651 0.2090483 0.7854578 -0.5825417 0.202755 0.8012527 -0.562925 -0.2090148 0.9673289 -0.1434839 -0.2037438 0.9653957 -0.162787 -0.2027685 0.9721773 -0.117287 -0.2090525 0.9767265 -0.04798202 -0.2031785 0.9765666 -0.07096554 -0.2029634 0.9788972 -0.0237962 -0.2029634 0.9788972 0.0237962 -0.2090525 0.9767265 0.04798202 -0.2031785 0.9765666 0.07096554 -0.2090148 0.9673289 0.1434839 -0.2027685 0.9721773 0.117287 -0.2037436 0.9653956 0.1627878 0.2037089 0.9653789 -0.1629304 0.2090154 0.9673288 -0.1434839 0.2027057 0.9722191 -0.1170482 0.2032473 0.9766004 -0.07030105 0.2090464 0.9767278 -0.04798208 0.2029653 0.9789062 -0.02340482 0.2029653 0.9789062 0.02340482 0.2090464 0.9767278 0.04798208 0.2032473 0.9766004 0.07030105 0.2027058 0.9722191 0.1170482 0.2090154 0.9673288 0.1434839 0.2037087 0.9653788 0.1629311 -0.2027256 0.8013704 0.5627681 -0.2090487 0.785457 0.5825427 -0.2029893 0.7722443 0.6020249 -0.2090516 0.7245798 0.6567203 -0.2029314 0.741541 0.6394809 -0.202961 0.7091815 0.6751802 -0.2090513 0.6567237 0.7245768 -0.202961 0.6751825 0.7091793 -0.2029295 0.6394798 0.7415425 -0.2090474 0.5825343 0.7854636 -0.2029877 0.6020195 0.772249 -0.2027263 0.5627677 0.8013704 0.2090486 0.785457 0.5825427 0.202755 0.8012527 0.562925 0.2029945 0.7722117 0.602065 0.2090527 0.7245796 0.6567202 0.2029304 0.7415723 0.6394449 0.2029657 0.7092177 0.6751408 0.2029546 0.6751965 0.709168 0.2090515 0.6567236 0.7245768 0.2029217 0.6394513 0.7415692 0.2090489 0.5825341 0.7854633 0.2029942 0.6019837 0.7722753 0.2027348 0.5627661 0.8013694 -0.203745 0.1627927 0.9653944 -0.2090169 0.143488 0.9673278 -0.2027751 0.117307 0.9721735 -0.2031716 0.0709226 0.9765713 -0.2090495 0.04798441 0.9767271 -0.2029615 0.02373772 0.9788989 -0.2090495 -0.04798441 0.9767271 -0.2029615 -0.02373772 0.9788989 -0.2031716 -0.0709226 0.9765713 -0.2090169 -0.143488 0.9673278 -0.2027751 -0.117307 0.9721735 -0.203745 -0.1627927 0.9653944 0.2037358 0.1628961 0.965379 0.2090198 0.1434879 0.9673272 0.2027823 0.1174184 0.9721586 0.203163 0.07094568 0.9765713 0.2090498 0.04798441 0.9767271 0.2029615 0.02372401 0.9788993 0.2029617 -0.02372441 0.9788993 0.20905 -0.0479844 0.976727 0.2031635 -0.07094514 0.9765713 0.2027824 -0.1174161 0.9721588 0.2090199 -0.1434879 0.9673272 0.2037358 -0.1628946 0.9653793 -0.2356361 -0.9707171 0.04673107 -0.2365891 -0.9704392 0.04768168 -0.234881 -0.9615043 0.1426199 -0.2235139 -0.9624687 0.1539339 -0.1529925 -0.9744678 0.164335 -0.169154 -0.9848056 0.03930543 -0.1861563 -0.9813753 0.04741754 -0.1863146 -0.9754173 0.1176771 -0.1529918 -0.9811134 0.1183643 0.1529925 -0.9744671 0.1643385 0.1691541 -0.9848063 0.03928662 0.1529917 -0.9811152 0.1183486 0.2348584 -0.9615096 0.1426207 0.2366043 -0.9704355 0.0476815 0.2356362 -0.9707179 0.04671552 0.2235253 -0.9624719 0.1538968 0.1861562 -0.9813761 0.04740189 0.1863147 -0.9754192 0.1176615 -0.1193723 -0.9891173 -0.08600662 -0.1017769 -0.9937273 -0.04634387 -0.03397562 -0.9983194 -0.04694704 -0.07617859 -0.9832112 -0.1658088 -0.1197731 -0.9907399 -0.06394445 -0.2337036 -0.9154721 -0.3275566 -0.2379142 -0.9421765 -0.236009 -0.2047803 -0.9571565 -0.2047351 -0.1978283 -0.9580737 -0.2072653 0.11976 -0.9907417 -0.06394157 0.07618193 -0.9832104 -0.1658123 0.0339756 -0.9983189 -0.046959 0.1017768 -0.9937266 -0.04635581 4.058807e-06 -0.9967708 -0.08029925 0.1193668 -0.9891173 -0.0860141 -0.06829537 -0.9824987 -0.1732974 2.282909e-06 -0.9940015 -0.1093664 0.0682968 -0.9824978 -0.1733019 -0.1361117 -0.9541991 -0.2664165 -0.06829456 -0.9759963 -0.2068019 -0.2031539 -0.8236211 -0.5295063 -0.235058 -0.8336964 -0.499698 -0.236709 -0.878299 -0.4154032 -0.2029973 -0.8990212 -0.3880117 -0.2029789 -0.9118248 -0.3568967 -0.1196344 -0.8760319 -0.4671785 -0.06829074 -0.9293178 -0.3629117 -0.1361087 -0.9433433 -0.3026186 -7.505486e-07 -0.9520821 -0.3058424 0.06829187 -0.9759939 -0.2068141 1.615512e-06 -0.9632676 -0.2685434 -0.06829894 -0.9156575 -0.3961144 -0.1522939 -0.8720764 -0.4650691 0.2047711 -0.9571536 -0.2047572 0.1978533 -0.9580664 -0.2072746 0.2378958 -0.9421809 -0.2360101 0.2337193 -0.9154686 -0.3275554 0.1361149 -0.9541919 -0.2664404 -0.0499738 -0.8312182 -0.5536957 -0.1026179 -0.7845017 -0.6115772 -0.07636757 -0.8159733 -0.5730231 -0.08643538 -0.8291433 -0.5523135 0.01720564 -0.8822312 -0.4705019 0.01924271 -0.7734693 -0.6335417 -0.01720302 -0.8822312 -0.4705019 0.2029757 -0.9118152 -0.3569227 0.1361072 -0.9433364 -0.3026405 0.1522914 -0.8720666 -0.4650884 0.06829791 -0.9156522 -0.3961267 0.06829426 -0.9293134 -0.362922 -0.1056388 -0.7530589 -0.6494172 -0.1022645 -0.7617134 -0.6397927 0.005896548 -0.7657146 -0.6431534 -0.09237735 -0.7211627 -0.6865789 -0.09237172 -0.6865838 -0.721159 -0.1056344 -0.6494141 -0.7530622 -0.06392424 -0.7056606 -0.7056606 -0.07270914 -0.7052352 -0.7052352 -0.2367156 -0.415406 -0.8782959 -0.2350521 -0.4997006 -0.8336965 -0.2031571 -0.5294972 -0.823626 -0.07636445 -0.5730125 -0.8159811 0.005874509 -0.6431718 -0.7656993 -0.1026217 -0.611584 -0.7844959 -0.102267 -0.6398107 -0.7616979 0.07638053 -0.8159572 -0.5730443 0.08643539 -0.8291382 -0.5523213 0.1026131 -0.7845036 -0.6115755 -0.01924558 -0.7734692 -0.6335416 0.04997142 -0.8312132 -0.5537034 0.2366916 -0.8783028 -0.4154049 0.2350761 -0.8336926 -0.4996957 0.1196344 -0.8760217 -0.4671977 0.2029981 -0.8990088 -0.3880399 0.2031528 -0.8236052 -0.5295314 0.1022654 -0.7616916 -0.6398184 -0.005864384 -0.7656931 -0.6431794 0.1056293 -0.7530674 -0.6494088 0.09238032 -0.7211701 -0.6865708 0.06393365 -0.7056491 -0.7056712 0.07269652 -0.7052248 -0.7052469 0.1056345 -0.6493961 -0.7530777 0.09235737 -0.6865839 -0.7211607 -0.2029981 -0.3880059 -0.8990234 -0.1196412 -0.4671746 -0.876033 -0.06829713 -0.3961168 -0.9156566 -0.152289 -0.465066 -0.872079 -0.04997933 -0.5536922 -0.8312203 0.01720181 -0.4705058 -0.8822292 0.01924218 -0.6335452 -0.7734664 -0.08643479 -0.5523102 -0.8291456 -0.005871769 -0.6431746 -0.7656971 0.1022719 -0.639813 -0.7616953 0.1026016 -0.6115414 -0.7845317 0.07634296 -0.5730258 -0.8159738 -0.01923985 -0.6335452 -0.7734664 -0.2379156 -0.2359989 -0.9421787 -0.2336926 -0.3275627 -0.9154728 -0.2025459 -0.2026095 -0.9580837 -0.2029801 -0.3568879 -0.9118279 0.04997647 -0.5537139 -0.8312058 0.08643659 -0.5523317 -0.8291311 -0.017201 -0.4705058 -0.8822292 -0.06828647 -0.3629136 -0.9293174 -0.1361098 -0.2664077 -0.9542018 -0.1361094 -0.3026139 -0.9433446 0.06829387 -0.39614 -0.9156468 0.1522896 -0.465109 -0.8720559 0.2030008 -0.3880658 -0.898997 0.1196385 -0.467218 -0.8760102 0.2350921 -0.4996957 -0.8336883 0.2366796 -0.4154097 -0.8783038 0.2031528 -0.5295536 -0.8235908 0.0682928 -0.3629357 -0.9293082 -2.103026e-06 -0.3058541 -0.9520784 -0.06829488 -0.2068004 -0.9759966 2.983272e-06 -0.2685455 -0.963267 0.06829108 -0.206824 -0.9759919 -0.06829342 -0.1732942 -0.9824994 -0.06829898 -0.01307233 -0.9975792 -0.1015877 -0.1191673 -0.9876634 -0.1030762 -0.07205606 -0.9920601 -0.07957576 -0.02416118 -0.9965359 -0.07618034 -0.1658017 -0.9832122 0.2025473 -0.2026736 -0.9580699 0.2029745 -0.3569458 -0.9118065 0.1361044 -0.3026609 -0.9433302 0.2337304 -0.3275596 -0.9154642 0.2378808 -0.236001 -0.942187 0.1361147 -0.2664526 -0.9541885 0.07610793 -0.1659018 -0.983201 1.086359e-06 -0.08029915 -0.9967709 -2.57716e-06 -0.1093748 -0.9940006 0.103086 -0.07206595 -0.9920584 0.06829837 -0.1733188 -0.9824948 0.1015713 -0.1192872 -0.9876507 0.06829891 -0.01309109 -0.997579 0.07955422 -0.02415617 -0.9965378 -0.07957577 0.02416118 -0.9965359 -0.06829898 0.01307233 -0.9975792 -0.1015877 0.1191673 -0.9876634 -0.1030762 0.07205606 -0.9920601 -0.07618033 0.1658017 -0.9832122 -0.2025459 0.2026095 -0.9580837 -0.2336956 0.3275597 -0.9154731 -0.2379176 0.2360008 -0.9421777 0.1015701 0.1192896 -0.9876505 0.07610796 0.165899 -0.9832014 2.952431e-06 0.08030097 -0.9967706 0.06829902 0.01309524 -0.997579 0.1030852 0.07207076 -0.9920581 0.07954999 0.02415576 -0.9965382 0.06829759 0.1733167 -0.9824951 -0.06829279 0.1732948 -0.9824994 -8.474077e-07 0.1093755 -0.9940004 -0.06829453 0.2068023 -0.9759962 -0.1361088 0.2664086 -0.9542016 -0.2350521 0.4997006 -0.8336965 -0.2367156 0.415406 -0.8782959 -0.2031571 0.5294973 -0.8236261 -0.2029797 0.3568883 -0.9118278 -0.1361086 0.3026146 -0.9433445 -0.06828761 0.3629126 -0.9293177 -0.2029978 0.3880057 -0.8990237 -0.1196414 0.4671747 -0.8760329 2.735507e-06 0.2685474 -0.9632664 0.06829015 0.2068272 -0.9759912 -2.709219e-06 0.3058536 -0.9520785 -0.1522854 0.4650664 -0.8720794 -0.06829862 0.3961216 -0.9156544 0.2025478 0.2026754 -0.9580694 0.2378828 0.2360028 -0.942186 0.233737 0.3275564 -0.9154638 0.1361136 0.2664554 -0.9541879 -0.07636946 0.57302 -0.8159753 -0.1026164 0.6115763 -0.7845026 -0.04997561 0.5536932 -0.8312197 0.01719566 0.4705077 -0.8822283 -0.08643966 0.5523109 -0.8291447 0.01923544 0.633546 -0.7734658 -0.0171954 0.4705077 -0.8822284 0.2029743 0.3569499 -0.9118049 0.06829371 0.3629365 -0.9293078 0.1522854 0.4651128 -0.8720546 0.136103 0.3026647 -0.9433292 0.06829439 0.3961466 -0.9156439 -0.1022613 0.6398111 -0.7616984 -0.1056286 0.6494145 -0.7530627 -0.09236557 0.6865841 -0.7211593 0.005868745 0.6431718 -0.7656994 -0.09237094 0.7211632 -0.6865793 -0.1056321 0.7530594 -0.6494177 -0.07270282 0.7052355 -0.7052355 -0.06393049 0.7056603 -0.7056603 -0.236709 0.878299 -0.4154032 -0.235058 0.8336964 -0.499698 -0.2031539 0.823621 -0.5295062 0.005869606 0.7656988 -0.6431726 -0.1022642 0.7616975 -0.6398117 -0.07636759 0.8159733 -0.5730231 -0.1026179 0.7845017 -0.6115772 0.07633314 0.5730209 -0.8159781 0.1025998 0.6115417 -0.7845317 0.04997524 0.5537149 -0.8312052 -0.01923748 0.633546 -0.7734658 0.08643903 0.5523326 -0.8291302 0.2030015 0.3880683 -0.8989958 0.2366788 0.4154098 -0.878304 0.235095 0.4996953 -0.8336876 0.2031525 0.5295573 -0.8235886 0.1196386 0.4672216 -0.8760083 0.1022774 0.6398005 -0.7617051 -0.005888053 0.6431621 -0.7657074 0.1056401 0.6493789 -0.7530919 0.09235241 0.6866025 -0.7211435 0.06390695 0.7056268 -0.705696 0.07272965 0.7051995 -0.7052687 0.09244413 0.7211918 -0.6865395 0.1056248 0.7530934 -0.6493794 -0.1196958 0.8759981 -0.4672261 -0.2030075 0.8990152 -0.3880201 -0.05003224 0.8311858 -0.5537392 -0.1522276 0.8720583 -0.4651248 -0.06830395 0.9156054 -0.396234 0.01917876 0.7734327 -0.6335883 0.01714131 0.8821526 -0.4706514 -0.08637983 0.8291174 -0.5523612 0.07641193 0.8158559 -0.5731845 0.1022822 0.7616331 -0.6398854 -0.0191812 0.7734327 -0.6335882 0.102576 0.7844712 -0.6116233 -0.005783115 0.7656358 -0.6432483 -0.2379143 0.9421765 -0.236009 -0.2337036 0.9154721 -0.3275566 -0.2025446 0.9580809 -0.2026239 -0.2029689 0.9118233 -0.3569061 -0.01714412 0.8821526 -0.4706514 0.0500345 0.8311142 -0.5538463 0.08637829 0.8290462 -0.5524682 -0.1361192 0.9433122 -0.3027105 -0.1360997 0.9541976 -0.2664277 -0.06827345 0.9292747 -0.3630253 0.1522329 0.8719383 -0.4653479 0.06828263 0.9155568 -0.3963499 0.2030265 0.8988768 -0.3883307 0.2352511 0.8336563 -0.499674 0.2365212 0.8783404 -0.4154227 0.1196935 0.8758786 -0.4674508 0.2031297 0.8234466 -0.5297868 -1.262252e-05 0.9520155 -0.3060499 0.06830095 0.929229 -0.3631371 -0.06830077 0.9759755 -0.2068984 1.339609e-05 0.963237 -0.268653 0.06827927 0.9759517 -0.2070177 -0.06828155 0.9824989 -0.1733024 -0.07618812 0.9832133 -0.1657915 -0.1015969 0.9876639 -0.1191553 -0.07963249 0.9965299 -0.02422491 -0.1030542 0.9920599 -0.07209145 -0.06829897 0.9975792 -0.01308063 0.2025542 0.9580121 -0.2029397 0.202945 0.9117126 -0.3572022 0.2339029 0.915427 -0.3275405 0.1361216 0.9541318 -0.2666525 0.2377474 0.9422162 -0.236019 0.1360915 0.9432403 -0.3029466 7.650534e-06 0.9967698 -0.08031148 0.07619165 0.9831887 -0.1659362 0.06830425 0.9824766 -0.1734195 0.1029124 0.9921232 -0.07141846 0.06829888 0.9975778 -0.01317843 0.07914233 0.9965785 -0.02382735 -1.072701e-05 0.9939902 -0.1094685 0.1017742 0.9876754 -0.118909 -0.07963248 0.9965299 0.02422491 -0.1030542 0.9920599 0.07209145 -0.07618771 0.9832132 0.1657922 -0.06829897 0.9975792 0.01308063 -0.1015969 0.9876639 0.1191553 -0.2025444 0.9580811 0.2026237 -0.2337036 0.915472 0.3275574 -0.2379142 0.9421765 0.236009 0.1029124 0.9921232 0.07141846 0.06829888 0.9975778 0.01317843 0.07619125 0.9831886 0.1659369 0.07914233 0.9965785 0.02382735 0.1017742 0.9876754 0.118909 7.650808e-06 0.9967698 0.08031148 -0.06828174 0.9824988 0.1733025 0.06830443 0.9824766 0.1734196 -1.072701e-05 0.9939902 0.1094685 -0.1360997 0.9541978 0.2664272 -0.068301 0.9759755 0.2068982 -0.2031545 0.8236213 0.5295057 -0.2350591 0.8336967 0.4996969 -0.23671 0.8782988 0.415403 -0.2029697 0.9118232 0.356906 -0.2030084 0.899015 0.38802 -0.1196968 0.875998 0.4672261 -0.06827305 0.9292748 0.3630249 -0.1361191 0.9433123 0.3027099 -1.262371e-05 0.9520155 0.3060499 0.0682795 0.9759517 0.2070175 1.339609e-05 0.963237 0.268653 -0.1522276 0.8720583 0.4651248 -0.06830351 0.9156056 0.3962336 0.2025539 0.9580122 0.2029396 0.1361216 0.9541318 0.2666519 0.2377474 0.9422162 0.236019 0.2339029 0.9154268 0.3275412 -0.07636631 0.8159734 0.5730232 -0.05003161 0.8311853 0.5537397 -0.1026179 0.7845001 0.6115792 0.01714183 0.8821529 0.470651 0.01917738 0.7734328 0.6335883 -0.08638044 0.829117 0.5523617 -0.01714256 0.8821529 0.470651 0.1522324 0.8719386 0.4653476 0.06830136 0.9292288 0.3631375 0.202945 0.9117124 0.3572029 0.1360915 0.9432402 0.3029472 0.06828305 0.9155566 0.3963503 0.005868155 0.7656988 0.6431726 -0.1056314 0.7530613 0.6494157 -0.09236782 0.7211594 0.6865838 -0.1022642 0.7616975 0.6398117 -0.07270519 0.7052361 0.7052347 -0.06393129 0.7056609 0.7056596 -0.09236636 0.6865862 0.7211572 -0.1056303 0.6494144 0.7530625 -0.2031571 0.5294986 0.8236251 -0.2367156 0.4154024 0.8782975 -0.235052 0.4997022 0.8336955 -0.1026164 0.6115736 0.7845047 0.005873796 0.643167 0.7657034 -0.0763731 0.5730226 0.8159732 -0.1022613 0.6398063 0.7617024 0.07641193 0.8158559 0.5731845 0.05003389 0.8311145 0.5538458 0.08638012 0.8290464 0.5524676 0.102576 0.7844712 0.6116233 -0.01917977 0.7734327 0.6335882 0.1196919 0.875879 0.4674504 0.2030265 0.8988775 0.3883291 0.236523 0.8783399 0.4154225 0.2352534 0.8336564 0.4996727 0.2031298 0.823446 0.5297877 0.0924426 0.7211919 0.6865396 0.1022822 0.7616298 0.6398894 -0.005775995 0.7656324 0.6432525 0.1056233 0.7530935 0.6493795 0.1056384 0.6493837 0.7530879 0.06391007 0.7056265 0.7056958 0.09235324 0.6866003 0.7211456 0.0727281 0.7051996 0.7052688 -0.2029988 0.3880029 0.8990246 -0.1196394 0.4671749 0.8760332 -0.04997561 0.5536932 0.8312197 -0.06829759 0.3961208 0.9156548 -0.1522854 0.4650664 0.8720794 0.01719764 0.4705077 0.8822283 -0.08643785 0.552311 0.8291448 0.01923542 0.6335448 0.7734669 0.1025981 0.6115392 0.7845339 0.07633491 0.5730236 0.815976 0.1022756 0.6398054 0.7617012 -0.005879526 0.643167 0.7657034 -0.01923747 0.6335448 0.7734668 -0.2025448 0.2026106 0.9580837 -0.2029807 0.3568891 0.9118273 -0.2379195 0.2360047 0.9421763 -0.2336977 0.3275596 0.9154726 0.0499743 0.5537157 0.8312049 0.08643626 0.5523334 0.82913 -0.0171993 0.4705077 0.8822283 -0.1361078 0.2664095 0.9542016 -0.1361075 0.3026138 0.9433449 -0.06828659 0.3629118 0.929318 0.1522854 0.4651128 0.8720546 0.06829236 0.3961449 0.9156448 0.2031534 0.5295565 0.8235889 0.1196406 0.4672215 0.8760082 0.2030035 0.3880682 0.8989954 0.2350931 0.4996971 0.8336871 0.2366769 0.4154065 0.878306 -3.770733e-06 0.3058545 0.9520783 0.06829163 0.3629365 0.929308 -0.06829454 0.2068043 0.9759958 0.06829016 0.2068272 0.9759913 1.660683e-06 0.2685484 0.9632662 -0.1030742 0.07204753 0.9920609 -0.07958009 0.02416544 0.9965355 -0.06829898 0.01307233 0.9975792 -0.06829279 0.1732948 0.9824994 -0.1015852 0.1191759 0.9876627 -0.07618491 0.1657974 0.9832126 0.1361031 0.3026629 0.9433298 0.2025467 0.2026764 0.9580694 0.1361135 0.2664554 0.9541879 0.2029763 0.3569498 0.9118045 0.233739 0.3275562 0.9154633 0.2378847 0.2360067 0.9421844 0.06829902 0.01309305 0.997579 0.1030852 0.07207076 0.9920581 0.06829759 0.1733187 0.9824948 -1.956519e-06 0.1093765 0.9940004 0.07610556 0.1659033 0.983201 0.1015701 0.1192896 0.9876505 0.07954789 0.0241515 0.9965384 1.839794e-06 0.08029988 0.9967707 -0.06829898 -0.01307233 0.9975792 -0.0795801 -0.02416544 0.9965355 -0.1030742 -0.07204753 0.9920609 -0.07618491 -0.1657974 0.9832126 -0.1015852 -0.1191759 0.9876627 -0.2336946 -0.3275625 0.9154724 -0.2379175 -0.2360028 0.9421772 -0.2025448 -0.2026105 0.9580837 0.06829891 -0.01309328 0.997579 0.1030837 -0.07207023 0.9920583 0.07954767 -0.02415192 0.9965385 0.1015691 -0.1192872 0.9876509 2.198816e-06 -0.08030023 0.9967707 0.07610574 -0.1659018 0.9832011 -0.06829233 -0.1732952 0.9824993 -1.468318e-06 -0.1093758 0.9940005 0.06829727 -0.1733178 0.982495 -0.1361087 -0.2664087 0.9542017 -0.06829379 -0.2068014 0.9759965 -0.2029812 -0.3568887 0.9118274 -0.1361083 -0.302613 0.943345 -0.06828646 -0.3629119 0.929318 -0.2074682 -0.4182511 0.8843206 -0.2030056 -0.3857239 0.9000032 -0.06668113 -0.4042782 0.9122022 -0.06829987 -0.3930066 0.9169956 -0.0666594 -0.4485231 0.891282 -0.207519 -0.4181263 0.8843676 -0.06991865 -0.4263851 0.9018355 -0.2030051 -0.4508945 0.8691853 -0.06830011 -0.4594076 0.8855957 -0.06667823 -0.4917053 0.868205 -0.06829718 -0.4809938 0.8740597 -0.2030037 -0.4720808 0.8578631 0 -0.9285269 -0.3712651 0.0390278 -0.8001857 -0.5984811 -0.04085764 -0.9256235 -0.3762336 0.0744289 -0.6167799 -0.7836089 -0.07794821 -0.7880507 -0.6106555 0.1060531 -0.39182 -0.9139091 -0.1112628 -0.5921888 -0.7980809 0.1339043 -0.1414542 -0.9808468 -0.1407827 -0.353567 -0.9247544 0.1580121 0.1168084 -0.980504 -0.166541 -0.09059206 -0.9818642 0.1784802 0.3653023 -0.9136187 -0.1885859 0.1769527 -0.965983 0.1953499 0.5873951 -0.7853696 -0.2070371 0.429376 -0.8790745 0.2086956 0.768487 -0.6048751 -0.221995 0.6484437 -0.7281751 0.2186984 0.8968453 -0.3844988 -0.2335013 0.8185875 -0.5247777 0.2253004 0.9643123 -0.1390742 -0.2416213 0.9279176 -0.2838804 0.2285882 0.9666877 0.1151624 -0.2465294 0.9688628 -0.02297925 0.2285768 0.903945 0.3614362 -0.2481466 0.9387333 0.2391715 -0.2465206 0.8397574 0.4837718 0.2253243 0.7802024 0.583535 -0.2416198 0.6789557 0.6932814 0.2187185 0.603519 0.766764 -0.2334496 0.467697 0.8525026 0.2087567 0.3853644 0.8988409 -0.2219616 0.2209575 0.9496899 0.1953702 0.1399846 0.9706878 -0.2070114 -0.04360671 0.9773662 0.178488 -0.1163949 0.9770334 -0.1885756 -0.3068402 0.9328924 0.1580391 -0.3666009 0.9168574 -0.1665039 -0.5493687 0.8188226 0.1339487 -0.593537 0.7935815 -0.140735 -0.7529634 0.6428373 0.1060553 -0.7813534 0.6150115 -0.1112731 -0.9018741 0.4174224 0.074439 -0.916544 0.3929451 0.03900971 -0.9890062 0.1426356 -0.07794002 -0.9841765 0.1591285 0 -0.9929786 -0.1182945 -0.04087159 -0.9928062 -0.1125404 0.8066947 -0.506375 -0.3046771 0.8023088 -0.4333542 -0.4104932 0.7981784 -0.3380699 -0.4986182 0.7943524 -0.2248426 -0.5643139 0.7908407 -0.09901454 -0.6039595 0.7876713 0.03335528 -0.6151922 0.8416329 -0.06046671 0.5366544 0.8392085 -0.1796074 0.5132936 0.8364097 -0.2916093 0.4640936 0.8332348 -0.3909742 0.3909717 0.8296415 -0.4727232 0.2970316 0.8256005 -0.53259 0.1863646 0.5191745 -0.8496581 0.09240622 0.8138434 -0.5728117 0.09770275 0.9789165 -0.2029766 0.02286952 0.5191743 -0.8496577 -0.09241113 0.5192215 -0.8496298 -0.09240314 0.9805911 -0.1948319 -0.02195184 0.978934 -0.2029803 -0.0220745 0.8161585 -0.5744412 -0.06247161 0.5678079 -0.2356234 -0.7887179 0.8161189 -0.574496 -0.06248379 0.5192432 -0.8098909 -0.2728794 0.9133224 -0.3859199 -0.1300306 0.2929279 -0.08763953 -0.9521095 0.5192195 -0.8099037 -0.2728864 0.9819757 -0.1784001 -0.06242588 0.7250342 -0.2689932 -0.6340094 0.8137577 -0.5612026 -0.1511623 0.5113839 -0.7846221 -0.3505064 0.3710358 -0.05814338 -0.9267965 0.9831274 -0.1548842 -0.09732074 0.7714661 -0.2316352 -0.5926089 0.8138129 -0.5151623 -0.2689169 0.5112584 -0.6916443 -0.5101401 0.4178845 0.01319237 -0.9084044 0.9840875 -0.1256425 -0.1256409 0.813879 -0.4448169 -0.3738167 0.7899602 -0.1630234 -0.5910891 0.5110742 -0.5669748 -0.6460206 0.4465309 0.1140474 -0.8874702 0.9848942 -0.09212447 -0.1466165 0.7989702 -0.07520703 -0.5966495 0.8139171 -0.3536074 -0.4609781 0.510934 -0.4165073 -0.7519761 0.4647558 0.2334189 -0.854118 0.9855686 -0.05590832 -0.1597773 0.8039588 0.02462661 -0.5941748 0.8139338 -0.2458956 -0.5263525 0.510659 -0.2473966 -0.8234211 0.4768943 0.361589 -0.80114 0.9861309 -0.01858314 -0.1649259 0.8139533 -0.1267909 -0.5669251 0.8070143 0.1302916 -0.5759793 0.5103414 -0.06745112 -0.8573225 0.9865969 0.01827037 -0.16215 0.8139539 -0.001937688 -0.5809263 0.6061307 0.2127821 -0.7663742 0.5154299 0.2859645 -0.8078097 0.9791558 0.03904719 -0.1993221 0.8175917 0.1106948 -0.565058 0.5179093 0.2056685 -0.8303435 0.9869785 0.05312609 -0.1518261 0.8169078 0.1714254 -0.5507042 0.9790542 0.06051345 -0.1943995 0.5162297 0.4437431 -0.7325292 0.6002174 0.3746496 -0.7066659 0.9791496 0.08171591 -0.1859795 0.8175552 0.2316438 -0.5272045 0.5179473 0.3799293 -0.76641 0.8170003 0.2876738 -0.4997543 0.9872825 0.08457958 -0.1346088 0.9790644 0.1015477 -0.1764112 0.516784 0.5849548 -0.6251097 0.817529 0.3413742 -0.4637995 0.5952883 0.5201825 -0.6124066 0.9791428 0.120437 -0.1636287 0.517982 0.5360727 -0.6665738 0.9875203 0.1113643 -0.1113629 0.9790747 0.1376441 -0.149889 0.8170583 0.3899708 -0.4246628 0.5914133 0.6419449 -0.4879929 0.9791393 0.153327 -0.1333307 0.5171992 0.7021568 -0.4893678 0.817471 0.4346258 -0.3779437 0.5179778 0.6668428 -0.5357423 0.8171383 0.4733286 -0.3290062 0.9790884 0.1670451 -0.1161114 0.9876932 0.1324307 -0.08321217 0.517479 0.7891372 -0.3308745 0.8174329 0.5068197 -0.2737466 0.9791313 0.1788123 -0.09658122 0.5886286 0.7336853 -0.3394442 0.5180018 0.7662341 -0.3802098 0.9790975 0.188358 -0.07674204 0.8172073 0.533744 -0.2174615 0.987806 0.1469526 -0.05142174 0.5177246 0.8411027 -0.1565492 0.8173844 0.5544934 -0.1562686 0.9791211 0.1956565 -0.05514037 0.5869503 0.7906954 -0.1740401 0.5178868 0.8299035 -0.2074931 0.9878629 0.1543521 -0.01739096 0.9791042 0.2005512 -0.03367718 0.8172615 0.56831 -0.09543237 0.9791132 0.2030174 -0.01100524 0.5177976 0.8551163 0.02572403 0.8173195 0.5753402 -0.03118823 0.5863801 0.8100361 0 0.5177976 0.8551163 -0.02572403 0.9878629 0.1543521 0.01739096 0.8173195 0.5753402 0.03118823 0.9791132 0.2030174 0.01100524 0.9791042 0.2005512 0.03367718 0.5178867 0.8299036 0.2074931 0.8172615 0.5683101 0.09543239 0.5869503 0.7906954 0.1740401 0.5177246 0.8411027 0.1565492 0.9878061 0.1469522 0.05142171 0.9791211 0.1956565 0.05514036 0.8173844 0.5544935 0.1562686 0.9790978 0.1883562 0.07674133 0.5180019 0.766234 0.3802098 0.8172073 0.533744 0.2174615 0.5886308 0.7336841 0.3394428 0.5174862 0.7891327 0.3308739 0.987693 0.132432 0.08321255 0.9791318 0.17881 0.09658056 0.817437 0.506814 0.2737452 0.9790877 0.1670477 0.1161127 0.5179894 0.6668381 0.5357367 0.5914189 0.6419417 0.4879904 0.817143 0.4733237 0.3290013 0.5172098 0.7021504 0.4893656 0.9875199 0.1113658 0.1113651 0.9791386 0.153329 0.1333335 0.8174766 0.4346185 0.3779402 0.5952934 0.5201781 0.6124055 0.9790748 0.1376441 0.1498891 0.5179964 0.5360667 0.6665674 0.8170645 0.3899649 0.4246564 0.516784 0.5849549 0.6251097 0.9872831 0.08457827 0.1346055 0.9791428 0.1204386 0.1636274 0.8175155 0.3413904 0.4638114 0.6002148 0.3746519 0.7066669 0.9790635 0.1015493 0.1764152 0.5179474 0.3799315 0.7664089 0.8169857 0.2876826 0.499773 0.5162297 0.4437431 0.7325292 0.9869776 0.05312743 0.151831 0.9791487 0.08171655 0.1859843 0.8175629 0.231636 0.527196 0.6061367 0.2127825 0.7663692 0.979054 0.06051406 0.1943994 0.5179093 0.2056685 0.8303435 0.8169158 0.1714237 0.5506928 0.5154476 0.2859569 0.807801 0.9865966 0.01827027 0.1621524 0.9791558 0.03904564 0.1993225 0.8175999 0.1106882 0.5650474 0.6130078 0.04277282 0.7889182 0.9072822 -0.3761012 0.1881138 0.9790409 0.01652945 0.2029921 0.5178719 0.02146087 0.8551889 0.8168336 0.04681927 0.5749702 0.6207718 -0.1268345 0.7736636 0.9690007 0.09545802 0.2278714 0.885563 -0.4568563 0.08402754 0.6293342 -0.2876495 0.7219393 0.8527331 -0.5195498 -0.05398315 0.9696418 0.03817955 0.2415307 0.3984514 -0.5147117 0.7591497 0.8008152 -0.5534255 -0.2289438 0.970202 -0.01983053 0.2414846 0.8140691 -0.2833169 0.5069743 0.7921948 -0.5415468 0.2813443 0.4270644 -0.6564618 0.6218311 0.8140172 -0.3886326 0.431672 0.7751251 -0.6252049 0.09110345 0.9706956 -0.07548194 0.2281501 0.7147734 -0.5419885 -0.4419814 0.4570175 -0.7621378 0.458564 0.8139552 -0.4745984 0.3350123 0.7318347 -0.6577045 -0.1784452 0.9711319 -0.1259098 0.2026071 0.5685031 -0.4594603 -0.6824225 0.4878096 -0.8272551 0.2787307 0.813907 -0.5369878 0.2218098 0.5809665 -0.5552761 -0.595102 0.9715142 -0.1686212 0.1665144 0.9789163 -0.2029777 0.02286974 0.6931951 -0.7162183 0.08069716 0 0.9022593 0.431194 0 0.9022593 0.431194 0 0.6685598 0.7436584 0 0.3330893 0.9428953 0 0.6685598 0.7436584 0 0.3330893 0.9428953 0 -0.05309804 0.9985893 0 -0.4311977 0.9022575 0 -0.05309804 0.9985893 0 -0.4311977 0.9022575 0 -0.7436531 0.6685657 0 -0.7436531 0.6685657 0 -0.9428943 0.3330919 -0 -0.998589 -0.05310453 0 -0.9428943 0.3330919 -0 -0.998589 -0.05310453 -0 -0.9022593 -0.431194 -0 -0.6685643 -0.7436544 0 -0.9022593 -0.431194 -0 -0.3330865 -0.9428962 -0 -0.6685643 -0.7436544 -0 -0.3330865 -0.9428962 0 0.0530958 -0.9985895 0 0.0530958 -0.9985895 0 0.4312013 -0.9022558 0 0.4312013 -0.9022558 0 0.7436521 -0.6685668 0 0.7436521 -0.6685668 0 0.9428972 -0.3330839 0 0.9985895 0.05309556 0 0.9428972 -0.3330839 0 0.9985895 0.05309556 0.7001978 -0.7129416 -0.03791392 0.729661 -0.6832614 -0.02736326 0.7529427 -0.6114234 0.2433902 0.6700212 -0.69995 0.2472681 0.7706982 -0.444979 0.4560899 0.6411043 -0.5707194 0.5130932 0.614705 -0.3401102 0.711662 0.7840186 -0.2152919 0.5822064 0.5919526 -0.04279558 0.8048357 0.7936943 0.03932284 0.6070445 0.5738883 0.272778 0.7721686 0.8002582 0.2788044 0.5309001 0.561358 0.5532821 0.6154317 0.8040714 0.466615 0.3684285 0.5549326 0.7505853 0.3587083 0.8053118 0.5744992 0.146368 0.554929 0.8307243 0.04417008 0.8040603 0.5860372 -0.1002368 0.5613381 0.780329 -0.2756558 0.8002595 0.4988463 -0.3327717 0.5738915 0.609 -0.5475103 0.7936921 0.3250024 -0.5142239 0.5919464 0.3475385 -0.7271977 0.7840221 0.08953728 -0.6142413 0.6147127 0.04187937 -0.7876385 0.7707036 -0.1724911 -0.6134025 0.6411139 -0.2556258 -0.7236218 0.7529536 -0.4204113 -0.5062759 0.6700116 -0.4963091 -0.5520523 0.7296529 -0.6130663 -0.302913 0.7002029 -0.6441625 -0.3078483 0.9970772 -0.05905801 -0.04846801 0.9971078 -0.05410696 -0.0533688 0.997162 -0.05489863 -0.05151841 0.9971024 -0.05544923 -0.05207986 0.9974175 -0.05371222 -0.04767884 0.9971051 -0.05368564 -0.05384387 0.9971049 -0.05386937 -0.05366524 0.9970983 -0.05433313 -0.05331931 0.9972063 -0.05777973 -0.0473399 0.9970326 -0.05617547 -0.05263424 0.9967905 -0.05961029 -0.05343494 0.9970624 -0.05991166 -0.0477185 0.9973543 -0.05866142 -0.04293128 0.9970065 -0.0681877 -0.03644694 0.9971246 -0.05814921 -0.04859301 0.9971092 -0.05964389 -0.04707379 0.9971265 -0.05968143 -0.04665608 0.9971066 -0.06070113 -0.04575981 0.9971032 -0.06061946 -0.04593859 0.9967082 -0.060683 -0.05376078 0.9971192 -0.05832914 -0.04848643 0.9970981 -0.06054359 -0.04615001 0.9969806 -0.06389879 -0.04412174 0.9969784 -0.06392884 -0.04412643 0.9972442 -0.06569008 -0.03447731 0.997112 -0.06694351 -0.03586207 0.9970834 -0.07135986 -0.02706335 0.9971436 -0.07227805 -0.02192497 0.9970881 -0.0740423 -0.01824965 0.997103 -0.07550875 -0.009168055 0.9971342 -0.07528924 -0.007415462 0.9970797 -0.07636847 0 0.9971351 -0.07524951 0.007687918 0.9971076 -0.07544795 0.009160672 0.9970856 -0.07407383 0.01825738 0.9971467 -0.07199422 0.02269953 0.9970878 -0.07130516 0.0270426 0.9971386 -0.06601024 0.03684149 0.9971033 -0.06734648 0.03534677 0.997131 -0.05727224 0.0494942 0.9970798 -0.06284823 0.04338055 0.9971124 -0.05684238 0.05035812 0.997146 -0.04595919 0.05989512 0.9970836 -0.05060686 0.05712302 0.9970906 -0.04330157 0.06273308 0.9971414 -0.03292448 0.0680066 0.9970994 -0.03537036 0.0673929 0.9971262 -0.01854115 0.07345378 0.9970803 -0.02707729 0.07139663 0.9971173 -0.01815801 0.07366982 0.9971449 -0.00329388 0.07544054 0.9970822 -0.009201162 0.07577933 0.9970935 0 0.07618709 0.9971437 0.01203204 0.07456312 0.9970958 0.009179745 0.07560293 0.9970813 0.01827098 0.07412816 0.9971228 0.02695978 0.07084776 0.9971209 0.02688908 0.07090037 0.997143 0.04058581 0.06370694 0.997081 0.03548205 0.0676057 0.997097 0.0432545 0.06266422 0.9970925 0.05053029 0.05703726 0.9971454 0.05260888 0.05416153 0.9970827 0.05713348 0.05061601 0.9971157 0.06246229 0.04311415 0.9971279 0.06266445 0.04253385 0.9970801 0.06761472 0.03548754 0.9971406 0.06981675 0.02891881 0.9971007 0.07114939 0.02698286 0.9970896 0.07402303 0.01824553 0.9971464 0.07414708 0.01418898 0.9970843 0.07575159 0.00919754 0.9971107 0.0759617 -0 0.9971324 0.07566839 -0.001100613 0.9970797 0.07581054 -0.009204697 0.9971375 0.07381723 -0.01636496 0.9971047 0.07383076 -0.01819818 0.9970871 0.07131521 -0.02704574 0.9971467 0.06887154 -0.0309034 0.9970863 0.0675437 -0.03545019 0.9971062 0.06256485 -0.04318495 0.9971364 0.06131071 -0.04427331 0.9970797 0.05716223 -0.05064163 0.9971338 0.05111419 -0.05578107 0.9971092 0.05038557 -0.05687353 0.9970849 0.04334339 -0.06279323 0.9971465 0.03869192 -0.06482024 0.9970887 0.03543505 -0.06751614 0.997102 0.02697731 -0.071133 0.9971397 0.02481437 -0.0713921 0.99708 0.01827499 -0.07414512 0.9971295 0.009882916 -0.07506747 0.9971139 0.009150943 -0.07536573 0.9970832 0 -0.07632305 0.9971458 -0.005485608 -0.07530123 0.9970915 -0.009186461 -0.07565825 0.9970981 -0.01821831 -0.07391516 0.9971423 -0.02061222 -0.07268029 0.9970005 -0.03222845 -0.07036519 0.9971223 -0.03500489 -0.06724359 0.9970751 -0.04827035 -0.05925556 0.9972696 -0.04570903 -0.0580008 0.9972059 -0.0478152 -0.05739379 0.9971005 -0.05159445 -0.05593441 0.9973336 -0.0489126 -0.05415789 0.9975381 -0.04593256 -0.05298987 0.9971062 -0.049179 -0.0579711 0.997106 -0.04917622 -0.05797698 0.9971029 -0.05189846 -0.05561 0.997216 -0.05084387 -0.05454223 0.9971448 -0.05227701 -0.05449147 0.9971025 -0.04997015 -0.05735518 0.9971083 -0.05006853 -0.05716733 0.9971102 -0.05095541 -0.05634643 0.9971013 -0.05076599 -0.05667339 0.9971045 -0.04919159 -0.05798937 0.9971031 -0.04782895 -0.05914231 0.9971043 -0.04919796 -0.05798771 0.997107 -0.04993295 -0.05730845 0.9970871 -0.04796142 -0.05930443 0.9969608 -0.04563295 -0.06314141 0.9970709 -0.04590964 -0.06117104 0.9971126 -0.04671867 -0.05986544 0.9967243 -0.04594189 -0.06655849 0.9970108 -0.04955447 -0.05927852 0.9971023 -0.05007649 -0.05726672 0.9971061 -0.0507251 -0.05662608 0.9968659 -0.05176367 -0.05982536 0.9971023 -0.05084012 -0.05658915 0.9971096 -0.05176137 -0.05561698 0.9971036 -0.0517864 -0.05569956 0.9971051 -0.05332637 -0.05420061 0.9967133 -0.05371927 -0.06063579 0.9969835 -0.05286756 -0.05682542 0.997105 -0.05333682 -0.05419284 0.9967812 -0.0534384 -0.05976166 0.9970607 -0.05299823 -0.05532856 0.9971061 -0.05547613 -0.05197899 0.9971063 -0.05543465 -0.05202063 0.9970189 -0.04814261 -0.0602965 0.9973414 -0.04378704 -0.05824855 0.9971198 -0.04393285 -0.06182095 0.9971109 -0.04446723 -0.06158316 0.9971071 -0.044796 -0.06140681 0.9971047 -0.04519197 -0.06115435 0.9971039 -0.04782763 -0.05912909 0.9971137 -0.04711847 -0.05953219 0.9971216 -0.04669653 -0.05973221 0.9971321 -0.04624811 -0.05990651 0.9971452 -0.04576963 -0.06005536 0.9971039 -0.04705585 -0.05974644 0.9971046 -0.05187018 -0.05560423 0.9970991 -0.05166947 -0.05589023 0.9971028 -0.0517131 -0.05578389 0.9970957 -0.04179646 -0.06366483 0.997093 -0.04178291 -0.0637142 0.9971088 -0.03531272 -0.06728306 0.9977511 -0.02376908 -0.06267364 0.9971589 -0.04202951 -0.06251004 0.9975303 -0.0385452 -0.05871584 0 -0.7485087 -0.663125 0 -0.7485087 -0.663125 0 -0.8229865 -0.5680608 0 -0.8229865 -0.5680608 0 -0.8854533 -0.4647285 0 -0.8854533 -0.4647285 0 -0.9350157 -0.3546063 0 -0.9350157 -0.3546063 0 -0.9709422 -0.239314 0 -0.9709422 -0.239314 0 -0.9927095 -0.1205319 0 -0.9927095 -0.1205319 0 -1 0 0 -1 0 0 -0.9927095 0.1205319 0 -0.9927095 0.1205319 0 -0.9709424 0.2393135 0 -0.9709424 0.2393135 0 -0.9350157 0.3546063 0 -0.9350157 0.3546063 0 -0.8854527 0.4647294 0 -0.8854527 0.4647294 0 -0.8229865 0.5680608 0 -0.8229865 0.5680608 0 -0.7485096 0.6631238 0 -0.7485096 0.6631238 0 -0.6631247 0.748509 0 -0.6631247 0.748509 0 -0.5680652 0.8229835 0 -0.5680652 0.8229835 0 -0.4647216 0.8854569 0 -0.3546063 0.9350157 0 -0.4647216 0.8854569 0 -0.239316 0.9709417 0 -0.3546063 0.9350157 0 -0.239316 0.9709417 0 -0.1205352 0.992709 0 -0.1205352 0.992709 -0 0 1 -0 0.1205352 0.992709 0 0 1 -0 0.239316 0.9709417 -0 0.1205352 0.992709 -0 0.3546063 0.9350157 -0 0.239316 0.9709417 -0 0.3546063 0.9350157 -0 0.4647216 0.8854569 -0 0.5680693 0.8229807 0 0.4647216 0.8854569 -0 0.5680693 0.8229807 -0 0.6631203 0.7485128 -0 0.6631203 0.7485128 -0 0.7485096 0.6631238 -0 0.7485096 0.6631238 0 0.8229865 0.5680608 -0 0.8229865 0.5680608 -0 0.8854527 0.4647294 -0 0.8854527 0.4647294 -0 0.9350186 0.3545986 -0 0.9350186 0.3545986 0 0.9709404 0.2393217 -0 0.9709404 0.2393217 -0 0.9927095 0.1205319 -0 0.9927095 0.1205319 0 1 0 0 1 0 0 0.9927095 -0.1205319 0 0.9927095 -0.1205319 0 0.9709402 -0.2393222 0 0.9709402 -0.2393222 0 0.9350186 -0.3545986 0 0.9350186 -0.3545986 0 0.8854533 -0.4647285 0 0.8854533 -0.4647285 0 0.8229865 -0.5680608 0 0.8229865 -0.5680608 0 0.7485087 -0.663125 0 0.7485087 -0.663125 0 0.6631228 -0.7485106 0 0.6631228 -0.7485106 0 0.5680678 -0.8229818 0 0.5680678 -0.8229818 0 0.4647216 -0.8854569 0 0.4647216 -0.8854569 0 0.3546063 -0.9350157 0 0.3546063 -0.9350157 0 0.239314 -0.9709422 0 0.239314 -0.9709422 0 0.1205352 -0.992709 0 0.1205352 -0.992709 0 0 -1 0 0 -1 0 -0.239314 -0.9709422 0 -0.1205352 -0.992709 0 -0.1205352 -0.992709 0 -0.239314 -0.9709422 0 -0.3546063 -0.9350157 0 -0.3546063 -0.9350157 0 -0.4647216 -0.8854569 0 -0.4647216 -0.8854569 0 -0.5680637 -0.8229845 0 -0.5680637 -0.8229845 0 -0.6631272 -0.7485068 0 -0.6631272 -0.7485068 0.7281663 0.6558883 0.1989584 0.7167993 0.6149462 0.3286943 0.7068557 0.5467934 0.448745 0.6960773 0.4534528 0.556648 0.7794332 -0.1302542 -0.6127951 0.7766733 0 -0.6299036 0.7735679 0.131757 -0.6198652 0.7701076 0.2594623 -0.5827637 0.7662639 0.3776662 -0.5198152 0.7620159 0.4812319 -0.4332985 0.7573543 0.5655172 -0.3265039 0.7522266 0.6266554 -0.203613 0.9810554 0.1927237 -0.01968972 0.7420283 0.6697803 -0.02807895 0.981069 0.1927263 0.01898197 0.9810684 0.192729 0.01898246 0.4873002 0.263237 -0.8326133 0.3599729 0.927852 0.09752023 0.2906848 0.9522117 0.09378274 0.7407098 0.6685902 0.06584904 0.7406964 0.6686048 0.06585214 0.6253021 0.6587412 -0.4183984 0.9755818 0.1359963 0.1724684 0.7395338 0.3857397 -0.5516291 0.4157496 0.8649658 0.2810455 0.7422389 0.6248175 0.2422492 0.7083691 0.7051367 -0.03154987 0.9743986 0.09365036 0.2043946 0.8490487 0.4171799 -0.3241561 0.7423061 0.5611926 0.3661208 0.7276851 0.6559175 0.2006157 0.4596322 0.7691248 0.4440555 0.9729105 0.04317327 0.2271153 0.900649 0.405756 -0.1555428 0.7347583 0.5694797 0.3685418 0.4931506 0.6464966 0.5821036 0.7422965 0.4729947 0.474628 0.9721218 -0.008730785 0.2343136 0.5051271 0.5072824 0.6982201 0.7423083 0.3638621 0.5626569 0.8602216 0.2354555 0.4523047 0.7421771 0.3518504 0.5704159 0.2919337 0.5021209 0.8140329 0.9719383 0.2197252 0.08400607 0.9803035 0.03037449 0.1951474 0.5154786 0.3485343 0.782819 0.7414541 0.2923896 0.6039488 0.2913388 0.4168469 0.8610229 0.7421637 0.2273925 0.6304646 0.291833 0.324512 0.8997363 0.8579796 0.140154 0.4941943 0.9736596 0.1859408 0.1319575 0.9801733 -0.01262716 0.1977393 0.7414861 0.1623262 0.6510366 0.5242787 0.1770473 0.8329383 0.291318 0.2314349 0.9282088 0.9749786 0.1443977 0.1690146 0.856003 0.03756111 0.5156046 0.2918095 0.1331074 0.9471693 0.7420969 0.0932808 0.6637701 0.9800218 -0.05550611 0.1909877 0.531573 0 0.8470125 0.7415604 0.02536574 0.6704064 0.291373 0.03616875 0.9559256 0.9760058 0.09760431 0.1946436 0.8543233 -0.06784048 0.5152953 0.2917801 -0.0639495 0.9543452 0.7420702 -0.04481696 0.6688222 0.9798476 -0.09627409 0.1750138 0.5374684 -0.1753293 0.8248559 0.2914256 -0.1606247 0.9430116 0.7416365 -0.1126365 0.6612779 0.8529688 -0.1713665 0.4930292 0.7420437 -0.1810271 0.6454459 0.9768199 0.04805646 0.2085987 0.2917477 -0.2582997 0.9209586 0.9796525 -0.1329716 0.150331 0.2914717 -0.3505845 0.8900195 0.5419976 -0.341814 0.7677251 0.7416967 -0.2458233 0.6240649 0.2917912 -0.4416463 0.8484141 0.7420065 -0.3095472 0.5946484 0.9774804 -0.001808487 0.2110186 0.8519318 -0.2683951 0.4496402 0.9794233 -0.1637809 0.1179229 0.7417486 -0.3685489 0.5603399 0.2915954 -0.5256359 0.7991741 0.5451774 -0.49275 0.6782176 0.9780194 -0.04971572 0.2025004 0.7419516 -0.4249506 0.5185797 0.2916833 -0.6062636 0.7398413 0.851239 -0.3545359 0.3869061 0.9791514 -0.1870897 0.07912019 0.2915606 -0.6783487 0.6744151 0.7418067 -0.4755723 0.4728146 0.5471155 -0.6220568 0.5600981 0.9784637 -0.09357382 0.1839913 0.7419094 -0.5223023 0.4204411 0.2916847 -0.7451002 0.5997881 0.850892 -0.4259047 0.3075517 0.9788399 -0.2015246 0.03550241 0.5477627 -0.7245456 0.4183176 0.2916499 -0.8022093 0.5209612 0.7418477 -0.5623859 0.3652179 0.2915842 -0.8522924 0.4342539 0.9788392 -0.131513 0.156774 0.7418466 -0.597485 0.3044263 0.8509005 -0.4792878 0.2150617 0.9784623 -0.2061347 -0.01095316 0.5470765 -0.7961127 0.2586736 0.2916213 -0.8920004 0.3453872 0.7419316 -0.6252413 0.2420966 0.2915478 -0.9232373 0.2502654 0.979152 -0.1620617 0.122464 0.7418319 -0.6472279 0.1754465 0.8512384 -0.5123397 0.1135836 0.9780182 -0.2002356 -0.05819087 0.5451763 -0.833729 0.08762761 0.2916639 -0.943858 0.1551264 0.7419537 -0.6615754 0.1087322 0.2915196 -0.9549465 0.05562035 0.9794214 -0.1840263 0.08287427 0.7417504 -0.6695411 0.03899707 0.8519318 -0.5235974 0.007615878 0.9774771 -0.1836719 -0.1039379 0.5420088 -0.8357693 -0.08784205 0.2917174 -0.9555946 -0.04171258 0.7419885 -0.6697747 -0.02923628 0.8529639 -0.5126674 -0.0981054 0.2914547 -0.9460762 -0.1413998 0.9796504 -0.196688 0.03998854 0.741685 -0.66338 -0.09914824 0.9768178 -0.1566368 -0.1459169 0.5374228 -0.8020383 -0.2605984 0.2917339 -0.9267241 -0.2367988 0.7420835 -0.6494411 -0.1659468 0.8543304 -0.4801687 -0.1988908 0.2913917 -0.8969951 -0.3324013 0.9798476 -0.1997036 -0.004133003 0.7416774 -0.62896 -0.233075 0.9760039 -0.119777 -0.1818514 0.5315429 -0.7335492 -0.423518 0.2917473 -0.8584688 -0.4217996 0.7421135 -0.601581 -0.2955805 0.8559914 -0.4277602 -0.2903446 0.2914326 -0.8097613 -0.5092677 0.9800214 -0.1931554 -0.04742547 0.7416042 -0.5678688 -0.357139 0.9749759 -0.07418842 -0.2095658 0.5242375 -0.6328444 -0.5698096 0.2918653 -0.753692 -0.588866 0.7421479 -0.5281476 -0.4126462 0.857971 -0.3579194 -0.3684828 0.2912989 -0.6881468 -0.6645292 0.9801691 -0.1775748 -0.08795173 0.741536 -0.4826168 -0.466053 0.9736613 -0.02129321 -0.2270025 0.5154496 -0.5036834 -0.6932638 0.2918153 -0.6169361 -0.7309129 0.7421465 -0.4323103 -0.5121781 0.8602247 -0.2739772 -0.430058 0.2912979 -0.5372501 -0.7915224 0.9803042 -0.153814 -0.1238742 0.7414339 -0.376852 -0.5552102 0.9719384 0.03710479 -0.2322912 0.5051218 -0.3510324 -0.788434 0.2918868 -0.4539247 -0.8418756 0.7421731 -0.3180754 -0.5899214 0.7413597 -0.2550181 -0.620767 0.8627468 -0.1798303 -0.4725772 0.2712603 -0.6265541 -0.730649 0.2912306 -0.3635239 -0.8848927 0.9804197 -0.1231229 -0.1536812 0.8655009 -0.07979775 -0.4945104 0.2913554 -0.03387187 -0.9560151 0.2658807 -0.5021845 -0.8228719 0.868475 0.02162397 -0.4952611 0.2585439 -0.3736644 -0.890803 0.2914987 0.1579545 -0.9434399 0.8716419 0.1199591 -0.4752371 0.2483558 -0.2487701 -0.9361799 0.2916138 0.3437029 -0.8926532 0.8749733 0.2109799 -0.4357858 0.2337919 -0.1358228 -0.9627531 0.2917216 0.5157651 -0.8055339 0.975022 0.1352109 -0.1762102 0.7422255 0.4371009 -0.5079803 0.7021573 0.1829777 -0.6881093 0.2126033 -0.04335433 -0.9761763 0.29175 0.6670697 -0.6854924 0.9766111 0.1626823 -0.1405886 0.7421792 0.5311558 -0.4087096 0.6738981 0.2456576 -0.6967881 0.2918945 0.7912754 -0.5372902 0.1813923 0.02005678 -0.9832062 0.9781532 0.1815267 -0.1013133 0.7421566 0.6031206 -0.2923169 0.6088257 0.2693032 -0.7461951 0.2918539 0.8832779 -0.3669352 0.1360118 0.04718372 -0.989583 0.9796372 0.1914834 -0.06037406 0.2904876 0.951637 -0.1000201 0.8970496 0.439509 -0.04619456 0.7420816 0.6500224 -0.1636636 0.43125 0.2115405 -0.8770826 0.2905074 0.9516308 -0.1000211 0.2919073 0.9390978 -0.1813435 0.4689518 -0.8821595 0.04334415 0.4689519 -0.8821598 -0.04333911 0.4689417 -0.8821649 -0.04334441 0.9771085 -0.2124298 -0.01151729 0.9766144 -0.2147395 -0.01054965 0.7961487 -0.6043721 -0.02969185 0.7961493 -0.6043714 -0.02969137 0.4689565 -0.8736624 -0.1295903 0.4689419 -0.8736691 -0.1295987 0.9774979 -0.2081661 -0.03412635 0.7961487 -0.5985516 -0.08878818 0.9761672 -0.2146707 -0.03184395 0.7961485 -0.5985518 -0.08878833 0.4689567 -0.856752 -0.2146055 0.4689465 -0.8567561 -0.2146118 0.4500584 -0.8407993 -0.3008387 0.4693451 -0.8409914 -0.2691631 0.7964621 -0.5759109 -0.1843229 0.9777805 -0.2019905 -0.05608265 0.9758142 -0.2120508 -0.05311489 0.7961488 -0.5869674 -0.1470248 0.7961448 -0.5869719 -0.147029 0.7964659 -0.5759031 -0.1843302 0.976663 -0.2045552 -0.06547231 0.4691846 -0.8268486 -0.3101406 0.4475059 -0.8084209 -0.3823534 0.4693188 -0.8087785 -0.3544254 0.9779601 -0.1939631 -0.0772818 0.9766424 -0.2011848 -0.07546093 0.7963329 -0.5663314 -0.2124211 0.7963304 -0.5663334 -0.2124247 0.9766589 -0.1967351 -0.08621291 0.796436 -0.5538742 -0.2427204 0.7964373 -0.5538735 -0.2427175 0.4692435 -0.7904539 -0.3936919 0.9780409 -0.1841351 -0.09762287 0.9766495 -0.1923059 -0.09578146 0.7963756 -0.5413694 -0.2696389 0.7963794 -0.5413671 -0.2696322 0.7964064 -0.5259445 -0.2985287 0.4468533 -0.7673303 -0.4599198 0.4692769 -0.7679647 -0.4359007 0.9766538 -0.1868219 -0.1060425 0.7964088 -0.5259398 -0.2985302 0.4692879 -0.745644 -0.473058 0.7964209 -0.5106451 -0.323968 0.978025 -0.1725633 -0.1170004 0.9766556 -0.1813871 -0.1150761 0.7964193 -0.5106484 -0.323967 0.4481412 -0.7180348 -0.5325368 0.4692208 -0.7189647 -0.5127587 0.7963657 -0.4924136 -0.3511846 0.4693233 -0.6929022 -0.5473776 0.7963587 -0.4924259 -0.3511831 0.9766479 -0.1749201 -0.1247477 0.977911 -0.1593083 -0.1353177 0.79645 -0.4745057 -0.3748491 0.9766609 -0.1685384 -0.1331474 0.7964434 -0.4745045 -0.3748645 0.4691558 -0.6623176 -0.5841475 0.4513347 -0.6611915 -0.5992686 0.7963164 -0.4536471 -0.4001054 0.4693543 -0.6327762 -0.6158741 0.7963176 -0.4536452 -0.4001053 0.9766396 -0.1611578 -0.1421377 0.9776983 -0.1444262 -0.1524703 0.9766641 -0.1539119 -0.1497947 0.7964748 -0.433324 -0.4217324 0.7964702 -0.4333197 -0.4217453 0.4690864 -0.5986067 -0.6493288 0.4564274 -0.5975284 -0.6592676 0.9766316 -0.1456737 -0.1580185 0.7962565 -0.4100437 -0.4447919 0.7962593 -0.4100429 -0.4447874 0.4828883 -0.5299383 -0.6971257 0.7960722 -0.3662511 -0.4817977 0.4633476 -0.5278917 -0.711786 0.9766026 -0.1301439 -0.1712013 0.9766026 -0.130144 -0.1712014 0.7960697 -0.3662544 -0.4817993 0.796096 -0.3128752 -0.5180156 0.4749581 -0.4549675 -0.7532725 0.468951 -0.4540694 -0.7575658 0.9767846 -0.1104442 -0.1835592 0.796097 -0.3128739 -0.5180149 0.9766067 -0.1111729 -0.1840652 0.4689568 -0.3776279 -0.7984214 0.4689504 -0.3776265 -0.7984259 0.9772509 -0.08905331 -0.1924841 0.9764553 -0.09223273 -0.1950085 0.7961473 -0.2587161 -0.5470059 0.7961447 -0.2587158 -0.5470099 0.468956 -0.2975504 -0.8315913 0.468954 -0.2975498 -0.8315927 0.977604 -0.06719717 -0.1994365 0.7961448 -0.2038514 -0.5697349 0.9760388 -0.07330512 -0.2048771 0.7961506 -0.2038529 -0.5697264 0.468954 -0.2146058 -0.8567534 0.4689453 -0.2146028 -0.856759 0.7961501 -0.1470273 -0.586965 0.4693346 -0.157584 -0.8688454 0.4489939 -0.1311113 -0.8838633 0.9778515 -0.0449933 -0.2044064 0.9757193 -0.05321882 -0.2124606 0.7961496 -0.1470278 -0.5869656 0.7964588 -0.1079173 -0.5949851 0.796457 -0.1079141 -0.594988 0.9766622 -0.03833121 -0.2113331 0.4692004 -0.1147754 -0.8756013 0.4470667 -0.04388991 -0.8934233 0.4693014 -0.0671956 -0.8804777 0.9779981 -0.02255558 -0.2073909 0.9766454 -0.02792458 -0.2130356 0.7963483 -0.0786094 -0.5997083 0.7963495 -0.07861056 -0.5997064 0.9766575 -0.01634526 -0.21418 0.7964302 -0.04601756 -0.6029771 0.7964296 -0.04601658 -0.602978 0.4692588 -0.02390871 -0.882737 0.79639 -0.01637443 -0.6045617 0.9780467 0 -0.2083861 0.9766518 -0.005818347 -0.2147495 0.7963939 -0.01637963 -0.6045563 0.4470667 0.04388991 -0.8934233 0.4692588 0.02390871 -0.882737 0.4693014 0.0671956 -0.8804777 0.9766518 0.005818448 -0.2147497 0.7963941 0.01637424 -0.6045564 0.7963899 0.01638005 -0.6045617 0.7964296 0.04601759 -0.6029779 0.9779981 0.02255558 -0.2073909 0.7964308 0.04601551 -0.6029765 0.9766573 0.01634494 -0.2141803 0.4489939 0.1311113 -0.8838633 0.4692004 0.1147754 -0.8756013 0.4693375 0.1575878 -0.8688432 0.7963493 0.07861059 -0.5997068 0.7963495 0.07861029 -0.5997065 0.9766452 0.02792504 -0.2130361 0.7964574 0.1079167 -0.594987 0.7964584 0.1079146 -0.5949861 0.976662 0.03833034 -0.211334 0.9778515 0.0449933 -0.2044064 0.4691363 0.2044159 -0.8591422 0.4528306 0.2166382 -0.8648771 0.7962949 0.1400173 -0.5884808 0.7962971 0.1400146 -0.5884785 0.9766377 0.0497402 -0.2090571 0.4869784 0.2788819 -0.8276938 0.458538 0.2993841 -0.8367271 0.796069 0.1932427 -0.5735252 0.796069 0.1932428 -0.5735254 0.9766027 0.06866615 -0.2037943 0.9766023 0.06866602 -0.203796 0.4805261 0.3682344 -0.7959259 0.4660524 0.3782846 -0.7998099 0.7960689 0.2541214 -0.5492693 0.9766023 0.09029918 -0.195177 0.7960721 0.2541175 -0.5492663 0.9766024 0.09029917 -0.1951767 0.471963 0.45196 -0.7569565 0.796124 0.3102205 -0.5195669 0.4689414 0.454072 -0.7575701 0.9766103 0.110228 -0.1846133 0.9769534 0.1100465 -0.1828981 0.796124 0.3102205 -0.5195669 0.4689403 0.5261427 -0.7094144 0.7961489 0.3604604 -0.4860198 0.4689566 0.5261312 -0.7094123 0.977381 0.1279862 -0.1683629 0.9763065 0.1289053 -0.1738078 0.796147 0.3604607 -0.4860225 0.4689574 0.593133 -0.6544252 0.4689475 0.59314 -0.6544257 0.4693542 0.6327906 -0.6158594 0.4513467 0.6611869 -0.5992645 0.9776976 0.1444281 -0.1524723 0.9759213 0.1464826 -0.161618 0.7961468 0.4063635 -0.4483514 0.7961507 0.4063579 -0.4483494 0.976664 0.1539084 -0.1497985 0.7964694 0.4333303 -0.421736 0.7964756 0.4333131 -0.4217421 0.4691557 0.6623122 -0.5841537 0.4693233 0.6929022 -0.5473776 0.4481412 0.7180348 -0.5325368 0.977911 0.1593083 -0.1353177 0.9766396 0.1611578 -0.1421377 0.796312 0.4536507 -0.4001102 0.7963163 0.4536436 -0.4001097 0.9766602 0.1685435 -0.1331462 0.7964493 0.4745063 -0.3748496 0.7964499 0.4745049 -0.3748501 0.4692339 0.7189652 -0.5127463 0.978025 0.1725633 -0.1170004 0.976647 0.1749213 -0.1247518 0.7963648 0.492415 -0.3511845 0.7963597 0.492424 -0.3511834 0.4693013 0.7456305 -0.4730659 0.4468533 0.7673303 -0.4599198 0.9766556 0.1813871 -0.1150761 0.7964131 0.5106553 -0.3239714 0.7964209 0.5106401 -0.323976 0.4692769 0.7679647 -0.4359006 0.9780413 0.1841344 -0.09762066 0.7964088 0.5259398 -0.2985302 0.9766538 0.1868219 -0.1060425 0.7964064 0.5259445 -0.2985287 0.4692435 0.7904539 -0.3936919 0.4475059 0.8084209 -0.3823534 0.4693188 0.8087785 -0.3544254 0.7963756 0.5413716 -0.2696344 0.9766504 0.1923025 -0.09577976 0.7963794 0.5413648 -0.2696366 0.9779608 0.1939596 -0.0772804 0.9766598 0.1967315 -0.08621135 0.7964373 0.5538726 -0.2427197 0.7964359 0.5538751 -0.2427182 0.4691846 0.8268486 -0.3101406 0.4500584 0.8407993 -0.3008387 0.4693451 0.8409914 -0.2691631 0.9766432 0.2011811 -0.07545953 0.7963304 0.5663344 -0.2124222 0.7963328 0.5663306 -0.2124235 0.7964659 0.575906 -0.1843214 0.9777812 0.2019867 -0.0560816 0.9766639 0.2045514 -0.06547108 0.7964619 0.5759081 -0.1843318 0.4545291 0.8640365 -0.2164355 0.46911 0.8544494 -0.2232759 0.796282 0.5852735 -0.1529377 0.796275 0.5852841 -0.1529336 0.9766023 0.2122201 -0.03479284 0.9766343 0.2079267 -0.05433085 0.485045 0.8629696 -0.1414733 0.796075 0.5972257 -0.09790786 0.4608463 0.8778751 -0.1302152 0.9766025 0.212219 -0.03479309 0.9766026 0.2147368 -0.01164237 0.7960652 0.5972373 -0.09791644 0.4779399 0.877104 -0.04756103 0.7960654 0.6043227 -0.03276945 0.4689362 0.8821682 -0.04333681 0.4689362 0.8821682 0.04333681 0.9766026 0.2147368 -0.01164235 0.7960728 0.6043133 -0.03276396 0.4689416 0.8821652 0.04333938 0.7961493 0.6043713 0.0296918 0.9766144 0.2147395 0.01054965 0.9771085 0.2124298 0.01151729 0.7961487 0.6043721 0.02969141 0.4689419 0.8736691 0.1295987 0.4689565 0.8736624 0.1295903 0.7961485 0.5985518 0.08878811 0.7961484 0.5985519 0.08878823 0.9761673 0.2146707 0.03184388 0.9774988 0.2081622 0.03412764 0.7961483 0.5869674 0.1470279 0.4689567 0.856752 0.2146055 0.4689465 0.8567561 0.2146118 0.469345 0.8409908 0.2691649 0.4500594 0.8407987 0.3008392 0.9777812 0.201987 0.05608154 0.9758152 0.2120462 0.05311399 0.7961451 0.586972 0.1470266 0.9766639 0.2045513 0.06547005 0.7964625 0.5759081 0.1843289 0.7964647 0.5759071 0.1843231 0.4691832 0.8268496 0.3101399 0.4693172 0.8087792 0.3544257 0.4475042 0.8084217 0.3823538 0.9779609 0.1939593 0.07728047 0.9766433 0.2011807 0.07545964 0.7963316 0.5663328 0.2124223 0.7963304 0.5663337 0.212424 0.7964373 0.5538726 0.2427197 0.97666 0.1967309 0.08621056 0.7964351 0.5538765 0.2427174 0.4692435 0.7904531 0.3936932 0.7963747 0.5413721 0.2696359 0.9780414 0.1841339 0.09762014 0.9766505 0.1923017 0.09577933 0.7963778 0.5413668 0.2696376 0.4692769 0.7679647 0.4359007 0.4468544 0.7673305 0.4599186 0.7964045 0.5259448 0.298533 0.796407 0.5259438 0.2985283 0.9766539 0.1868215 0.1060422 0.4693014 0.7456318 0.473064 0.978025 0.1725633 0.1170004 0.9766558 0.1813863 0.1150763 0.796419 0.5106479 0.3239685 0.7964131 0.5106496 0.3239802 0.7963597 0.4924248 0.3511823 0.4692339 0.7189662 0.5127448 0.4481372 0.7180358 0.532539 0.4693208 0.6929012 0.5473809 0.9766469 0.1749215 0.1247525 0.796367 0.4924119 0.3511839 0.9779112 0.1593074 0.1353174 0.9766601 0.168545 0.1331453 0.7964488 0.4745055 0.3748518 0.7964516 0.474506 0.3748451 0.451344 0.6611879 0.5992654 0.4691531 0.6623132 0.5841545 0.4693486 0.6327962 0.6158578 0.9766397 0.1611571 0.1421383 0.7963151 0.4536459 0.4001094 0.7963133 0.4536465 0.4001123 0.9776977 0.1444283 0.1524716 0.9766641 0.1539093 0.1497976 0.7964768 0.4333258 0.4217268 0.7964708 0.4333202 0.421744 0.4564299 0.5975286 0.6592658 0.4690804 0.5986062 0.6493335 0.796263 0.4100412 0.4447825 0.9766024 0.1301441 0.1712023 0.7962581 0.4100424 0.4447903 0.9766314 0.1456755 0.158018 0.4633444 0.5278927 0.7117873 0.7960709 0.3662538 0.4817981 0.4828904 0.5299399 0.6971231 0.9766026 0.1301439 0.1712013 0.7960713 0.3662533 0.4817978 0.4749549 0.454967 0.7532747 0.4689544 0.4540699 0.7575634 0.4689539 0.3776253 0.7984242 0.796097 0.3128736 0.5180151 0.7960976 0.3128735 0.5180142 0.9766067 0.1111729 0.1840652 0.9767846 0.1104442 0.1835592 0.4689522 0.2975476 0.8315944 0.4689532 0.3776258 0.7984245 0.7961473 0.258715 0.5470065 0.7961463 0.2587149 0.5470079 0.9764553 0.09223233 0.1950087 0.9772509 0.08905298 0.1924844 0.4689503 0.2975488 0.831595 0.7961467 0.2038531 0.5697318 0.9760388 0.0733059 0.2048765 0.9776042 0.0671972 0.1994352 0.7961464 0.203853 0.5697322 0.4689529 0.2146073 0.8567538 0.4689502 0.2146063 0.8567554 0.4489951 0.1311073 0.8838632 0.4693414 0.1575874 0.8688411 0.796146 0.1470286 0.5869703 0.7961465 0.1470288 0.5869695 0.9757196 0.05321855 0.2124595 0.9778517 0.0449931 0.2044054 0.7964556 0.1079113 0.5949905 0.7964583 0.1079165 0.5949859 0.976662 0.03832893 0.2113343 0.4692004 0.1147724 0.8756016 0.4470685 0.04389182 0.8934223 0.4693014 0.0671956 0.8804777 0.7963493 0.07861034 0.5997068 0.9766452 0.02792504 0.2130361 0.9779982 0.02255505 0.2073904 0.7963477 0.07860885 0.5997091 0.7964289 0.04601764 0.6029788 0.9766576 0.01634486 0.2141792 0.7964277 0.04601582 0.6029805 0.4692587 0.0239123 0.8827369 0.7963922 0.01637678 0.6045586 0.9780467 0 0.2083861 0.976652 0.005817517 0.2147487 0.7963918 0.01637744 0.6045593 0.4470685 -0.04389182 0.8934223 0.4692587 -0.0239123 0.8827369 0.4693014 -0.0671956 0.8804777 0.9766521 -0.005817416 0.2147485 0.7963918 -0.01637717 0.6045592 0.7963921 -0.0163768 0.6045589 0.7964283 -0.04601769 0.6029795 0.9779982 -0.02255505 0.2073904 0.9766577 -0.01634517 0.2141789 0.7964277 -0.04601676 0.6029804 0.4489951 -0.1311073 0.8838632 0.4692004 -0.1147724 0.8756016 0.7963477 -0.07860886 0.5997091 0.4693385 -0.1575837 0.8688433 0.9766454 -0.02792458 0.2130356 0.7963483 -0.0786094 0.5997083 0.9778517 -0.0449931 0.2044054 0.9766622 -0.03832981 0.2113333 0.7964569 -0.1079141 0.5949882 0.7964571 -0.1079138 0.594988 0.4528276 -0.2166404 0.8648781 0.4691365 -0.2044159 0.8591421 0.9766374 -0.04974167 0.2090578 0.7962969 -0.1400181 0.5884778 0.7962983 -0.1400163 0.5884762 0.4585349 -0.2993871 0.8367276 0.4869758 -0.2788845 0.8276945 0.7960709 -0.1932435 0.5735226 0.9766024 -0.06866644 0.2037958 0.9766024 -0.09029865 0.1951769 0.7960731 -0.1932411 0.5735202 0.9766025 -0.06866648 0.2037952 0.4660557 -0.3782807 0.7998098 0.4805226 -0.3682352 0.7959277 0.7960721 -0.2541175 0.5492663 0.7960706 -0.2541193 0.5492677 0.9766023 -0.09029893 0.1951771 0.4689414 -0.4540734 0.7575693 0.4689405 -0.5261362 0.7094191 0.4719664 -0.451959 0.7569549 0.9766103 -0.110228 0.1846133 0.796124 -0.3102206 0.5195669 0.9769534 -0.1100465 0.1828981 0.796124 -0.3102205 0.5195668 0.4689472 -0.5261368 0.7094143 0.7961515 -0.3604558 0.486019 0.7961489 -0.3604593 0.4860205 0.9763065 -0.1289053 0.1738078 0.9773808 -0.1279863 0.1683637 0.4689417 -0.5931432 0.6544271 0.4689467 -0.5931396 0.6544268 0.4693488 -0.6327818 0.6158726 0.4513319 -0.6611925 0.5992695 0.7961519 -0.4063562 0.4483489 0.7961472 -0.406363 0.4483512 0.9759213 -0.1464817 0.1616191 0.9776983 -0.1444264 0.1524696 0.7964715 -0.4333296 0.4217329 0.7964761 -0.4333167 0.4217375 0.976664 -0.1539128 0.1497938 0.4691532 -0.6623186 0.5841483 0.4481372 -0.7180358 0.532539 0.4693208 -0.6929012 0.5473809 0.7963189 -0.4536422 0.4001062 0.9766397 -0.1611571 0.1421383 0.7963153 -0.4536484 0.4001065 0.9779112 -0.1593074 0.1353174 0.7964458 -0.4745086 0.3748542 0.7964489 -0.4745016 0.3748564 0.9766608 -0.1685399 0.1331466 0.796361 -0.4924194 0.3511872 0.4692209 -0.7189658 0.5127572 0.9766477 -0.1749203 0.1247484 0.7963657 -0.4924176 0.3511788 0.978025 -0.1725633 0.1170004 0.4468544 -0.7673305 0.4599186 0.4692878 -0.7456452 0.4730562 0.7964193 -0.5106475 0.3239683 0.9766558 -0.1813863 0.1150763 0.796419 -0.5106481 0.3239681 0.4692769 -0.7679647 0.4359006 0.9766539 -0.1868215 0.1060422 0.796407 -0.525942 0.2985314 0.7964045 -0.5259465 0.2985299 0.9780411 -0.1841346 0.09762236 0.4475042 -0.8084217 0.3823538 0.4692435 -0.7904531 0.3936932 0.4693173 -0.8087792 0.3544257 0.7963778 -0.5413668 0.2696376 0.9766497 -0.1923051 0.09578104 0.7963747 -0.5413721 0.2696359 0.9779601 -0.1939628 0.07728187 0.7964373 -0.5538726 0.2427197 0.9766591 -0.1967345 0.08621211 0.7964351 -0.5538765 0.2427174 0.4500594 -0.8407987 0.3008392 0.4691832 -0.8268496 0.3101399 0.469345 -0.8409908 0.2691649 0.9766425 -0.2011844 0.07546105 0.7963305 -0.5663342 0.2124229 0.7963315 -0.5663323 0.2124235 0.7964647 -0.5759071 0.1843231 0.9777804 -0.2019907 0.05608259 0.9766631 -0.2045552 0.06547128 0.7964625 -0.5759081 0.1843289 0.4545301 -0.864036 0.2164353 0.46911 -0.8544495 0.2232753 0.9766344 -0.2079259 0.05433331 0.7962756 -0.5852815 0.1529405 0.7962744 -0.5852834 0.1529398 0.4608463 -0.8778751 0.1302152 0.4779399 -0.877104 0.04756103 0.4850456 -0.8629693 0.1414736 0.9766026 -0.2147368 0.01164235 0.7960728 -0.6043133 0.03276396 0.9766026 -0.2122193 0.0347909 0.9766026 -0.2147368 0.01164237 0.7960654 -0.6043228 0.03276946 0.9766024 -0.2122202 0.03479147 0.7960675 -0.5972354 0.09791102 0.7960654 -0.5972382 0.09791011 0.7197743 0.6650427 0.1991062 0.7173634 0.6397213 0.2759462 0.7150408 0.6054234 0.3495414 0.7127873 0.5625951 0.418833 0.7106346 0.5117511 0.4828138 0.7085451 0.4535912 0.5405726 0.7065406 0.3888731 0.5912513 0.7046459 0.3184497 0.6340851 0.7028263 0.2432989 0.6684615 0.701105 0.1644438 0.6938371 0.6994827 0.08296458 0.7098175 0.6979503 0 0.7161463 0.7496262 0.05877138 -0.6592469 0.7483541 0.1366257 -0.6490758 0.7469823 0.21293 -0.629824 0.7455042 0.2866389 -0.6017157 0.7439312 0.3567289 -0.565076 0.7422473 0.4222386 -0.5203685 0.7404642 0.4822348 -0.4681477 0.7385829 0.5358595 -0.4090841 0.7365621 0.5823852 -0.343953 0.7344517 0.6210737 -0.2735839 0.7322084 0.6513855 -0.1989167 0.7298613 0.6728152 -0.1209215 0.9680507 0.2503306 -0.01458011 0.7253221 0.6883917 -0.004972684 0.3002192 0.952195 -0.05650663 0.9680507 0.2503306 0.01457945 0.9680483 0.2503394 0.01458063 0.7247629 0.6878328 0.04005991 0.3395247 0.4226489 -0.8402921 0.3137332 0.9478437 0.0562484 0.3002368 0.9522509 0.0554619 0.7247487 0.6878476 0.04006227 0.9680482 0.2469544 0.04354395 0.5237772 0.8389141 0.1479205 0.3480584 0.3027959 -0.887226 0.9680517 0.2469416 0.04354068 0.326595 0.9302596 0.1671907 0.5277959 0.6455801 -0.5519583 0.7253523 0.670494 0.1558905 0.9644257 0.2043736 0.1676738 0.484473 0.4138277 -0.7707351 0.6144736 0.7297549 -0.2997998 0.725327 0.6473909 0.2340636 0.3387837 0.8998424 0.2747892 0.9642301 0.1824532 0.1922792 0.5911562 0.4920478 -0.6390801 0.6567044 0.7474995 -0.09991901 0.7253874 0.6151083 0.3089582 0.350217 0.8571886 0.377592 0.9640207 0.1575548 0.2141042 0.6719947 0.5407897 -0.5059343 0.7253749 0.5742528 0.379559 0.3610886 0.8029515 0.4742192 0.6794261 0.7311553 0.06157908 0.9638013 0.1300052 0.2327784 0.7326621 0.5653159 -0.3789776 0.3714056 0.7379977 0.5633981 0.692783 0.6941003 0.1956438 0.7253495 0.5253224 0.4448644 0.9635648 0.1002127 0.2479928 0.7782668 0.5707581 -0.2617934 0.3810627 0.6633714 0.643995 0.7253257 0.4689811 0.5039439 0.7012228 0.6426959 0.3085911 0.9633059 0.0686131 0.259488 0.8128839 0.5612183 -0.1557361 0.7253534 0.4059677 0.5559251 0.706902 0.5804279 0.404219 0.3901151 0.580164 0.7149965 0.9630392 0.03561009 0.2669974 0.8394755 0.5399585 -0.06103973 0.7108594 0.509625 0.4847283 0.7253362 0.3372406 0.6001301 0.3986546 0.4895674 0.7754987 0.9627509 0.001729728 0.2703844 0.8601686 0.5095147 0.02246563 0.4065684 0.3929179 0.8248137 0.7137236 0.4320938 0.5512654 0.7253324 0.2637123 0.6358842 0.9624389 -0.03252923 0.2695428 0.876515 0.4718365 0.09535003 0.4140137 0.2915311 0.8623238 0.715872 0.3493139 0.6045718 0.725315 0.1864258 0.6626942 0.9621118 -0.06666515 0.2643795 0.8895816 0.4285678 0.158032 0.7252961 0.1064552 0.6801565 0.420878 0.1868471 0.8876655 0.7175161 0.2627417 0.6450872 0.9617537 -0.1001266 0.2549594 0.9001686 0.3810341 0.2109728 0.7187967 0.173687 0.6731747 0.7252809 0.02492293 0.6880018 0.4272429 0.08028475 0.9005653 0.9613723 -0.1324065 0.2413124 0.4331197 -0.02670911 0.9009406 0.7252584 -0.0570209 0.6861114 0.9599817 0.114992 0.2553665 0.3006387 -0.07008105 0.9511599 0.7253231 -0.05058453 0.6865476 0.8533334 -0.060526 0.5178405 0.9674689 -0.08048953 0.2398448 0.725044 -0.09045482 0.6827365 0.438545 -0.1326939 0.8888592 0.3004202 -0.1252739 0.9455444 0.9610863 0.07563723 0.2656919 0.7253145 -0.1306847 0.6758997 0.3007031 -0.1810475 0.9363757 0.8523013 -0.1206249 0.5089521 0.9674118 -0.1092633 0.2284207 0.7250492 -0.1698362 0.6674274 0.3005007 -0.2352074 0.924325 0.4434874 -0.236247 0.8645844 0.9619867 0.0365734 0.2706362 0.7252923 -0.2090062 0.6559478 0.3006482 -0.2895477 0.9087204 0.851355 -0.1794196 0.4929538 0.9673491 -0.1365135 0.2135413 0.7250835 -0.2468639 0.6428936 0.3004642 -0.3419056 0.8904054 0.4479267 -0.3360167 0.8285254 0.9627423 -0.001652153 0.2704154 0.7253062 -0.2844154 0.626928 0.8504777 -0.2360735 0.4700607 0.3006834 -0.3940201 0.8685262 0.9672839 -0.1618287 0.1953798 0.7250636 -0.3205099 0.6095542 0.4519527 -0.4306706 0.7811924 0.3005167 -0.4438838 0.8441901 0.8496816 -0.2897545 0.4405491 0.9633739 -0.03859185 0.2653704 0.3006889 -0.4930828 0.8163673 0.7252631 -0.355946 0.5893182 0.9672039 -0.1848302 0.1742249 0.4555157 -0.5189854 0.7232977 0.3005396 -0.5397487 0.7863506 0.7251143 -0.3897025 0.5677509 0.9639046 -0.07380935 0.2558126 0.3007068 -0.5853443 0.7529591 0.725293 -0.4225307 0.5435235 0.8489729 -0.339671 0.4048069 0.9671288 -0.2051267 0.1502833 0.4586404 -0.5998025 0.6556569 0.3005771 -0.6281685 0.7176752 0.7250939 -0.4535621 0.5181894 0.9643677 -0.1068251 0.2420401 0.3006353 -0.6695672 0.6791893 0.7252513 -0.4833466 0.4902925 0.8483539 -0.3850948 0.3633148 0.9670335 -0.2224367 0.1239683 0.4613205 -0.6720904 0.5792045 0.3005207 -0.7079527 0.6391324 0.7251276 -0.5111337 0.4614462 0.964757 -0.1373224 0.2244695 0.3006368 -0.7445433 0.5960476 0.7252616 -0.5374619 0.4302677 0.8478142 -0.4253597 0.3166706 0.966945 -0.2364041 0.09555341 0.4636 -0.7348926 0.4949827 0.3005411 -0.7779667 0.5517634 0.7251152 -0.5616972 0.3983769 0.9651032 -0.1648705 0.203454 0.3007222 -0.8092307 0.5046899 0.7252277 -0.5842046 0.3643487 0.8473625 -0.4598723 0.2655074 0.9668316 -0.2468652 0.06553228 0.4654247 -0.7874227 0.4041599 0.3006437 -0.8372399 0.4567743 0.7251879 -0.6044462 0.3297687 0.9653966 -0.1892418 0.1794351 0.8469974 -0.4881218 0.2105531 0.3006694 -0.8628093 0.4063964 0.7252783 -0.6228251 0.2933602 0.9667134 -0.253557 0.03426464 0.46688 -0.8289787 0.3079244 0.3006063 -0.8850055 0.3555293 0.7251417 -0.6389679 0.2566897 0.965657 -0.2101118 0.1528384 0.8467315 -0.5096701 0.1525848 0.3005582 -0.9045282 0.3024788 0.7252082 -0.6529864 0.218362 0.966583 -0.2563439 0.002226718 0.4678514 -0.8590819 0.2075893 0.3005137 -0.9205992 0.2493765 0.7251813 -0.6646056 0.1800317 0.7252261 -0.674056 0.1403411 0.9658895 -0.2272652 0.1241289 0.8465561 -0.5242125 0.09243372 0.3005886 -0.9337304 0.1944063 0.9664347 -0.2551422 -0.03010869 0.3005618 -0.9434617 0.1397948 0.7251832 -0.6811195 0.100923 0.468548 -0.877237 0.1044896 0.9660899 -0.2405732 0.09378112 0.7252054 -0.6858793 0.06038669 0.3006236 -0.9500677 0.08364655 0.8464534 -0.531562 0.03095999 0.966274 -0.2498712 -0.0622817 0.3006159 -0.9533265 0.02826096 0.7251801 -0.688257 0.02040309 0.4687356 -0.8833385 0 0.966274 -0.2498711 0.0622817 0.72518 -0.688257 -0.02040309 0.3006159 -0.9533265 -0.02826096 0.8464534 -0.531562 -0.03095999 0.9660898 -0.2405732 -0.09378111 0.3006236 -0.9500678 -0.08364656 0.7252054 -0.6858793 -0.06038669 0.468548 -0.877237 -0.1044896 0.9664347 -0.2551422 0.03010869 0.7251832 -0.6811195 -0.100923 0.3005618 -0.9434617 -0.1397948 0.8465561 -0.5242125 -0.09243372 0.9658895 -0.2272652 -0.1241289 0.467859 -0.8590779 -0.2075888 0.3005887 -0.9337307 -0.1944054 0.7252231 -0.6740593 -0.1403411 0.3005137 -0.9205987 -0.2493785 0.966583 -0.256344 -0.002226719 0.7251776 -0.664609 -0.1800341 0.8467329 -0.509668 -0.1525841 0.9656581 -0.2101072 -0.1528376 0.4668731 -0.8289825 -0.3079244 0.3005583 -0.9045282 -0.3024788 0.7252082 -0.6529864 -0.218362 0.3005857 -0.8850116 -0.3555317 0.9667137 -0.2535561 -0.03426415 0.7251417 -0.6389679 -0.2566897 0.8469993 -0.4881189 -0.2105519 0.9653955 -0.1892479 -0.179435 0.4654247 -0.7874227 -0.4041599 0.3006459 -0.8628178 -0.4063959 0.7252783 -0.6228265 -0.2933575 0.3006172 -0.8372456 -0.4567814 0.966831 -0.2468666 -0.06553382 0.7251878 -0.604445 -0.3297709 0.847365 -0.459869 -0.2655055 0.9651018 -0.1648773 -0.2034546 0.4635926 -0.7348952 -0.4949857 0.3006929 -0.8092399 -0.5046924 0.7252352 -0.5841988 -0.3643427 0.300541 -0.7779667 -0.5517634 0.9669442 -0.2364062 -0.09555563 0.7251234 -0.5616902 -0.3983718 0.8478142 -0.4253597 -0.3166706 0.9647555 -0.1373291 -0.2244719 0.4613351 -0.6720847 -0.5791996 0.3006367 -0.7445453 -0.596045 0.7252616 -0.5374635 -0.4302658 0.3005209 -0.7079512 -0.6391342 0.9670326 -0.2224389 -0.1239714 0.7251274 -0.5111325 -0.4614474 0.8483519 -0.3850966 -0.3633176 0.9643643 -0.1068381 -0.2420476 0.4586239 -0.5998082 -0.6556633 0.3006352 -0.6695644 -0.6791921 0.7252718 -0.4833293 -0.4902791 0.3005565 -0.6281728 -0.7176801 0.9671265 -0.2051311 -0.1502914 0.7251156 -0.453547 -0.5181721 0.8489776 -0.3396675 -0.4047999 0.9639083 -0.07379782 -0.2558023 0.4555276 -0.5189831 -0.7232919 0.3006849 -0.585356 -0.7529589 0.7252703 -0.4225509 -0.5435383 0.3004937 -0.5397525 -0.7863655 0.9672065 -0.1848252 -0.1742158 0.7250905 -0.3897136 -0.5677738 0.8496869 -0.289749 -0.4405425 0.963374 -0.03859335 -0.2653696 0.4519328 -0.4306755 -0.7812012 0.3006415 -0.4930951 -0.8163773 0.7252629 -0.3559494 -0.5893162 0.7250636 -0.3205098 -0.6095541 0.8504748 -0.2360746 -0.4700653 0.3004923 -0.4438874 -0.8441969 0.9672839 -0.1618287 -0.1953798 0.9627421 -0.001650401 -0.2704161 0.3006582 -0.3940289 -0.8685309 0.4479333 -0.3360137 -0.828523 0.7252799 -0.2844309 -0.6269516 0.967349 -0.1365148 -0.2135407 0.7250565 -0.246874 -0.6429201 0.3004902 -0.3419027 -0.8903977 0.8513522 -0.1794232 -0.4929571 0.9619899 0.03658542 -0.270623 0.3006746 -0.2895387 -0.9087145 0.7252785 -0.2090059 -0.655963 0.4434809 -0.2362497 -0.8645871 0.9674152 -0.1092618 -0.228407 0.7250352 -0.1698399 -0.6674417 0.3004739 -0.2352095 -0.9243333 0.8523025 -0.1206233 -0.5089503 0.9610863 0.07563724 -0.2656919 0.4385347 -0.1326908 -0.8888647 0.3006759 -0.1810491 -0.9363841 0.7253145 -0.1306847 -0.6758997 0.3004751 -0.1252745 -0.9455269 0.9674687 -0.08049024 -0.2398447 0.725044 -0.09045687 -0.6827361 0.8533288 -0.06052687 -0.5178479 0.9599814 0.1149941 -0.2553666 0.4331605 -0.0267105 -0.900921 0.7253087 -0.05058565 -0.6865627 0.300694 -0.07007977 -0.9511424 0.3004454 -0.01361003 -0.9537019 0.9675208 -0.05062665 -0.2476699 0.7250179 -0.009827686 -0.6886599 0.2811807 -0.3279454 -0.9018809 0.8544304 0 -0.519566 0.2997251 0.2209132 -0.9280961 0.2779758 -0.2473236 -0.9282029 0.855607 0.06009186 -0.5141262 0.273955 -0.1687683 -0.9468188 0.2998486 0.3253747 -0.8967844 0.8568504 0.1188974 -0.501668 0.2689561 -0.09392232 -0.9585621 0.2998851 0.4257208 -0.8537158 0.8581662 0.1755848 -0.4824113 0.8595386 0.2293674 -0.45671 0.2626369 -0.02453422 -0.9645828 0.2999894 0.5205633 -0.7993874 0.8609737 0.2795072 -0.4249706 0.254449 0.03745943 -0.9663604 0.3000304 0.6086779 -0.7345018 0.8624658 0.3253247 -0.3877069 0.3001108 0.6888446 -0.6598687 0.2438234 0.09000562 -0.965634 0.9623572 0.1976909 -0.1865129 0.300203 0.759984 -0.5764569 0.2297537 0.1306814 -0.9644353 0.7253295 0.5241016 -0.4463347 0.6937739 0.3082991 -0.6508682 0.9632906 0.2153394 -0.1603129 0.2109535 0.1568028 -0.9648376 0.3002149 0.8211567 -0.4853584 0.7253466 0.5723213 -0.3825189 0.6807964 0.3430986 -0.6471473 0.9642365 0.2295342 -0.1325216 0.1858319 0.1653529 -0.9685684 0.3002992 0.8714729 -0.3877568 0.7253668 0.6128222 -0.3135156 0.658665 0.364844 -0.6580647 0.9651867 0.2401706 -0.1035985 0.3003662 0.910269 -0.2849394 0.1525594 0.153506 -0.9762999 0.7253554 0.6450859 -0.2402575 0.6173763 0.3664534 -0.6961023 0.9661467 0.2471543 -0.07399519 0.3003729 0.9370148 -0.1782681 0.1097617 0.1196927 -0.9867249 0.7253597 0.6686172 -0.1637202 0.5319464 0.330998 -0.7794058 0.9670977 0.2505405 -0.04417525 0.3003363 0.9513248 -0.06913253 0.3001449 0.9522181 -0.05651362 0.8760852 0.4813094 -0.02856545 0.7253717 0.6830981 -0.08492875 0.3440774 0.2200933 -0.9127812 -0 -0.9929786 -0.1182945 -0.03900971 -0.9890062 0.1426356 0.04087155 -0.9928063 -0.1125404 -0.07443884 -0.916544 0.3929451 0.07794008 -0.9841765 0.1591285 -0.1060552 -0.7813535 0.6150115 0.1112731 -0.9018741 0.4174224 -0.1339488 -0.593537 0.7935815 0.140735 -0.7529634 0.6428373 -0.158039 -0.3666009 0.9168574 0.166504 -0.5493687 0.8188226 -0.178488 -0.1163949 0.9770334 0.1885756 -0.3068402 0.9328924 -0.1953703 0.1399846 0.9706878 0.2070114 -0.04360671 0.9773662 -0.2087566 0.3853644 0.8988409 0.2219616 0.2209575 0.9496899 -0.2187185 0.603519 0.766764 0.2334496 0.467697 0.8525026 -0.2253245 0.7802024 0.583535 0.2416197 0.6789558 0.6932814 -0.2285768 0.903945 0.3614362 0.2465206 0.8397574 0.4837718 -0.2285882 0.9666877 0.1151624 0.2481467 0.9387333 0.2391715 0.2465294 0.9688628 -0.02297925 -0.2253004 0.9643123 -0.1390742 0.2416213 0.9279176 -0.2838804 -0.2186984 0.8968454 -0.3844989 0.2335013 0.8185875 -0.5247777 -0.2086956 0.768487 -0.6048751 0.2219952 0.6484437 -0.7281751 -0.1953499 0.5873951 -0.7853696 0.2070372 0.429376 -0.8790745 -0.1784802 0.3653023 -0.9136187 0.1885858 0.1769527 -0.965983 -0.1580121 0.1168084 -0.980504 0.166541 -0.09059206 -0.9818642 -0.1339043 -0.1414542 -0.9808468 0.1407826 -0.353567 -0.9247544 -0.1060531 -0.39182 -0.9139091 0.1112627 -0.5921888 -0.7980809 -0.0744289 -0.6167799 -0.7836089 -0.03902782 -0.8001857 -0.5984811 0.07794838 -0.7880507 -0.6106555 0 -0.9285269 -0.3712651 0.0408576 -0.9256235 -0.3762336 -0.8066947 0.506375 -0.3046771 -0.8023076 0.4333528 -0.4104971 -0.7981721 0.3380771 -0.4986235 -0.7943514 0.2248412 -0.5643159 -0.7908385 0.09901503 -0.6039624 -0.7876719 -0.03335554 -0.6151914 -0.8416318 0.0604669 0.5366561 -0.8392053 0.1796091 0.5132983 -0.8364097 0.2916093 0.4640936 -0.8332275 0.390982 0.3909796 -0.8296415 0.4727232 0.2970316 -0.8256005 0.53259 0.1863646 -0.5192474 0.8496141 0.09240144 -0.8138106 0.5728589 0.09769806 -0.5192476 0.8496143 -0.09239872 -0.5192215 0.8496298 -0.09240314 -0.5192196 0.8099045 -0.272884 -0.9805911 0.1948319 -0.02195184 -0.978934 0.2029803 -0.0220745 -0.8161251 0.574488 -0.0624767 -0.5678079 0.2356234 -0.7887179 -0.8161186 0.5744969 -0.06247868 -0.5192434 0.8098901 -0.2728818 -0.9133224 0.3859199 -0.1300306 -0.2929279 0.08763953 -0.9521095 -0.9819757 0.1784001 -0.06242588 -0.7250342 0.2689932 -0.6340094 -0.8137577 0.5612026 -0.1511623 -0.5113839 0.7846221 -0.3505064 -0.3710358 0.05814338 -0.9267965 -0.9831274 0.1548842 -0.09732074 -0.7714661 0.2316352 -0.5926089 -0.8138129 0.5151623 -0.2689169 -0.5111977 0.6916772 -0.5101565 -0.417886 -0.01319177 -0.9084036 -0.9840875 0.1256425 -0.1256409 -0.7899602 0.1630234 -0.5910891 -0.813879 0.4448169 -0.3738167 -0.5110742 0.5669748 -0.6460206 -0.4465309 -0.1140474 -0.8874702 -0.9848929 0.09212859 -0.146623 -0.7989758 0.07521103 -0.5966415 -0.8139382 0.3535852 -0.4609577 -0.5108974 0.4165216 -0.7519931 -0.4647793 -0.233408 -0.8541083 -0.8039588 -0.02462661 -0.5941748 -0.9855686 0.05590832 -0.1597773 -0.8139338 0.2458956 -0.5263525 -0.5106373 0.2474028 -0.8234327 -0.4769295 -0.3615712 -0.8011271 -0.9861309 0.01858314 -0.1649259 -0.8139533 0.1267909 -0.5669251 -0.8070143 -0.1302916 -0.5759793 -0.5103414 0.06745112 -0.8573225 -0.9865969 -0.01827037 -0.16215 -0.8139539 0.001937688 -0.5809263 -0.6061307 -0.2127821 -0.7663742 -0.5154299 -0.2859645 -0.8078097 -0.9791558 -0.03904719 -0.1993221 -0.8175917 -0.1106948 -0.565058 -0.5179093 -0.2056685 -0.8303435 -0.9869785 -0.05312609 -0.1518261 -0.8169078 -0.1714254 -0.5507042 -0.9790542 -0.06051345 -0.1943995 -0.5162305 -0.4437322 -0.7325352 -0.6002061 -0.3746506 -0.7066751 -0.9791514 -0.08171059 -0.1859732 -0.8175554 -0.2316377 -0.527207 -0.5179805 -0.379928 -0.7663882 -0.8170003 -0.2876771 -0.4997523 -0.9872825 -0.08457958 -0.1346088 -0.9790665 -0.1015439 -0.1764019 -0.817529 -0.3413742 -0.4637995 -0.5953034 -0.5201789 -0.6123951 -0.9791428 -0.120437 -0.1636287 -0.516835 -0.5849264 -0.625094 -0.517982 -0.5360727 -0.6665738 -0.9875203 -0.1113643 -0.1113629 -0.9790747 -0.1376441 -0.149889 -0.8170583 -0.3899708 -0.4246628 -0.5914133 -0.6419449 -0.4879929 -0.9791393 -0.153327 -0.1333307 -0.5171992 -0.7021568 -0.4893678 -0.817471 -0.4346258 -0.3779437 -0.5179778 -0.6668428 -0.5357423 -0.8171383 -0.4733286 -0.3290062 -0.9790884 -0.1670451 -0.1161114 -0.9876932 -0.1324307 -0.08321217 -0.517479 -0.7891372 -0.3308745 -0.8174329 -0.5068197 -0.2737466 -0.9791313 -0.1788123 -0.09658122 -0.5886286 -0.7336853 -0.3394442 -0.5180018 -0.7662341 -0.3802098 -0.9790975 -0.188358 -0.07674204 -0.8172073 -0.533744 -0.2174615 -0.987806 -0.1469526 -0.05142174 -0.5177246 -0.8411027 -0.1565492 -0.8173844 -0.5544934 -0.1562686 -0.9791211 -0.1956565 -0.05514037 -0.5869503 -0.7906954 -0.1740401 -0.5178868 -0.8299035 -0.2074931 -0.9878629 -0.1543521 -0.01739096 -0.9791042 -0.2005512 -0.03367718 -0.8172615 -0.56831 -0.09543237 -0.9791132 -0.2030174 -0.01100524 -0.5177976 -0.8551163 0.02572403 -0.8173195 -0.5753402 -0.03118823 -0.5863801 -0.8100361 0 -0.5177976 -0.8551163 -0.02572403 -0.9878629 -0.1543521 0.01739096 -0.8173195 -0.5753402 0.03118823 -0.9791132 -0.2030174 0.01100524 -0.9791042 -0.2005512 0.03367718 -0.5178867 -0.8299036 0.2074931 -0.8172615 -0.5683101 0.09543239 -0.5869503 -0.7906954 0.1740401 -0.5177246 -0.8411027 0.1565492 -0.9878061 -0.1469522 0.05142171 -0.9791211 -0.1956565 0.05514036 -0.8173844 -0.5544935 0.1562686 -0.9790978 -0.1883562 0.07674133 -0.5180019 -0.766234 0.3802098 -0.8172073 -0.533744 0.2174615 -0.5886308 -0.7336841 0.3394428 -0.5174862 -0.7891327 0.3308739 -0.987693 -0.132432 0.08321255 -0.9791318 -0.17881 0.09658056 -0.817437 -0.506814 0.2737452 -0.9790877 -0.1670477 0.1161127 -0.5179894 -0.6668381 0.5357367 -0.5914189 -0.6419417 0.4879904 -0.817143 -0.4733237 0.3290013 -0.5172098 -0.7021504 0.4893656 -0.9875199 -0.1113658 0.1113651 -0.9791386 -0.153329 0.1333335 -0.8174766 -0.4346185 0.3779402 -0.5953084 -0.5201744 0.612394 -0.9790748 -0.1376441 0.1498891 -0.5179964 -0.5360667 0.6665674 -0.8170645 -0.3899649 0.4246564 -0.5168351 -0.5849265 0.6250941 -0.9872831 -0.08457827 0.1346055 -0.9791428 -0.1204386 0.1636274 -0.8175155 -0.3413904 0.4638114 -0.6002035 -0.3746529 0.706676 -0.9790656 -0.1015455 0.176406 -0.5179808 -0.3799302 0.7663869 -0.8169858 -0.2876859 0.4997709 -0.5162306 -0.4437322 0.7325351 -0.9869776 -0.05312743 0.151831 -0.9791504 -0.08171123 0.1859779 -0.8175631 -0.2316299 0.5271986 -0.6061367 -0.2127825 0.7663692 -0.979054 -0.06051406 0.1943994 -0.5179093 -0.2056685 0.8303435 -0.8169158 -0.1714237 0.5506928 -0.5154476 -0.2859569 0.807801 -0.9865966 -0.01827027 0.1621524 -0.9791558 -0.03904564 0.1993225 -0.8175999 -0.1106882 0.5650474 -0.6130092 -0.04277314 0.7889171 -0.9072776 0.3761127 0.1881128 -0.9790409 -0.01652945 0.2029921 -0.5178719 -0.02146087 0.8551889 -0.8168336 -0.04681927 0.5749702 -0.6207663 0.1268352 0.7736679 -0.9690009 -0.09545699 0.2278712 -0.8855558 0.456871 0.08402264 -0.629344 0.2876442 0.7219327 -0.8527504 0.5195291 -0.05391018 -0.9696426 -0.03818147 0.2415274 -0.398408 0.5147261 0.7591628 -0.8007993 0.5534415 -0.2289608 -0.970202 0.01983053 0.2414846 -0.8140691 0.2833169 0.5069743 -0.7921881 0.5415686 0.2813209 -0.4270574 0.6564602 0.6218376 -0.8140169 0.38863 0.4316749 -0.7751251 0.6252049 0.09110345 -0.9706955 0.07548146 0.2281506 -0.7147734 0.5419885 -0.4419814 -0.4570175 0.7621378 0.458564 -0.8139552 0.4745984 0.3350123 -0.7318347 0.6577045 -0.1784452 -0.9711319 0.1259098 0.2026071 -0.5685031 0.4594603 -0.6824225 -0.4878096 0.8272551 0.2787307 -0.813907 0.5369878 0.2218098 -0.5809665 0.5552761 -0.595102 -0.9789162 0.2029777 0.02286964 -0.9789165 0.2029767 0.02286962 -0.9715142 0.1686212 0.1665144 -0.6931951 0.7162183 0.08069716 0 0.9985895 0.05309556 -0 0.9985895 0.05309556 0 0.9428972 -0.3330839 0 0.9428972 -0.3330839 0 0.7436521 -0.6685668 0 0.7436521 -0.6685668 0 0.4312013 -0.9022558 0 0.4312013 -0.9022558 0 0.0530958 -0.9985895 0 0.0530958 -0.9985895 0 -0.3330865 -0.9428962 0 -0.6685643 -0.7436544 0 -0.3330865 -0.9428962 0 -0.6685643 -0.7436544 0 -0.9022593 -0.431194 0 -0.9022593 -0.431194 0 -0.998589 -0.05310453 0 -0.998589 -0.05310453 0 -0.9428943 0.3330919 0 -0.9428943 0.3330919 0 -0.7436531 0.6685657 0 -0.7436531 0.6685657 0 -0.4311977 0.9022575 0 -0.4311977 0.9022575 0 -0.05309804 0.9985893 0 -0.05309804 0.9985893 -0 0.3330893 0.9428953 0 0.3330893 0.9428953 -0 0.6685598 0.7436584 0 0.6685598 0.7436584 0 0.9022593 0.431194 -0 0.9022593 0.431194 -0.7002029 -0.6441625 -0.3078484 -0.7296529 -0.6130663 -0.302913 -0.7529535 -0.4204113 -0.5062759 -0.6700116 -0.4963092 -0.5520523 -0.7707037 -0.1724911 -0.6134025 -0.6411138 -0.2556258 -0.7236218 -0.6147127 0.04187937 -0.7876385 -0.7840221 0.08953727 -0.6142413 -0.5919464 0.3475385 -0.7271977 -0.7936921 0.3250024 -0.5142239 -0.5738915 0.609 -0.5475103 -0.8002596 0.4988463 -0.3327717 -0.561338 0.780329 -0.2756558 -0.8040603 0.5860372 -0.1002368 -0.554929 0.8307243 0.04417008 -0.8053118 0.5744992 0.146368 -0.5549326 0.7505853 0.3587083 -0.8040715 0.4666151 0.3684285 -0.5613579 0.5532821 0.6154317 -0.8002582 0.2788044 0.5309001 -0.5738884 0.272778 0.7721686 -0.7936943 0.03932284 0.6070445 -0.5919526 -0.04279558 0.8048357 -0.7840186 -0.2152919 0.5822064 -0.6147051 -0.3401102 0.7116619 -0.7706982 -0.444979 0.4560898 -0.6411043 -0.5707194 0.5130932 -0.7529427 -0.6114234 0.2433902 -0.6700212 -0.69995 0.2472681 -0.7296609 -0.6832614 -0.02736326 -0.7001978 -0.7129416 -0.03791392 -0.9970946 -0.05051246 -0.05701609 -0.9970946 -0.05051158 -0.05701642 -0.9972118 -0.0473412 -0.05768515 -0.9970523 -0.04358515 -0.06314396 -0.997179 -0.03538357 -0.06619762 -0.9970946 -0.05051147 -0.05701613 -0.9970946 -0.05051165 -0.05701649 -0.9970946 -0.05051177 -0.05701647 -0.9971496 -0.03506311 -0.0668068 -0.9970946 -0.04327091 -0.06268889 -0.9970946 -0.04327114 -0.06268905 -0.9970946 -0.04327095 -0.06268877 -0.9970946 -0.04327114 -0.06268904 -0.9972183 -0.02163693 -0.07132772 -0.9970608 -0.02716807 -0.07163563 -0.9970946 -0.03539923 -0.06744791 -0.9970946 -0.03539961 -0.06744759 -0.9970946 -0.03539942 -0.06744757 -0.9970946 -0.03539949 -0.06744735 -0.997075 -0.01829073 -0.07420885 -0.9970946 -0.02701141 -0.0712229 -0.9970946 -0.02701153 -0.07122286 -0.9970946 -0.02701132 -0.07122304 -0.9970946 -0.02701122 -0.07122278 -0.9971195 -0.009142268 -0.07529235 -0.9971987 -0.007331253 -0.07443771 -0.9970946 -0.01822929 -0.07395961 -0.9970946 -0.01822924 -0.07395948 -0.9970946 -0.01822917 -0.07395956 -0.9970946 -0.01822917 -0.07395956 -0.9970946 -0.009181764 -0.0756176 -0.9970494 -0 -0.07676234 -0.9971987 0.007331258 -0.07443776 -0.9970946 -0.009181558 -0.07561783 -0.9970946 -0.009181854 -0.07561751 -0.9970946 -0.009181854 -0.07561751 -0.9971196 0.009142157 -0.07529236 -0.9970946 0 -0.07617287 -0.9970947 0 -0.07617317 -0.9970946 -0 -0.07617289 -0.9970946 -0 -0.07617318 -0.997075 0.01829073 -0.07420885 -0.9972183 0.02163693 -0.07132772 -0.9970946 0.009181518 -0.07561757 -0.9970946 0.009181653 -0.07561762 -0.9970946 0.009181889 -0.0756178 -0.9970946 0.01822929 -0.07395961 -0.9970946 0.009181847 -0.07561744 -0.9970608 0.02716807 -0.07163563 -0.9970946 0.01822925 -0.07395953 -0.9970946 0.01822915 -0.07395948 -0.9970946 0.01822917 -0.07395956 -0.9971496 0.03506311 -0.0668068 -0.997179 0.03538357 -0.06619762 -0.9970946 0.02701144 -0.07122298 -0.9970946 0.02701146 -0.07122268 -0.9970946 0.02701128 -0.07122293 -0.9970946 0.02701128 -0.07122293 -0.9972118 0.0473412 -0.05768515 -0.9970523 0.04358515 -0.06314396 -0.9970946 0.03539956 -0.06744749 -0.9970946 0.04327114 -0.06268905 -0.9970946 0.03539907 -0.0674476 -0.9970946 0.03539947 -0.06744767 -0.9970946 0.03539968 -0.06744772 -0.9970946 0.05051158 -0.05701642 -0.9970946 0.04327135 -0.06268887 -0.9970946 0.043271 -0.06268884 -0.9970946 0.04327113 -0.06268904 -0.9970946 0.05701618 -0.05051174 -0.9972118 0.05768508 -0.04734058 -0.9970946 0.05051214 -0.0570164 -0.9970946 0.0505117 -0.05701654 -0.9970946 0.05051172 -0.05701641 -0.9970946 0.05051173 -0.05701642 -0.9970524 0.06314349 -0.04358482 -0.9971789 0.06619705 -0.03538362 -0.9970946 0.05701665 -0.05051188 -0.9970946 0.05701651 -0.05051176 -0.9970946 0.05701592 -0.05051201 -0.9970946 0.05701648 -0.050512 -0.9971496 0.06680679 -0.03506287 -0.9970946 0.06268918 -0.04327124 -0.9970946 0.06268937 -0.0432709 -0.9970946 0.06268878 -0.04327108 -0.9970946 0.06268917 -0.04327135 -0.9970608 0.07163576 -0.02716766 -0.9972182 0.07132787 -0.02163673 -0.9970946 0.06744788 -0.03539937 -0.9970946 0.06744734 -0.0353996 -0.9970946 0.07122311 -0.02701116 -0.9970946 0.06744788 -0.03539934 -0.9970946 0.06744788 -0.03539938 -0.997075 0.07420892 -0.01829063 -0.9970946 0.07122318 -0.02701084 -0.9970946 0.07395941 -0.01822989 -0.9970946 0.07122262 -0.02701116 -0.9970946 0.07122293 -0.02701128 -0.9971987 0.07443791 -0.00733162 -0.9971195 0.07529239 -0.009142271 -0.9970946 0.07395901 -0.01822904 -0.9970946 0.07395956 -0.01822917 -0.9970946 0.07395956 -0.01822917 -0.9972048 0.07431865 0.007707311 -0.9970493 0.07676264 0 -0.9970946 0.07561781 -0.0091813 -0.9970946 0.0756169 -0.009182169 -0.9970946 0.07561719 -0.009181715 -0.9970946 0.07561748 -0.009182239 -0.9971396 0.07503081 0.00911051 -0.9970946 0.07617318 0 -0.9970946 0.07617318 0 -0.9970946 0.0761726 0 -0.9970946 0.07617259 0 -0.99723 0.07083331 0.02269215 -0.9970647 0.07433956 0.01832289 -0.9970946 0.07561707 0.009181212 -0.9970946 0.07561774 0.009182271 -0.9970946 0.07561756 0.009181759 -0.9970946 0.07561716 0.009182201 -0.9970816 0.07138246 0.02707151 -0.9970946 0.07395954 0.01822922 -0.9970946 0.07395936 0.01822983 -0.9970946 0.07122309 0.02701081 -0.9970946 0.073959 0.01822908 -0.9970946 0.07395954 0.01822923 -0.9971098 0.06727172 0.03530701 -0.9972206 0.06477884 0.03680732 -0.9970946 0.07122293 0.02701128 -0.9970946 0.07122252 0.02701112 -0.9970946 0.07122319 0.0270111 -0.9970526 0.06314054 0.04358279 -0.9971815 0.05623759 0.04966267 -0.9970946 0.06744778 0.03539941 -0.9970946 0.06744744 0.03539904 -0.9970946 0.0674476 0.03539983 -0.9970946 0.06268937 0.0432709 -0.9970946 0.06744796 0.03539932 -0.9971749 0.05622385 0.04980959 -0.9970946 0.06268917 0.04327124 -0.9970946 0.06268878 0.04327108 -0.9970946 0.06268906 0.04327127 -0.9972229 0.04451903 0.05970417 -0.997054 0.05086347 0.05741362 -0.9970946 0.05701628 0.05051155 -0.9970946 0.05701647 0.0505118 -0.9970946 0.05701653 0.05051177 -0.9970946 0.0505117 0.05701654 -0.9970946 0.05701625 0.05051215 -0.9971045 0.04319772 0.06258268 -0.9970946 0.05051173 0.05701642 -0.9970946 0.05051185 0.05701646 -0.9970946 0.05051184 0.05701655 -0.9972292 0.0312839 0.06749281 -0.9970857 0.03545383 0.06755124 -0.9970946 0.04327141 0.06268872 -0.9970946 0.04327126 0.06268894 -0.9970946 0.03539914 0.06744771 -0.9970946 0.04327133 0.06268904 -0.9970946 0.04327107 0.06268895 -0.997062 0.02716214 0.0716206 -0.9970946 0.03539931 0.06744775 -0.9970946 0.03539948 0.06744768 -0.9970946 0.03539925 0.06744765 -0.9971462 0.01806697 0.07330006 -0.9972007 0.01685342 0.07284696 -0.9970946 0.02701127 0.0712229 -0.9970946 0.02701135 0.07122277 -0.9970946 0.02701131 0.07122293 -0.9970946 0.02701127 0.07122291 -0.9970496 0.009252296 0.07620136 -0.9972085 0.001543128 0.07465114 -0.9970946 0.01822936 0.07395931 -0.9970946 0.009181501 0.07561743 -0.9970946 0.01822932 0.07395937 -0.9970946 0.01822951 0.07395957 -0.9970946 0.01822935 0.0739595 -0.9971332 0 0.07566611 -0.9970946 0.009181662 0.07561752 -0.9970947 0.009181409 0.07561748 -0.9970946 0.009181673 0.07561761 -0.9970676 -0.00922411 0.0759683 -0.9972306 -0.0137545 0.07308848 -0.9970946 0 0.07617289 -0.9970947 0 0.07617289 -0.9970946 0 0.07617289 -0.9970946 0 0.07617289 -0.9970777 -0.0182824 0.07417413 -0.9970946 -0.009181501 0.07561743 -0.9970946 -0.01822936 0.07395931 -0.9970946 -0.009181662 0.07561752 -0.9970946 -0.009181541 0.07561763 -0.9970946 -0.009181662 0.07561752 -0.9971153 -0.02691517 0.0709694 -0.9972181 -0.02852532 0.0688661 -0.9970946 -0.02701135 0.07122277 -0.9970946 -0.01822932 0.07395937 -0.9970946 -0.0182295 0.07395946 -0.9970946 -0.01822938 0.0739596 -0.9970946 -0.02701131 0.07122293 -0.9971867 -0.04228594 0.06189092 -0.9970514 -0.03566135 0.06794664 -0.9970946 -0.02701127 0.07122291 -0.9970946 -0.02701127 0.07122291 -0.9971675 -0.04272619 0.06189955 -0.9970946 -0.03539914 0.06744771 -0.9970946 -0.03539931 0.06744774 -0.9970946 -0.03539941 0.06744755 -0.9970946 -0.03539931 0.06744774 -0.9970946 -0.04327107 0.06268895 -0.9972249 -0.05371943 0.05154333 -0.9970556 -0.05084933 0.05739765 -0.9970946 -0.04327104 0.06268885 -0.9970946 -0.0432712 0.06268886 -0.9970946 -0.04327126 0.06268894 -0.9970946 -0.05051165 0.05701649 -0.9970994 -0.05696918 0.05046989 -0.9970946 -0.05051177 0.05701647 -0.9970946 -0.0505122 0.05701618 -0.9970946 -0.05701625 0.05051215 -0.9970946 -0.05051154 0.05701621 -0.99709 -0.06273846 0.04330525 -0.9972281 -0.06311788 0.0394002 -0.9970946 -0.05701625 0.0505123 -0.9970946 -0.05701618 0.05051152 -0.9970946 -0.05701609 0.05051217 -0.9970596 -0.06785198 0.03561155 -0.9970946 -0.06744778 0.03539941 -0.9970946 -0.06268957 0.04327085 -0.9970946 -0.06268937 0.0432709 -0.9970946 -0.0674476 0.03539983 -0.9970947 -0.06268911 0.04327053 -0.9970946 -0.06268911 0.04327119 -0.9971532 -0.07050339 0.02673812 -0.9971963 -0.07025758 0.02575459 -0.9970948 -0.06744745 0.03539905 -0.9970946 -0.06744796 0.03539932 -0.9970499 -0.07452541 0.01836963 -0.997212 -0.07384092 0.01075864 -0.9970946 -0.07122252 0.02701112 -0.9970946 -0.07122309 0.02701134 -0.9970946 -0.07122301 0.02701103 -0.9970946 -0.07122239 0.02701121 -0.9971269 -0.0751959 0.009129635 -0.9970946 -0.07395938 0.01823011 -0.9970946 -0.07395932 0.01822994 -0.9970946 -0.07395878 0.0182298 -0.9970946 -0.07395955 0.01822921 -0.9970707 -0.07648585 0 -0.9972308 -0.07422507 -0.004608524 -0.9970946 -0.07561725 0.009180792 -0.9970946 -0.07561761 0.009181479 -0.9970946 -0.0761726 0 -0.9970946 -0.07561761 0.009181479 -0.9970946 -0.07561781 0.0091813 -0.9970741 -0.07588384 -0.009213159 -0.9970946 -0.07617259 0 -0.9970946 -0.07617318 0 -0.9970946 -0.07617318 0 -0.9970946 -0.07561781 -0.0091813 -0.9971211 -0.07362241 -0.018147 -0.9972152 -0.07190266 -0.0197983 -0.9970946 -0.07561722 -0.009181431 -0.9970946 -0.0756176 -0.009181478 -0.9970946 -0.07561773 -0.009180849 -0.9970506 -0.07176049 -0.02721496 -0.9971917 -0.06658746 -0.03427512 -0.9970946 -0.07395943 -0.01822992 -0.9970946 -0.07395929 -0.01823003 -0.9970947 -0.07395905 -0.01822914 -0.9970946 -0.07395943 -0.01822992 -0.9971602 -0.06668372 -0.03499828 -0.9970947 -0.07122258 -0.02701128 -0.9970946 -0.07122252 -0.02701112 -0.9970946 -0.07122293 -0.02701128 -0.9970946 -0.07122311 -0.02701116 -0.9970946 -0.06744788 -0.03539934 -0.9970574 -0.06308793 -0.04354647 -0.9972266 -0.05777433 -0.0469172 -0.9970946 -0.05701618 -0.05051174 -0.9970946 -0.06744764 -0.03539976 -0.9970946 -0.06268937 -0.0432709 -0.9970946 -0.06744753 -0.03539919 -0.9970946 -0.06268918 -0.04327124 -0.9970946 -0.06744788 -0.03539938 -0.9970946 -0.05701625 -0.0505123 -0.9970946 -0.06268957 -0.04327084 -0.9970946 -0.05701615 -0.05051171 -0.9970946 -0.06268918 -0.04327057 -0.9970946 -0.05701623 -0.0505123 -0.9970946 -0.05701609 -0.05051217 0 -0.6631272 -0.7485068 -0 -0.6631272 -0.7485068 0 -0.5680637 -0.8229845 -0 -0.5680637 -0.8229845 0 -0.4647216 -0.8854569 -0 -0.4647216 -0.8854569 0 -0.3546063 -0.9350157 -0 -0.3546063 -0.9350157 0 -0.239314 -0.9709422 -0 -0.239314 -0.9709422 -0 -0.1205352 -0.992709 -0 -0.1205352 -0.992709 0 -0 -1 -0 0 -1 0 0.1205352 -0.992709 0 0.1205352 -0.992709 0 0.239314 -0.9709422 0 0.239314 -0.9709422 0 0.3546063 -0.9350157 0 0.3546063 -0.9350157 0 0.4647216 -0.8854569 0 0.4647216 -0.8854569 0 0.5680678 -0.8229818 0 0.5680678 -0.8229818 0 0.6631228 -0.7485106 0 0.6631228 -0.7485106 0 0.7485087 -0.663125 0 0.7485087 -0.663125 0 0.8229865 -0.5680608 0 0.8854533 -0.4647285 0 0.8229865 -0.5680608 0 0.9350186 -0.3545986 0 0.8854533 -0.4647285 0 0.9709402 -0.2393222 0 0.9350186 -0.3545986 0 0.9927095 -0.1205319 0 0.9709402 -0.2393222 0 1 0 0 0.9927095 -0.1205319 0 0.9927095 0.1205319 0 1 0 0 0.9709404 0.2393217 0 0.9927095 0.1205319 0 0.9350186 0.3545986 0 0.9709404 0.2393217 0 0.9350186 0.3545986 0 0.8854527 0.4647294 0 0.8854527 0.4647294 0 0.8229865 0.5680608 0 0.8229865 0.5680608 0 0.7485096 0.6631238 0 0.7485096 0.6631238 0 0.6631203 0.7485128 0 0.6631203 0.7485128 0 0.5680693 0.8229807 0 0.5680693 0.8229807 0 0.4647216 0.8854569 0 0.4647216 0.8854569 0 0.3546063 0.9350157 0 0.3546063 0.9350157 0 0.239316 0.9709417 0 0.239316 0.9709417 0 0.1205352 0.992709 0 0.1205352 0.992709 0 0 1 0 -0 1 0 -0.1205352 0.992709 0 -0.1205352 0.992709 0 -0.239316 0.9709417 0 -0.239316 0.9709417 0 -0.3546063 0.9350157 0 -0.3546063 0.9350157 0 -0.4647216 0.8854569 0 -0.4647216 0.8854569 0 -0.5680652 0.8229835 0 -0.5680652 0.8229835 0 -0.6631247 0.748509 0 -0.6631247 0.748509 0 -0.7485096 0.6631238 0 -0.7485096 0.6631238 0 -0.8229865 0.5680608 0 -0.8229865 0.5680608 0 -0.8854527 0.4647294 0 -0.8854527 0.4647294 0 -0.9350157 0.3546063 0 -0.9350157 0.3546063 0 -0.9709424 0.2393135 0 -0.9709424 0.2393135 0 -0.9927095 0.1205319 0 -0.9927095 0.1205319 -0 -1 0 0 -1 0 0 -0.9927095 -0.1205319 -0 -0.9927095 -0.1205319 -0 -0.9709422 -0.239314 0 -0.9709422 -0.239314 -0 -0.9350157 -0.3546063 0 -0.9350157 -0.3546063 -0 -0.8854533 -0.4647285 -0 -0.8229865 -0.5680608 0 -0.8854533 -0.4647285 -0 -0.8229865 -0.5680608 -0 -0.7485087 -0.663125 0 -0.7485087 -0.663125 -0.7281663 -0.6558883 0.1989584 -0.7167965 -0.6149461 0.3287007 -0.706842 -0.5468071 0.4487498 -0.6985704 -0.4539359 0.5531198 -0.7781757 0.543904 0.3140239 -0.7768255 0.5988952 0.1945936 -0.7754093 0.6279999 0.06600481 -0.773921 0.6298131 -0.06619538 -0.7723369 0.6041235 -0.1962919 -0.7706783 0.5518516 -0.318614 -0.7689372 0.475113 -0.427789 -0.7671032 0.3770771 -0.5190044 -0.7651896 0.2618584 -0.5881454 -0.7631809 0.13435 -0.6320641 -0.7610757 -0 -0.6486632 -0.7588752 -0.1354002 -0.6370049 -0.7565749 -0.2659673 -0.5973741 -0.7541702 -0.3859851 -0.5312653 -0.7516606 -0.4901436 -0.4413225 -0.7490513 -0.5737512 -0.3312578 -0.9810497 -0.1927225 -0.01998653 -0.7419935 -0.6697488 -0.02969897 -0.981069 -0.1927263 0.01898197 -0.9810684 -0.192729 0.01898246 -0.4873002 -0.263237 -0.8326133 -0.3599729 -0.927852 0.09752023 -0.2906848 -0.9522117 0.09378274 -0.7407098 -0.6685902 0.06584904 -0.7406964 -0.6686048 0.06585214 -0.6253021 -0.6587412 -0.4183984 -0.9755818 -0.1359963 0.1724684 -0.7395338 -0.3857397 -0.5516291 -0.4157496 -0.8649658 0.2810455 -0.7422389 -0.6248175 0.2422492 -0.7083691 -0.7051367 -0.03154987 -0.9743984 -0.09364977 0.2043954 -0.8490403 -0.4171868 -0.3241694 -0.7423061 -0.5611892 0.366126 -0.7276806 -0.6559309 0.2005884 -0.4595596 -0.7691573 0.4440742 -0.9729105 -0.04317327 0.2271153 -0.900649 -0.405756 -0.1555428 -0.734798 -0.56947 0.3684779 -0.4930921 -0.6465213 0.5821258 -0.7423328 -0.4729567 0.4746093 -0.9710004 0.01386397 0.2386755 -0.5178328 -0.5028369 0.6921014 -0.7422718 -0.3635673 0.5628955 -0.7421339 -0.3539417 0.5691771 -0.2919039 -0.505074 0.8122145 -0.9740235 -0.2070025 0.09180488 -0.8598179 -0.2406967 0.4503092 -0.9799396 -0.02599967 0.1975912 -0.5346917 -0.3437123 0.7719887 -0.7416109 -0.2966968 0.6016514 -0.2914731 -0.4230785 0.8579324 -0.8565369 -0.1498112 0.4938636 -0.976437 -0.1647762 0.139354 -0.7420686 -0.2320081 0.6288931 -0.2917639 -0.3310541 0.8973722 -0.9794838 0.02123918 0.200401 -0.5445238 -0.1743858 0.8204167 -0.741724 -0.1693511 0.648973 -0.2915057 -0.2415309 0.9255741 -0.7419543 -0.1005427 0.6628687 -0.291692 -0.1434413 0.9456958 -0.8548433 -0.05085818 0.5163877 -0.9778943 -0.1184885 0.1722881 -0.9788378 0.07001252 0.192288 -0.5477318 0 0.8366541 -0.7418637 -0.03509342 0.6696317 -0.2916047 -0.05006068 0.9552281 -0.8548433 0.05085818 0.5163877 -0.9788378 -0.07001254 0.1922881 -0.2916047 0.05006068 0.9552281 -0.7418638 0.03509342 0.6696317 -0.9778943 0.1184885 0.1722882 -0.5445238 0.1743858 0.8204167 -0.291692 0.1434413 0.9456958 -0.7419542 0.1005427 0.6628688 -0.8565369 0.1498112 0.4938636 -0.741724 0.1693511 0.648973 -0.9794837 -0.02123918 0.200401 -0.2915057 0.2415309 0.9255741 -0.976437 0.1647762 0.139354 -0.2917639 0.3310541 0.8973724 -0.5346917 0.3437123 0.7719887 -0.7420686 0.2320081 0.6288931 -0.291473 0.4230785 0.8579324 -0.7416109 0.2966968 0.6016513 -0.9799396 0.02599965 0.1975912 -0.8598179 0.2406967 0.4503092 -0.9740235 0.2070025 0.09180488 -0.7421339 0.3539417 0.5691771 -0.2919038 0.505074 0.8122145 -0.5178328 0.5028369 0.6921014 -0.9802722 0.06995099 0.1848601 -0.7414465 0.4119622 0.5296644 -0.2912816 0.5873194 0.7551231 -0.8645634 0.3187986 0.3884555 -0.9696212 0.2432075 0.02616728 -0.2918782 0.6583765 0.6937922 -0.7421837 0.46133 0.4861461 -0.4931506 0.6464966 0.5821036 -0.9805204 0.1090139 0.1633888 -0.741264 0.510396 0.4359169 -0.2911862 0.7274566 0.621303 -0.2689019 0.4834756 0.8330324 -0.8632978 0.3917819 0.318157 -0.2913761 0.8974712 0.3311273 -0.2661608 0.6293692 0.7301047 -0.8646796 0.4466281 0.2298966 -0.2630405 0.7526124 0.6036425 -0.2914463 0.9461512 0.1409146 -0.866101 0.4819334 0.1326997 -0.2594091 0.8497602 0.4589275 -0.2915246 0.954963 -0.05530886 -0.8675765 0.496348 0.03081752 -0.2915635 0.9235016 -0.2492699 -0.2551378 0.9186547 0.3016258 -0.869086 0.4894927 -0.07131927 -0.2501546 0.958375 0.1376228 -0.2915963 0.8530453 -0.4327647 -0.8706399 0.4618667 -0.1693083 -0.244372 0.9692943 -0.02740049 -0.2917318 0.7465146 -0.5980037 -0.8722205 0.4149102 -0.2590002 -0.2372822 0.9530939 -0.1879073 -0.2916982 0.6084247 -0.7380593 -0.8738505 0.3508238 -0.3366125 -0.9736583 0.1286296 -0.1882659 -0.7422368 0.3474251 -0.5730447 -0.7134925 0.560961 -0.4198228 -0.2290381 0.912335 -0.3393913 -0.2917833 0.4445466 -0.8469008 -0.9744506 0.08595154 -0.207505 -0.7422264 0.22222 -0.6322328 -0.7068346 0.487709 -0.5123718 -0.2190108 0.8506893 -0.4778723 -0.2918125 0.2618152 -0.9199447 -0.9752343 0.04090477 -0.2173592 -0.7421933 0.0875017 -0.664449 -0.6977659 0.4051149 -0.5907661 -0.207035 0.7722259 -0.6006693 -0.2918463 0.06795265 -0.9540483 -0.9760087 -0.004499793 -0.217685 -0.7421731 -0.05098657 -0.6682659 -0.685211 0.3178932 -0.655309 -0.1925741 0.6816174 -0.7059129 -0.2918746 -0.1288365 -0.9477396 -0.9767699 -0.04830127 -0.2087767 -0.7421615 -0.18732 -0.643512 -0.6670796 0.231127 -0.7082267 -0.1752768 0.583234 -0.7931685 -0.2918954 -0.3202125 -0.9012553 -0.97752 -0.08866692 -0.1912926 -0.7421311 -0.3156775 -0.5912607 -0.2919245 -0.4980447 -0.8165362 -0.1545853 0.4814082 -0.8627569 -0.6399749 0.1500163 -0.7536095 -0.978259 -0.1239702 -0.1662556 -0.2918917 -0.6548024 -0.6971607 -0.1303145 0.3794259 -0.915999 -0.7421004 -0.4305665 -0.5137115 -0.5976132 0.07988659 -0.7977949 -0.9789798 -0.1528792 -0.1350055 -0.291986 -0.7837602 -0.5481461 -0.1021763 0.279823 -0.9545989 -0.7420686 -0.5270631 -0.4141725 -0.5289538 0.02611694 -0.8482486 -0.979686 -0.1743573 -0.09906978 -0.2919081 -0.879509 -0.3758371 -0.742066 -0.6009998 -0.2968793 -0.4157721 -0.005874233 -0.9094498 -0.9803792 -0.1877234 -0.06013904 -0.2904876 -0.951637 -0.1000201 -0.8950968 -0.4434294 -0.04660662 -0.2375199 -0.01273606 -0.9712992 -0.2904929 -0.9100441 -0.2956917 -0.7420164 -0.6492788 -0.1668788 -0.2905074 -0.9516308 -0.1000211 -0.2904745 -0.910049 -0.2956948 -0.8968637 -0.4206587 -0.1366812 -0.4689362 0.8821682 0.04333681 -0.9766026 0.2147368 0.01164237 -0.4689361 0.8821682 -0.04333952 -0.4689416 0.8821654 -0.04333667 -0.9771085 0.2124298 -0.01151729 -0.9766144 0.2147395 -0.01054965 -0.7961487 0.6043721 -0.02969185 -0.7961493 0.6043714 -0.02969137 -0.4689565 0.8736624 -0.1295903 -0.4689419 0.8736691 -0.1295987 -0.9774987 0.2081625 -0.03412761 -0.7961487 0.5985516 -0.08878818 -0.9761672 0.2146707 -0.03184395 -0.7961485 0.5985518 -0.08878833 -0.4689567 0.856752 -0.2146055 -0.4689465 0.8567561 -0.2146118 -0.4500584 0.8407993 -0.3008387 -0.4693451 0.8409914 -0.2691631 -0.9777812 0.2019867 -0.0560816 -0.9758152 0.2120466 -0.05311385 -0.7961488 0.5869674 -0.1470248 -0.7961448 0.5869719 -0.147029 -0.7964659 0.575906 -0.1843214 -0.796462 0.5759081 -0.1843318 -0.9766638 0.2045514 -0.06547108 -0.4691846 0.8268486 -0.3101406 -0.4475059 0.8084209 -0.3823534 -0.4693188 0.8087785 -0.3544254 -0.9779608 0.1939596 -0.0772804 -0.7963329 0.5663314 -0.2124211 -0.9766432 0.2011811 -0.07545952 -0.7963304 0.5663334 -0.2124247 -0.796436 0.5538742 -0.2427204 -0.9766597 0.1967315 -0.08621133 -0.7964373 0.5538735 -0.2427175 -0.4692435 0.7904539 -0.3936919 -0.7963756 0.5413715 -0.2696344 -0.7963794 0.5413648 -0.2696366 -0.9780413 0.1841344 -0.09762066 -0.9766504 0.1923025 -0.09577975 -0.4468533 0.7673303 -0.4599198 -0.4692769 0.7679647 -0.4359007 -0.7964063 0.5259427 -0.2985318 -0.9766538 0.1868219 -0.1060425 -0.7964088 0.5259417 -0.2985271 -0.4693013 0.7456305 -0.4730659 -0.978025 0.1725633 -0.1170004 -0.9766556 0.1813871 -0.1150761 -0.796421 0.5106465 -0.3239658 -0.7964132 0.5106487 -0.3239815 -0.4481412 0.7180348 -0.5325368 -0.4692339 0.7189651 -0.5127462 -0.4693233 0.6929022 -0.5473776 -0.7963596 0.4924206 -0.3511885 -0.7963647 0.4924186 -0.3511795 -0.976647 0.1749213 -0.1247518 -0.977911 0.1593083 -0.1353177 -0.79645 0.4745057 -0.3748491 -0.9766602 0.1685435 -0.1331462 -0.7964493 0.4745056 -0.3748506 -0.4691557 0.6623122 -0.5841537 -0.4513467 0.6611869 -0.5992645 -0.7963164 0.4536436 -0.4001097 -0.4693542 0.6327906 -0.6158594 -0.9766396 0.1611578 -0.1421377 -0.796312 0.4536507 -0.4001102 -0.9776976 0.1444281 -0.1524723 -0.7964755 0.4333246 -0.4217304 -0.7964694 0.4333189 -0.4217477 -0.976664 0.1539084 -0.1497985 -0.4690864 0.5986067 -0.6493288 -0.4564274 0.5975284 -0.6592676 -0.7962593 0.4100429 -0.4447874 -0.7962615 0.4100424 -0.4447838 -0.9766316 0.1456749 -0.1580175 -0.4633476 0.5278917 -0.711786 -0.4828883 0.5299383 -0.6971257 -0.9766026 0.1301439 -0.1712013 -0.9766026 0.130144 -0.1712014 -0.7960724 0.3662524 -0.4817966 -0.7960698 0.3662531 -0.4818003 -0.4749581 0.4549675 -0.7532725 -0.468951 0.4540694 -0.7575658 -0.9767846 0.1104442 -0.1835592 -0.796097 0.3128746 -0.5180146 -0.9766067 0.1111729 -0.1840652 -0.796096 0.3128746 -0.518016 -0.4689504 0.3776265 -0.7984259 -0.4689568 0.3776279 -0.7984214 -0.7961473 0.2587143 -0.5470068 -0.9772509 0.08905331 -0.1924841 -0.9764553 0.09223273 -0.1950085 -0.7961446 0.2587176 -0.5470091 -0.468956 0.2975478 -0.8315923 -0.4689541 0.2975473 -0.8315935 -0.977604 0.06719717 -0.1994365 -0.7961481 0.2038523 -0.5697301 -0.9760388 0.07330512 -0.2048771 -0.7961448 0.2038514 -0.5697349 -0.468954 0.2146058 -0.8567534 -0.4689491 0.2146041 -0.8567566 -0.4489939 0.1311113 -0.8838633 -0.4693375 0.1575878 -0.8688432 -0.9778515 0.0449933 -0.2044064 -0.9757193 0.05321882 -0.2124606 -0.7961478 0.147028 -0.5869679 -0.7961484 0.1470282 -0.5869672 -0.7964583 0.1079165 -0.5949859 -0.7964574 0.1079148 -0.5949874 -0.976662 0.03833034 -0.211334 -0.4692004 0.1147754 -0.8756013 -0.4470667 0.04388991 -0.8934233 -0.4693014 0.0671956 -0.8804777 -0.9779981 0.02255558 -0.2073909 -0.7963493 0.07861034 -0.5997068 -0.7963495 0.07861056 -0.5997064 -0.9766452 0.02792504 -0.2130361 -0.7964307 0.0460175 -0.6029763 -0.7964296 0.04601563 -0.6029781 -0.9766573 0.01634494 -0.2141803 -0.4692588 0.02390871 -0.882737 -0.79639 0.01637443 -0.6045617 -0.9780467 0 -0.2083861 -0.7963941 0.0163799 -0.604556 -0.9766518 0.005818448 -0.2147497 -0.4470667 -0.04388991 -0.8934233 -0.4692588 -0.02390871 -0.882737 -0.4693014 -0.0671956 -0.8804777 -0.9766518 -0.005818347 -0.2147495 -0.7963939 -0.01637425 -0.6045566 -0.7963899 -0.01637978 -0.6045617 -0.7964296 -0.04601759 -0.6029779 -0.9779981 -0.02255558 -0.2073909 -0.7964302 -0.04601652 -0.6029772 -0.9766575 -0.01634526 -0.21418 -0.4489939 -0.1311113 -0.8838633 -0.4692004 -0.1147754 -0.8756013 -0.4693346 -0.157584 -0.8688454 -0.7963483 -0.07861076 -0.599708 -0.7963496 -0.07860918 -0.5997066 -0.9766454 -0.02792458 -0.2130356 -0.7964588 -0.1079136 -0.5949858 -0.796457 -0.1079177 -0.5949874 -0.9766622 -0.03833121 -0.2113331 -0.9778515 -0.0449933 -0.2044064 -0.4691326 -0.2044163 -0.8591441 -0.7962987 -0.1400162 -0.5884758 -0.4528296 -0.2166364 -0.8648781 -0.9766377 -0.0497402 -0.2090571 -0.7962965 -0.1400147 -0.5884791 -0.4869794 -0.2788838 -0.8276925 -0.4585387 -0.2993864 -0.8367257 -0.7960691 -0.1932442 -0.5735248 -0.9766027 -0.06866615 -0.2037943 -0.7960714 -0.1932418 -0.5735224 -0.9766023 -0.06866602 -0.203796 -0.4805261 -0.3682344 -0.7959259 -0.4660524 -0.3782846 -0.7998099 -0.7960689 -0.2541214 -0.5492693 -0.9766023 -0.09029918 -0.195177 -0.7960721 -0.2541175 -0.5492663 -0.9766024 -0.09029917 -0.1951767 -0.471963 -0.45196 -0.7569565 -0.4689414 -0.454072 -0.7575701 -0.4689405 -0.5261362 -0.7094191 -0.9766103 -0.110228 -0.1846133 -0.9769534 -0.1100465 -0.1828981 -0.796124 -0.3102206 -0.5195669 -0.796124 -0.3102205 -0.5195668 -0.4689472 -0.5261368 -0.7094143 -0.977381 -0.1279862 -0.1683629 -0.9763065 -0.1289053 -0.1738078 -0.7961489 -0.3604593 -0.4860205 -0.7961515 -0.3604558 -0.486019 -0.4689466 -0.5931407 -0.6544258 -0.4689475 -0.59314 -0.6544257 -0.4693543 -0.6327762 -0.6158741 -0.4513347 -0.6611915 -0.5992686 -0.9776983 -0.1444262 -0.1524703 -0.9759215 -0.1464812 -0.1616185 -0.7961519 -0.4063562 -0.4483489 -0.7961459 -0.4063649 -0.4483519 -0.9766641 -0.1539119 -0.1497947 -0.7964748 -0.4333155 -0.4217412 -0.7964702 -0.4333283 -0.4217366 -0.4691558 -0.6623175 -0.5841475 -0.4693233 -0.6929022 -0.5473776 -0.4481412 -0.7180348 -0.5325368 -0.977911 -0.1593083 -0.1353177 -0.9766396 -0.1611578 -0.1421377 -0.7963176 -0.4536452 -0.4001053 -0.7963164 -0.4536472 -0.4001054 -0.9766609 -0.1685384 -0.1331474 -0.7964435 -0.4745123 -0.3748544 -0.79645 -0.4744976 -0.3748591 -0.4692208 -0.7189647 -0.5127587 -0.7963588 -0.4924209 -0.3511899 -0.978025 -0.1725633 -0.1170004 -0.9766479 -0.1749201 -0.1247477 -0.7963657 -0.4924183 -0.3511778 -0.4692879 -0.745644 -0.473058 -0.4468533 -0.7673303 -0.4599198 -0.9766556 -0.1813871 -0.1150761 -0.7964193 -0.5106484 -0.323967 -0.796421 -0.5106451 -0.323968 -0.4692769 -0.7679647 -0.4359006 -0.7964088 -0.5259417 -0.2985271 -0.9780409 -0.1841351 -0.09762287 -0.9766538 -0.1868219 -0.1060425 -0.7964063 -0.5259427 -0.2985318 -0.4692435 -0.7904539 -0.3936919 -0.4475059 -0.8084209 -0.3823534 -0.4693188 -0.8087785 -0.3544254 -0.7963756 -0.5413716 -0.2696344 -0.9766495 -0.1923059 -0.09578146 -0.7963794 -0.5413648 -0.2696366 -0.796436 -0.5538742 -0.2427204 -0.9779601 -0.1939631 -0.0772818 -0.9766589 -0.1967351 -0.08621291 -0.7964373 -0.5538735 -0.2427175 -0.4691846 -0.8268486 -0.3101406 -0.4500584 -0.8407993 -0.3008387 -0.4693451 -0.8409914 -0.2691631 -0.9766424 -0.2011849 -0.07546094 -0.7963304 -0.5663344 -0.2124222 -0.7963328 -0.5663306 -0.2124235 -0.7964659 -0.5759031 -0.1843302 -0.9777805 -0.2019905 -0.05608265 -0.976663 -0.2045552 -0.06547231 -0.7964621 -0.5759109 -0.1843229 -0.46911 -0.8544494 -0.2232759 -0.7962751 -0.5852823 -0.1529399 -0.4545291 -0.8640365 -0.2164355 -0.9766343 -0.2079262 -0.05433323 -0.7962748 -0.5852826 -0.1529403 -0.485045 -0.8629696 -0.1414733 -0.4608463 -0.8778751 -0.1302152 -0.7960654 -0.5972382 -0.09790992 -0.7960677 -0.597235 -0.09791095 -0.9766026 -0.2122193 -0.03479083 -0.9766026 -0.2147368 -0.01164237 -0.9766023 -0.2122203 -0.0347915 -0.4779399 -0.877104 -0.04756103 -0.7960654 -0.6043227 -0.03276945 -0.4689518 -0.8821595 -0.04334415 -0.9766026 -0.2147368 -0.01164235 -0.7960728 -0.6043133 -0.03276396 -0.4689519 -0.8821598 0.04333911 -0.4689417 -0.8821649 0.04334441 -0.7961493 -0.6043714 0.02969137 -0.7961487 -0.6043721 0.02969185 -0.9771085 -0.2124298 0.01151729 -0.9766144 -0.2147395 0.01054965 -0.4689419 -0.8736691 0.1295987 -0.4689565 -0.8736624 0.1295903 -0.9761673 -0.2146707 0.03184388 -0.7961484 -0.5985519 0.08878823 -0.977498 -0.2081658 0.03412637 -0.7961485 -0.5985518 0.08878811 -0.4689567 -0.856752 0.2146055 -0.7961483 -0.5869674 0.1470279 -0.4689465 -0.8567561 0.2146118 -0.469345 -0.8409908 0.2691649 -0.4500594 -0.8407987 0.3008392 -0.9777804 -0.2019907 0.05608259 -0.9758142 -0.2120503 0.05311503 -0.7961451 -0.586972 0.1470266 -0.7964626 -0.5759098 0.1843239 -0.9766631 -0.2045552 0.06547128 -0.7964648 -0.5759053 0.184328 -0.4691832 -0.8268496 0.3101399 -0.4693172 -0.8087792 0.3544257 -0.4475042 -0.8084217 0.3823538 -0.9779601 -0.1939628 0.07728187 -0.9766425 -0.2011844 0.07546105 -0.7963316 -0.5663328 0.2124223 -0.7963304 -0.5663337 0.212424 -0.9766591 -0.1967345 0.08621211 -0.7964352 -0.553875 0.2427208 -0.7964373 -0.553874 0.2427163 -0.4692435 -0.7904531 0.3936932 -0.7963747 -0.5413721 0.2696359 -0.9780411 -0.1841346 0.09762236 -0.7963778 -0.5413668 0.2696376 -0.9766497 -0.1923051 0.09578103 -0.4692769 -0.7679647 0.4359007 -0.4468544 -0.7673305 0.4599186 -0.9766539 -0.1868215 0.1060422 -0.7964045 -0.5259448 0.298533 -0.796407 -0.5259438 0.2985283 -0.4692878 -0.7456452 0.4730562 -0.978025 -0.1725633 0.1170004 -0.9766558 -0.1813863 0.1150763 -0.796419 -0.5106479 0.3239685 -0.7964193 -0.5106478 0.3239678 -0.7963657 -0.4924143 0.3511836 -0.4692209 -0.7189658 0.5127572 -0.4481372 -0.7180358 0.532539 -0.4693208 -0.6929012 0.5473809 -0.9766477 -0.1749203 0.1247484 -0.7963609 -0.4924228 0.3511826 -0.9779112 -0.1593074 0.1353174 -0.9766608 -0.1685399 0.1331466 -0.7964488 -0.4745055 0.3748518 -0.7964457 -0.4745049 0.3748591 -0.4513319 -0.6611925 0.5992695 -0.4691532 -0.6623186 0.5841484 -0.4693488 -0.6327818 0.6158726 -0.9766397 -0.1611571 0.1421383 -0.7963151 -0.4536459 0.4001094 -0.7963188 -0.4536448 0.4001033 -0.9776983 -0.1444264 0.1524696 -0.976664 -0.1539128 0.1497938 -0.7964715 -0.4333209 0.4217417 -0.7964761 -0.4333252 0.4217286 -0.4564299 -0.5975286 0.6592658 -0.4690804 -0.5986062 0.6493335 -0.7962578 -0.4100424 0.4447906 -0.7962581 -0.4100424 0.4447903 -0.9766314 -0.1456742 0.1580191 -0.4633444 -0.5278927 0.7117873 -0.4828904 -0.5299399 0.6971231 -0.7960709 -0.3662536 0.4817982 -0.9766024 -0.1301445 0.1712021 -0.7960713 -0.3662535 0.4817976 -0.9766026 -0.1301435 0.1712015 -0.4749549 -0.454967 0.7532747 -0.4689544 -0.4540699 0.7575634 -0.4689539 -0.3776253 0.7984242 -0.7960976 -0.3128735 0.5180142 -0.796097 -0.3128736 0.5180151 -0.9766067 -0.1111729 0.1840652 -0.9767846 -0.1104442 0.1835592 -0.4689532 -0.3776258 0.7984245 -0.7961473 -0.258715 0.5470065 -0.9764553 -0.09223233 0.1950087 -0.7961463 -0.2587149 0.5470079 -0.9772509 -0.08905298 0.1924844 -0.4689523 -0.297551 0.8315932 -0.4689502 -0.2975504 0.8315945 -0.7961467 -0.2038546 0.5697312 -0.9760388 -0.0733059 0.2048765 -0.7961488 -0.2038522 0.5697291 -0.9776042 -0.0671972 0.1994352 -0.468949 -0.2146059 0.8567561 -0.4689502 -0.2146063 0.8567554 -0.4489951 -0.1311073 0.8838632 -0.4693385 -0.1575837 0.8688433 -0.7961478 -0.147028 0.5869679 -0.7961484 -0.1470282 0.5869672 -0.9757196 -0.05321855 0.2124595 -0.7964569 -0.1079141 0.5949882 -0.9778517 -0.0449931 0.2044054 -0.7964571 -0.1079138 0.594988 -0.9766622 -0.03832981 0.2113333 -0.4692004 -0.1147724 0.8756016 -0.4470685 -0.04389182 0.8934223 -0.4693014 -0.0671956 0.8804777 -0.7963483 -0.0786094 0.5997083 -0.9766454 -0.02792458 0.2130356 -0.9779982 -0.02255505 0.2073904 -0.7963477 -0.07860885 0.5997091 -0.7964283 -0.04601769 0.6029795 -0.9766577 -0.01634517 0.2141789 -0.7964277 -0.04601676 0.6029804 -0.4692587 -0.0239123 0.8827369 -0.9780467 0 0.2083861 -0.796392 -0.01637716 0.6045589 -0.976652 -0.005817416 0.2147485 -0.7963917 -0.01637681 0.6045593 -0.4470685 0.04389182 0.8934223 -0.4692587 0.0239123 0.8827369 -0.7963917 0.01637679 0.6045593 -0.4693014 0.0671956 0.8804777 -0.976652 0.005817517 0.2147487 -0.7963922 0.01637742 0.6045586 -0.9779982 0.02255505 0.2073904 -0.9766576 0.01634486 0.2141792 -0.7964277 0.04601778 0.6029803 -0.7964289 0.04601569 0.6029789 -0.4489951 0.1311073 0.8838632 -0.4692004 0.1147724 0.8756016 -0.7963477 0.07860886 0.5997091 -0.4693414 0.1575874 0.8688411 -0.9766452 0.02792504 0.2130361 -0.7963493 0.07861033 0.5997068 -0.7964583 0.1079165 0.5949859 -0.9778517 0.0449931 0.2044054 -0.976662 0.03832893 0.2113343 -0.7964556 0.1079113 0.5949905 -0.4528286 0.2166421 0.8648772 -0.4691401 0.2044154 0.8591402 -0.9766025 0.06866627 0.2037953 -0.9766374 0.04974167 0.2090578 -0.7962952 0.1400186 0.5884801 -0.7962967 0.1400168 0.5884785 -0.4585341 0.2993848 0.8367289 -0.4869747 0.2788825 0.8276956 -0.7960708 0.193242 0.5735231 -0.9766024 0.06866663 0.2037957 -0.7960707 0.1932421 0.5735232 -0.4660557 0.3782807 0.7998098 -0.4805226 0.3682352 0.7959277 -0.7960721 0.2541175 0.5492663 -0.9766023 0.09029879 0.1951772 -0.7960706 0.2541193 0.5492677 -0.9766023 0.09029878 0.1951768 -0.4689414 0.4540734 0.7575693 -0.4719664 0.451959 0.7569549 -0.9766103 0.110228 0.1846133 -0.796124 0.3102206 0.5195669 -0.9769534 0.1100465 0.1828981 -0.796124 0.3102205 0.5195668 -0.4689566 0.5261312 0.7094123 -0.4689403 0.5261427 0.7094144 -0.9763065 0.1289053 0.1738078 -0.7961471 0.3604618 0.4860217 -0.9773808 0.1279863 0.1683637 -0.7961489 0.3604593 0.4860205 -0.4689417 0.5931432 0.6544271 -0.4689574 0.5931318 0.6544262 -0.4693486 0.6327962 0.6158578 -0.451344 0.6611879 0.5992654 -0.7961521 0.4063559 0.4483488 -0.7961468 0.4063635 0.4483514 -0.9759212 0.1464831 0.1616186 -0.7964768 0.4333258 0.4217268 -0.9776977 0.1444283 0.1524716 -0.7964708 0.4333202 0.421744 -0.9766641 0.1539093 0.1497976 -0.4691531 0.6623132 0.5841545 -0.4481372 0.7180358 0.532539 -0.4693208 0.6929012 0.5473809 -0.7963133 0.4536477 0.400111 -0.9766397 0.1611571 0.1421383 -0.7963151 0.4536448 0.4001108 -0.9779112 0.1593074 0.1353174 -0.7964516 0.4745026 0.3748495 -0.7964488 0.474509 0.3748475 -0.9766601 0.168545 0.1331453 -0.7963669 0.4924171 0.3511769 -0.4692339 0.7189662 0.5127448 -0.9766469 0.1749216 0.1247525 -0.7963596 0.4924199 0.3511895 -0.978025 0.1725633 0.1170004 -0.4468544 0.7673305 0.4599186 -0.4693014 0.7456318 0.473064 -0.796413 0.5106545 0.3239727 -0.9766558 0.1813863 0.1150763 -0.7964188 0.5106432 0.3239762 -0.7964069 0.5259438 0.2985283 -0.4692769 0.7679647 0.4359006 -0.9766539 0.1868215 0.1060422 -0.7964045 0.5259448 0.298533 -0.9780414 0.1841339 0.09762014 -0.4475042 0.8084217 0.3823538 -0.4692435 0.7904531 0.3936932 -0.4693173 0.8087792 0.3544257 -0.7963778 0.5413668 0.2696376 -0.9766505 0.1923017 0.09577933 -0.7963747 0.5413721 0.2696359 -0.9779609 0.1939593 0.07728047 -0.7964373 0.5538726 0.2427197 -0.97666 0.1967309 0.08621056 -0.7964351 0.5538765 0.2427174 -0.4500594 0.8407987 0.3008392 -0.4691832 0.8268496 0.3101399 -0.469345 0.8409908 0.2691649 -0.9766433 0.2011807 0.07545964 -0.7963305 0.5663342 0.2124229 -0.7963315 0.5663323 0.2124235 -0.7964647 0.5759071 0.1843231 -0.9777812 0.201987 0.05608154 -0.9766639 0.2045513 0.06547005 -0.7964625 0.5759081 0.1843289 -0.4545301 0.864036 0.2164353 -0.46911 0.8544495 0.2232753 -0.9766344 0.2079264 0.05433094 -0.7962754 0.5852834 0.1529339 -0.7962816 0.5852743 0.1529374 -0.4608463 0.8778751 0.1302152 -0.7960727 0.6043133 0.03276893 -0.4779399 0.877104 0.04756103 -0.4850456 0.8629693 0.1414736 -0.7960747 0.597226 0.09790812 -0.9766026 0.2122191 0.03479275 -0.9766024 0.2122198 0.03479322 -0.7960653 0.6043233 0.0327645 -0.9766026 0.2147368 0.01164235 -0.7960652 0.5972373 0.09791644 -0.7197545 -0.6650639 0.1991065 -0.7173634 -0.6397213 0.2759462 -0.7150408 -0.6054234 0.3495414 -0.7128033 -0.5625791 0.4188272 -0.7106203 -0.5117647 0.4828205 -0.7085597 -0.4535818 0.5405615 -0.7065406 -0.3888731 0.5912513 -0.7046459 -0.3184497 0.6340851 -0.7028263 -0.2432989 0.6684615 -0.701105 -0.1644438 0.6938371 -0.6994827 -0.08296458 0.7098175 -0.6979503 0 0.7161463 -0.7496262 -0.05877138 -0.6592469 -0.7483541 -0.1366257 -0.6490758 -0.7469823 -0.21293 -0.629824 -0.7455042 -0.2866389 -0.6017157 -0.7439312 -0.3567289 -0.565076 -0.7422491 -0.4222403 -0.5203647 -0.7404766 -0.4822221 -0.4681414 -0.7385689 -0.5358747 -0.4090896 -0.7365778 -0.582368 -0.3439488 -0.7344517 -0.6210737 -0.2735839 -0.7322084 -0.6513855 -0.1989167 -0.7298417 -0.672837 -0.1209194 -0.9680507 -0.2503306 -0.01458011 -0.7253221 -0.6883917 -0.004972684 -0.3002191 -0.9521946 -0.056515 -0.9680507 -0.2503306 0.01457945 -0.9680483 -0.2503394 0.01458063 -0.7247629 -0.6878328 0.04005991 -0.3395849 -0.4227006 -0.8402418 -0.3138406 -0.9478077 0.05625463 -0.3002368 -0.9522509 0.0554619 -0.7247487 -0.6878476 0.04006227 -0.9680482 -0.2469541 0.04354613 -0.5238214 -0.8388861 0.1479232 -0.348035 -0.3027922 -0.8872364 -0.9680517 -0.2469411 0.0435428 -0.3264926 -0.9302959 0.1671889 -0.5277404 -0.6455475 -0.5520494 -0.7253523 -0.670494 0.1558905 -0.9644257 -0.2043736 0.1676738 -0.484473 -0.4138277 -0.7707351 -0.6144736 -0.7297549 -0.2997998 -0.725327 -0.6473909 0.2340636 -0.3387837 -0.8998424 0.2747892 -0.9642301 -0.1824532 0.1922792 -0.5911562 -0.4920478 -0.6390801 -0.6567044 -0.7474995 -0.09991901 -0.7253874 -0.6151083 0.3089582 -0.350217 -0.8571886 0.377592 -0.964025 -0.1575366 0.2140978 -0.6719762 -0.540748 -0.5060035 -0.7253267 -0.5742994 0.3795806 -0.3611697 -0.8029209 0.4742094 -0.6793959 -0.731171 0.06172647 -0.9637976 -0.1300195 0.2327853 -0.7326752 -0.5653498 -0.378902 -0.3714145 -0.7379988 0.5633907 -0.692783 -0.6941003 0.1956438 -0.7253495 -0.5253258 0.4448605 -0.9635648 -0.1002127 0.2479928 -0.7782848 -0.5707431 -0.2617729 -0.3811259 -0.6633487 0.643981 -0.7253257 -0.4689811 0.5039439 -0.7012306 -0.6426714 0.3086245 -0.963306 -0.06861368 0.2594876 -0.8128839 -0.5612183 -0.1557361 -0.7253534 -0.4059711 0.5559226 -0.706902 -0.5804279 0.404219 -0.3901243 -0.5801654 0.7149902 -0.9630401 -0.03560702 0.2669942 -0.839463 -0.5399679 -0.06112738 -0.7108199 -0.5096291 0.4847816 -0.7253079 -0.3372595 0.6001537 -0.3986546 -0.4895674 0.7754987 -0.9627509 -0.001729728 0.2703844 -0.8601686 -0.5095147 0.02246563 -0.4065684 -0.3929179 0.8248137 -0.7137236 -0.4320938 0.5512654 -0.7253324 -0.2637123 0.6358842 -0.962438 0.03252714 0.2695462 -0.876511 -0.4718582 0.09528046 -0.4140137 -0.2915311 0.8623238 -0.7158443 -0.3493105 0.6046066 -0.7252994 -0.186433 0.6627092 -0.9621118 0.06666515 0.2643795 -0.8895816 -0.4285678 0.158032 -0.7252961 -0.1064552 0.6801565 -0.420878 -0.1868471 0.8876655 -0.7175161 -0.2627417 0.6450872 -0.9617537 0.1001266 0.2549594 -0.9001686 -0.3810341 0.2109728 -0.7187967 -0.173687 0.6731747 -0.7252809 -0.02492293 0.6880018 -0.4272429 -0.08028475 0.9005653 -0.9613723 0.1324065 0.2413124 -0.4331197 0.02670911 0.9009406 -0.7252584 0.0570209 0.6861114 -0.9599817 -0.114992 0.2553665 -0.3006387 0.07008105 0.9511599 -0.7253231 0.05058453 0.6865476 -0.8533334 0.060526 0.5178405 -0.9674689 0.08048953 0.2398448 -0.725044 0.09045482 0.6827365 -0.438545 0.1326939 0.8888592 -0.3004202 0.1252739 0.9455444 -0.9610863 -0.07563723 0.2656919 -0.7253145 0.1306847 0.6758997 -0.3007031 0.1810475 0.9363757 -0.8523013 0.1206249 0.5089521 -0.9674085 0.109264 0.2284339 -0.7250634 0.1698325 0.6674128 -0.3005007 0.2352074 0.924325 -0.4434874 0.236247 0.8645844 -0.9619876 -0.03657666 0.2706327 -0.7253098 0.2090006 0.6559302 -0.3006482 0.2895477 0.9087204 -0.851355 0.1794196 0.4929538 -0.9673491 0.1365135 0.2135413 -0.7250835 0.2468639 0.6428936 -0.3004642 0.3419056 0.8904054 -0.4479267 0.3360167 0.8285254 -0.9627423 0.001652153 0.2704154 -0.7253062 0.2844154 0.626928 -0.8504777 0.2360735 0.4700607 -0.3006834 0.3940201 0.8685262 -0.9672793 0.1618341 0.1953988 -0.7250904 0.3204966 0.609529 -0.4519527 0.4306706 0.7811924 -0.3005167 0.4438838 0.8441901 -0.8496816 0.2897545 0.4405491 -0.9633729 0.03859586 0.2653734 -0.3006889 0.4930828 0.8163673 -0.7252929 0.3559297 0.5892912 -0.9672039 0.1848302 0.1742249 -0.4555157 0.5189854 0.7232977 -0.3005396 0.5397487 0.7863506 -0.7251143 0.3897025 0.5677509 -0.9639046 0.07380935 0.2558126 -0.3007068 0.5853443 0.7529591 -0.725293 0.4225307 0.5435235 -0.8489729 0.339671 0.4048069 -0.9671288 0.2051267 0.1502833 -0.4586404 0.5998025 0.6556569 -0.3005771 0.6281685 0.7176752 -0.7250939 0.4535621 0.5181894 -0.9643677 0.1068251 0.2420401 -0.3006353 0.6695672 0.6791893 -0.7252513 0.4833466 0.4902925 -0.8483592 0.3850862 0.3633114 -0.9670401 0.2224189 0.1239485 -0.4613205 0.6720904 0.5792045 -0.3005207 0.7079527 0.6391324 -0.7251276 0.5111337 0.4614462 -0.9647609 0.137308 0.2244614 -0.3006368 0.7445433 0.5960476 -0.7252616 0.5374619 0.4302677 -0.8478235 0.42535 0.3166586 -0.9669381 0.2364234 0.09557509 -0.4636 0.7348926 0.4949827 -0.3005411 0.7779667 0.5517634 -0.7251624 0.5616567 0.3983482 -0.9650987 0.1648907 0.2034588 -0.3007222 0.8092307 0.5046899 -0.7252766 0.5841607 0.3643214 -0.8473625 0.4598723 0.2655074 -0.9668316 0.2468652 0.06553228 -0.4654247 0.7874227 0.4041599 -0.3006437 0.8372399 0.4567743 -0.7251879 0.6044462 0.3297687 -0.9653966 0.1892418 0.1794351 -0.8469974 0.4881218 0.2105531 -0.3006694 0.8628093 0.4063964 -0.7252783 0.6228251 0.2933602 -0.9667134 0.253557 0.03426464 -0.46688 0.8289787 0.3079244 -0.3006063 0.8850055 0.3555293 -0.7251417 0.6389679 0.2566897 -0.965657 0.2101118 0.1528384 -0.8467399 0.5096559 0.1525852 -0.3005582 0.9045282 0.3024788 -0.7252082 0.6529864 0.218362 -0.9665833 0.256343 0.002230791 -0.4679372 0.8590378 0.2075786 -0.300514 0.9205952 0.249391 -0.7251812 0.6646029 0.1800422 -0.7252261 0.674056 0.1403411 -0.9658895 0.2272652 0.1241289 -0.846547 0.5242276 0.09243168 -0.3006972 0.933697 0.1943993 -0.9664344 0.2551427 -0.03011297 -0.3006713 0.9434299 0.139774 -0.7251834 0.681121 0.1009116 -0.468548 0.877237 0.1044896 -0.9660899 0.2405732 0.09378112 -0.7252054 0.6858793 0.06038669 -0.3006236 0.9500677 0.08364655 -0.8464534 0.531562 0.03095999 -0.966274 0.2498712 -0.0622817 -0.3006159 0.9533265 0.02826096 -0.7251801 0.688257 0.02040309 -0.4687356 0.8833385 0 -0.966274 0.2498711 0.0622817 -0.72518 0.688257 -0.02040309 -0.3006159 0.9533265 -0.02826096 -0.8464534 0.531562 -0.03095999 -0.9660898 0.2405732 -0.09378111 -0.3006236 0.9500678 -0.08364656 -0.7252054 0.6858793 -0.06038669 -0.468548 0.877237 -0.1044896 -0.9664344 0.2551426 0.03011297 -0.7251835 0.6811209 -0.1009116 -0.3006713 0.9434299 -0.139774 -0.846547 0.5242276 -0.09243168 -0.9658895 0.2272652 -0.1241289 -0.4679447 0.8590338 -0.2075781 -0.3006972 0.9336972 -0.1943984 -0.7252231 0.6740593 -0.1403411 -0.3005138 0.9205947 -0.249393 -0.9665833 0.256343 -0.002230815 -0.7251774 0.6646065 -0.1800447 -0.8467414 0.5096537 -0.1525846 -0.9656581 0.2101072 -0.1528376 -0.4668731 0.8289825 -0.3079244 -0.3005583 0.9045282 -0.3024788 -0.7252082 0.6529864 -0.218362 -0.3005857 0.8850116 -0.3555317 -0.9667137 0.2535561 -0.03426415 -0.7251417 0.6389679 -0.2566897 -0.8469993 0.4881189 -0.2105519 -0.9653955 0.1892479 -0.179435 -0.4654247 0.7874227 -0.4041599 -0.3006459 0.8628178 -0.4063959 -0.7252783 0.6228265 -0.2933575 -0.3006172 0.8372456 -0.4567814 -0.966831 0.2468666 -0.06553382 -0.7251878 0.604445 -0.3297709 -0.847365 0.459869 -0.2655055 -0.9650974 0.1648976 -0.2034594 -0.4635926 0.7348952 -0.4949857 -0.3006929 0.8092399 -0.5046924 -0.7252842 0.584155 -0.3643154 -0.300541 0.7779667 -0.5517634 -0.9669374 0.2364254 -0.0955773 -0.7251708 0.5616495 -0.398343 -0.8478235 0.42535 -0.3166586 -0.9647593 0.1373147 -0.2244638 -0.4613351 0.6720847 -0.5791996 -0.3006367 0.7445453 -0.596045 -0.7252616 0.5374635 -0.4302658 -0.3005209 0.7079512 -0.6391342 -0.9670392 0.2224212 -0.1239517 -0.7251274 0.5111325 -0.4614474 -0.8483572 0.3850881 -0.3633142 -0.9643643 0.1068381 -0.2420476 -0.4586239 0.5998082 -0.6556633 -0.3006352 0.6695644 -0.6791921 -0.7252718 0.4833293 -0.4902791 -0.3005565 0.6281728 -0.7176801 -0.9671265 0.2051311 -0.1502914 -0.7251156 0.453547 -0.5181721 -0.8489776 0.3396675 -0.4047999 -0.9639083 0.07379782 -0.2558023 -0.4555276 0.5189831 -0.7232919 -0.3006849 0.585356 -0.7529589 -0.7252703 0.4225509 -0.5435383 -0.3004937 0.5397525 -0.7863655 -0.9672065 0.1848252 -0.1742158 -0.7250905 0.3897136 -0.5677738 -0.8496869 0.289749 -0.4405425 -0.963373 0.03859736 -0.2653726 -0.4519328 0.4306755 -0.7812012 -0.3006415 0.4930951 -0.8163773 -0.7252929 0.3559331 -0.5892893 -0.7250904 0.3204966 -0.609529 -0.8504748 0.2360746 -0.4700653 -0.3004923 0.4438874 -0.8441969 -0.9672792 0.1618342 -0.1953989 -0.9627421 0.001650401 -0.2704161 -0.3006582 0.3940289 -0.8685309 -0.4479333 0.3360137 -0.828523 -0.7252799 0.2844309 -0.6269516 -0.967349 0.1365148 -0.2135407 -0.7250565 0.246874 -0.6429201 -0.3004902 0.3419027 -0.8903977 -0.8513522 0.1794232 -0.4929571 -0.9619908 -0.03658867 -0.2706194 -0.3006746 0.2895387 -0.9087145 -0.7252961 0.2090003 -0.6559454 -0.4434809 0.2362497 -0.8645871 -0.9674119 0.1092626 -0.2284202 -0.7250494 0.1698362 -0.6674272 -0.3004739 0.2352095 -0.9243333 -0.8523025 0.1206233 -0.5089503 -0.9610863 -0.07563724 -0.2656919 -0.4385347 0.1326908 -0.8888647 -0.3006759 0.1810491 -0.9363841 -0.7253145 0.1306847 -0.6758997 -0.3004751 0.1252745 -0.9455269 -0.9674687 0.08049024 -0.2398447 -0.725044 0.09045687 -0.6827361 -0.8533288 0.06052687 -0.5178479 -0.9599814 -0.1149941 -0.2553666 -0.4331605 0.0267105 -0.900921 -0.7253087 0.05058565 -0.6865627 -0.300694 0.07007977 -0.9511424 -0.3004454 0.01361003 -0.9537019 -0.9675208 0.05062665 -0.2476699 -0.7250179 0.009827686 -0.6886599 -0.2811807 0.3279454 -0.9018809 -0.8544304 0 -0.519566 -0.2997251 -0.2209132 -0.9280961 -0.2779758 0.2473236 -0.9282029 -0.855607 -0.06009186 -0.5141262 -0.2739765 0.1687547 -0.9468151 -0.2998106 -0.3253855 -0.8967931 -0.8568546 -0.1188958 -0.5016614 -0.2689561 0.09392232 -0.9585621 -0.2998851 -0.4257208 -0.8537158 -0.8581662 -0.1755848 -0.4824113 -0.8595386 -0.2293674 -0.45671 -0.2626369 0.02453422 -0.9645828 -0.2999894 -0.5205633 -0.7993874 -0.8609737 -0.2795072 -0.4249706 -0.254449 -0.03745943 -0.9663604 -0.3000304 -0.6086779 -0.7345018 -0.8624658 -0.3253247 -0.3877069 -0.300191 -0.6888216 -0.6598562 -0.2438351 -0.09001005 -0.9656307 -0.9623508 -0.1977082 -0.1865269 -0.300203 -0.759984 -0.5764569 -0.2297552 -0.1306888 -0.964434 -0.7253295 -0.5241016 -0.4463347 -0.6937788 -0.308317 -0.6508546 -0.9632898 -0.2153404 -0.160316 -0.2109748 -0.1568118 -0.9648314 -0.3003107 -0.8211227 -0.4853567 -0.7253466 -0.5723182 -0.3825236 -0.6807964 -0.3430986 -0.6471473 -0.9642444 -0.2295095 -0.1325074 -0.1858319 -0.1653529 -0.9685684 -0.3002992 -0.8714729 -0.3877568 -0.7253154 -0.612874 -0.3135331 -0.6586124 -0.3648241 -0.6581283 -0.9651867 -0.2401706 -0.1035985 -0.3003662 -0.910269 -0.2849394 -0.1525594 -0.153506 -0.9762999 -0.7253554 -0.6450859 -0.2402575 -0.6173763 -0.3664534 -0.6961023 -0.9661471 -0.2471538 -0.07399275 -0.3003729 -0.9370148 -0.1782681 -0.1097645 -0.1197024 -0.9867234 -0.7253036 -0.6686766 -0.1637261 -0.5318942 -0.3309954 -0.7794425 -0.9670975 -0.2505408 -0.04417754 -0.3004471 -0.9512887 -0.06914692 -0.3002557 -0.9521832 -0.05651155 -0.8760852 -0.4813094 -0.02856545 -0.7253717 -0.6830974 -0.08493485 -0.3440774 -0.2200933 -0.9127812 0 -0.92388 -0.3826822 -0 -0.92388 -0.3826822 -0 -0.3826822 -0.92388 0 -0.3826822 -0.92388 0 0.3826822 -0.92388 0 0.92388 -0.3826822 0 0.3826822 -0.92388 0 0.92388 -0.3826822 0 0.92388 0.3826822 0 0.92388 0.3826822 0 0.3826822 0.92388 0 0.3826822 0.92388 0 -0.3826822 0.92388 0 -0.92388 0.3826822 0 -0.3826822 0.92388 0 -0.92388 0.3826822 -0.6785986 -0.6785985 -0.2810837 -0.7794702 -0.5644025 -0.2718012 -0.5535238 -0.3187105 -0.7694381 -0.8307876 -0.123854 -0.5426345 -0.4399823 0.3436511 -0.8296502 -0.854209 0.3241696 -0.4064985 -0.3730421 0.8571892 -0.3550581 -0.8610489 0.5085223 0 -0.373042 0.8571892 0.3550581 -0.854209 0.3241696 0.4064985 -0.4399824 0.3436511 0.8296502 -0.8307876 -0.123854 0.5426345 -0.5535239 -0.3187105 0.769438 -0.7794703 -0.5644025 0.2718012 -0.6785985 -0.6785985 0.2810837 -0.8583573 0.4955702 0.1327887 -0.8583598 0.4955665 0.1327875 -0.8583468 0.3627965 0.3627941 -0.8583594 0.3627808 0.36278 -0.8583432 0.1327937 0.4955935 -0.8583568 0.132789 0.4955712 -0.8583431 -0.1327937 0.4955935 -0.8583568 -0.1327889 0.4955712 -0.8583469 -0.3627963 0.3627939 -0.8583594 -0.3627808 0.36278 -0.8583573 -0.4955703 0.1327887 -0.8583598 -0.4955665 0.1327875 -0.8583573 -0.4955702 -0.1327887 -0.8583598 -0.4955665 -0.1327875 -0.8583468 -0.3627965 -0.3627941 -0.8583594 -0.3627808 -0.36278 -0.858343 -0.1327926 -0.4955939 -0.8583584 -0.1327873 -0.4955687 -0.858343 0.1327927 -0.495594 -0.8583584 0.1327872 -0.4955687 -0.8583469 0.3627963 -0.3627939 -0.8583594 0.3627808 -0.36278 -0.8583573 0.4955703 -0.1327887 -0.8583598 0.4955665 -0.1327875 0.8583573 -0.4955702 0.1327887 0.8583598 -0.4955665 0.1327875 0.8583468 -0.3627965 0.3627941 0.8583594 -0.3627808 0.36278 0.8583432 -0.1327937 0.4955935 0.8583568 -0.132789 0.4955712 0.8583431 0.1327937 0.4955935 0.8583568 0.1327889 0.4955712 0.8583469 0.3627963 0.3627939 0.8583594 0.3627808 0.36278 0.8583573 0.4955703 0.1327887 0.8583598 0.4955665 0.1327875 0.8583573 0.4955702 -0.1327887 0.8583598 0.4955665 -0.1327875 0.8583468 0.3627965 -0.3627941 0.8583594 0.3627808 -0.36278 0.858343 0.1327926 -0.4955939 0.8583584 0.1327873 -0.4955687 0.858343 -0.1327927 -0.495594 0.8583584 -0.1327872 -0.4955687 0.8583469 -0.3627963 -0.3627939 0.8583594 -0.3627808 -0.36278 0.8583573 -0.4955703 -0.1327887 0.8583598 -0.4955665 -0.1327875 0 -0.92388 -0.3826822 -0 -0.92388 -0.3826822 -0 -0.3826822 -0.92388 0 -0.3826822 -0.92388 0 0.3826822 -0.92388 0 0.3826822 -0.92388 0 0.92388 0.3826822 0 0.92388 -0.3826822 0 0.92388 -0.3826822 0 0.92388 0.3826822 0 0.3826822 0.92388 0 0.3826822 0.92388 0 -0.3826822 0.92388 0 -0.3826822 0.92388 0 -0.92388 0.3826822 0 -0.92388 0.3826822 0 -0.92388 -0.3826822 -0 -0.92388 -0.3826822 -0 -0.3826822 -0.92388 0 -0.3826822 -0.92388 0 0.3826822 -0.92388 0 0.3826822 -0.92388 0 0.92388 -0.3826822 0 0.92388 -0.3826822 0 0.92388 0.3826822 0 0.92388 0.3826822 0 0.3826822 0.92388 0 -0.3826822 0.92388 0 0.3826822 0.92388 0 -0.3826822 0.92388 0 -0.92388 0.3826822 0 -0.92388 0.3826822 0.8583538 0.4955768 -0.1327871 0.8583546 0.4955753 -0.1327867 0.8583301 0.3628151 -0.3628151 0.8583556 0.3627836 -0.362786 0.8583466 0.1327918 -0.4955879 0.858358 0.1327876 -0.4955693 0.8583466 -0.1327918 -0.4955879 0.858358 -0.1327876 -0.4955693 0.85833 -0.3628151 -0.3628151 0.8583556 -0.3627836 -0.362786 0.8583537 -0.4955768 -0.1327871 0.8583546 -0.4955753 -0.1327867 0.8583538 -0.4955768 0.1327871 0.8583546 -0.4955753 0.1327867 0.8583301 -0.3628151 0.3628151 0.8583556 -0.3627836 0.362786 0.8583468 -0.1327929 0.4955873 0.8583564 -0.1327893 0.4955717 0.8583468 0.1327929 0.4955875 0.8583564 0.1327893 0.4955717 0.85833 0.3628151 0.3628151 0.8583556 0.3627836 0.362786 0.8583537 0.4955768 0.1327871 0.8583546 0.4955753 0.1327867 -0.2402989 0.8968102 -0.3714673 -0.2403302 0.8968022 -0.3714663 -0.9604222 0.2573451 -0.1065957 -0.678636 0.6785652 -0.2810737 -0.9604169 0.2573618 -0.1066038 -0.6785763 0.6786181 -0.28109 -0.2402985 0.3714693 -0.8968095 -0.2402924 0.3714702 -0.8968107 -0.9604227 0.1065951 -0.2573437 -0.6785985 0.281084 -0.6785984 -0.6785992 0.2810837 -0.6785979 -0.9604222 0.1065956 -0.2573451 -0.2402924 -0.3714699 -0.8968109 -0.2402986 -0.3714697 -0.8968093 -0.9604222 -0.257345 -0.1065956 -0.9604222 -0.1065957 -0.2573451 -0.9604226 -0.106595 -0.2573437 -0.6785985 -0.281084 -0.6785985 -0.6785992 -0.2810838 -0.6785979 -0.2402985 -0.8968095 -0.3714693 -0.2403299 -0.8968031 -0.3714643 -0.6785764 -0.678618 -0.28109 -0.9604169 -0.2573618 -0.1066038 -0.6786361 -0.6785652 -0.2810737 -0.2403302 -0.8968022 0.3714663 -0.2402989 -0.8968102 0.3714673 -0.9604222 -0.2573451 0.1065957 -0.6785763 -0.6786181 0.28109 -0.9604169 -0.2573618 0.1066038 -0.678636 -0.6785652 0.2810737 -0.2402985 -0.3714693 0.8968095 -0.2402924 -0.3714702 0.8968107 -0.9604227 -0.1065951 0.2573437 -0.9604222 -0.1065956 0.2573451 -0.6785992 -0.2810837 0.6785979 -0.6785985 -0.281084 0.6785984 -0.2402924 0.3714699 0.8968109 -0.2403302 0.8968022 0.3714663 -0.2402989 0.8968102 0.3714673 -0.2402986 0.3714697 0.8968093 -0.678636 0.6785652 0.2810737 -0.9604169 0.2573618 0.1066038 -0.9604222 0.257345 0.1065956 -0.9604222 0.1065957 0.2573451 -0.6785764 0.678618 0.28109 -0.9604226 0.106595 0.2573437 -0.6785985 0.281084 0.6785985 -0.6785992 0.2810838 0.6785979 1 0 -0 1 0 -0 1 0 0 1 0 0 1 0 0 1 0 0 1 0 -0 1 0 0 1 0 0 1 0 0 -1 0 -0 -1 0 -0 -1 0 0 -1 0 -0 -1 0 0 -1 0 0 -1 0 0 -1 0 -0 -1 0 0 -1 0 -0 -1 0 0 -1 0 0 -1 0 0 -1 0 0 -0 1 0 0 1 0 0 1 0 -0 0.5000001 0.8660254 -0 0.5000001 0.8660254 0 0.5000001 0.8660254 0 -0.5000001 0.8660254 0 -0.5000001 0.8660254 0 -0.5000001 0.8660254 0 -1 0 -0 -1 0 0 -1 0 0 -0.5000001 -0.8660254 0 -0.5000001 -0.8660254 0 -0.5000001 -0.8660254 0 0.5000001 -0.8660254 0 0.5000001 -0.8660254 0 0.5000001 -0.8660254 -1 0 0 -1 0 0 -1 0 0 -1 0 0 -1 0 0 -1 0 0 -1 0 0 -1 0 0 -1 0 0 -1 0 0 -1 0 0 -1 0 0 -1 0 0 -1 0 0 -1 0 0 -1 0 0 -1 0 0 -1 0 0 -1 0 0 -1 0 0 1 0 0 1 0 0 1 -0 0 1 -0 0 1 0 0 1 -0 0 1 0 0 1 0 0 1 -0 0 1 0 0 1 -0 0 1 0 0 1 -0 0 1 0 0 1 -0 0 1 0 0 1 0 0 1 0 0 1 -0 0 1 0 0 -0 -1 -0 -0 -1 0 0 -1 -0 0 -1 0 -0 -0.5 -0.8660253 0 -0.5 -0.8660253 -0 -0.5000001 -0.8660254 -0 -0.5000001 -0.8660254 0 0.5000001 -0.8660254 0 0.5 -0.8660253 0 0.5000001 -0.8660254 0 0.5 -0.8660253 -0 1 0 -0 1 0 0 1 0 0 1 0 0 0.5 0.8660253 0 0.5 0.8660253 0 0.5000001 0.8660254 0 0.5000001 0.8660254 0 -0.5000001 0.8660254 0 -0.5 0.8660253 0 -0.5000001 0.8660254 0 -0.5 0.8660253 -1 0 0 -1 0 0 -1 0 0 -1 0 0 -1 0 0 -1 0 0 -1 0 0 -1 0 0 -1 0 0 -1 0 0 -1 0 0 -1 0 0 -1 0 0 -1 0 0 -1 0 0 -1 0 0 -1 0 0 -1 0 0 -1 0 0 -1 0 0 -1 0 0 -1 0 0 -1 0 0 -1 0 0 -1 0 0 -1 0 0 -1 0 0 -1 0 0 -1 0 0 -1 0 0 -1 0 0 -1 0 0 -1 0 0 -1 0 0 -1 0 0 -1 0 0 -1 0 0 -1 0 0 -1 0 0 -1 0 0 -1 0 0 -1 0 0 -1 0 0 -1 0 0 -1 0 0 -1 0 0 -1 0 0 -1 0 0 -1 0 0 -1 0 0 -1 0 0 -1 0 0 -1 0 0 -1 0 0 -1 0 0 -1 0 0 -1 0 0 -1 0 0 -1 0 0 -1 0 0 -1 0 0 -1 0 0 -1 0 0 -1 0 0 -1 0 0 -1 0 0 -1 0 0 -1 0 0 -1 0 0 -1 0 0 -1 0 0 -1 0 0 -1 0 0 -1 0 0 -1 0 0 -1 0 0 -1 0 0 -1 0 0 -1 0 0 -1 0 0 -1 0 0 -1 0 0 -1 0 0 -1 0 0 -1 0 0 -1 0 0 -1 0 0 -1 0 0 -1 0 0 -1 0 0 -1 0 0 -1 0 0 -1 0 0 -1 0 0 -1 0 0 -1 0 0 -1 0 0 -1 0 0 -1 0 0 -1 0 0 -1 0 0 -1 0 0 -1 0 0 -1 0 0 -1 0 0 -1 0 0 -1 0 0 -1 0 0 -1 0 0 -1 0 0 -1 0 0 -1 0 0 -1 0 0 -1 0 0 -1 0 0 -1 0 0 -1 0 0 -1 0 -0 -1 0 0 -1 0 -0 -1 0 0 -1 0 -0 -1 0 0 -1 0 -0 -1 0 0 -1 0 0 -1 0 0 -1 0 -0 -1 0 0 -1 0 0 -1 0 0 -1 0 0 -1 0 0 -1 0 0 -1 0 0 -1 0 -0 -1 0 0 -1 0 0 -1 0 0 -1 0 -0 -1 0 0 -1 0 0 -1 0 0 -1 0 0 -1 0 0 -1 0 -0 -1 0 0 -1 0 0 -1 0 0 -1 0 -0 -1 0 0 -1 0 0 -1 0 0 -1 0 0 -1 0 0 -1 0 0 -1 0 0 -1 0 0 -1 0 0 -1 0 0 -1 0 0 -1 0 0 -1 0 0 -1 0 0 -1 0 0 -1 0 0 -1 0 0 -1 0 0 -1 0 0 -1 0 0 -1 0 0 -1 0 0 -1 0 0 -1 0 0 -1 0 0 -1 0 0 -1 0 0 -1 0 0 -1 0 0 -1 0 0 -1 0 0 -1 0 0 -1 0 0 -1 0 0 -1 0 0 -1 0 0 -1 0 0 -1 0 0 -1 0 0 -1 0 0 -1 0 -0 -1 0 0 -1 0 0 -1 0 0 -1 0 0 -1 0 0 -1 0 0 -1 0 0 -1 0 0 -1 0 -0 -1 0 0 -1 0 0 -1 0 0 -1 0 0 -1 0 -0 -1 0 0 -1 0 0 -1 0 0 -1 0 -0 -1 0 0 -1 0 0 -1 0 -0 -1 0 0 -1 0 -0 -1 0 0 -1 0 0 -1 0 -0 -1 0 -0 -1 0 0 -1 0 0 -1 0 0 -1 0 -0 -1 0 0 -1 0 0 -1 0 -0 -1 0 0 -1 0 0 -1 0 -0 -1 0 -0 -1 0 0 -1 0 -0 -1 0 0 -1 0 -0 -1 0 0 -1 0 -0 -1 0 0 -1 0 0 -1 0 0 -1 0 0 -1 0 0 -1 0 0 -1 0 0 -1 0 0 -1 0 0 -1 0 -0 -1 -0 0 -1 0 0 -1 0 0 -1 0 0 -1 0 0 -1 0 0 -1 -0 0 -1 0 0 -1 0 0 -1 0 0 -1 -0 0 -1 0 0 -1 0 0 -1 0 0 -1 0 0 -1 0 0 -1 0 0 -1 0 0 -1 0 0 -1 0 0 -1 0 0 -1 0 0 -1 0 0 -1 0 0 -1 0 0 -1 0 0 -1 0 0 -1 0 0 -1 0 0 -1 0 0 -1 0 0 -1 0 0 -1 0 0 -1 0 0 -1 0 0 -1 0 0 -1 0 0 -1 0 0 -1 0 0 -1 0 0 -1 0 0 -1 0 0 -1 0 0 -1 0 0 -1 0 0 -1 -0 0 -1 0 0 -1 0 0 -1 -0 0 -1 0 0 -1 0 0 -1 0 -0 -1 0 0 -1 -0 0 -1 0 0 -1 0 0 -1 0 0 -1 0 0 -1 -0 0 -1 0 0 -1 0 0 -1 0 -0 -1 0 0 -1 0 -0 -1 0 0 -1 0 0 -1 0 -0 -1 0 -0 -1 0 0 -1 0 0 -1 0 -0 -1 0 0 -1 0 0 -1 0 -0 -1 0 0 -1 0 0 -1 0 0 -1 0 -0 -1 0 0 -1 0 0 -1 0 0 -1 0 -0 -1 0 0 -1 0 0 -1 0 0 -1 0 -0 -1 0 0 -1 0 0 -1 0 0 -1 0 -0 -1 0 0 -1 0 -0 -1 0 0 -1 0 0 -1 0 0 -1 0 0 -1 0 0 -1 0 -0 -1 0 -0 -1 0 0 -1 0 0 -1 0 -0 -1 0 -0 -1 0 -0 -1 0 0 -1 0 0 -1 0 -0 -1 0 0 -1 0 0 -1 0 -0 1 0 0 1 0 0 1 0 0 1 0 0 1 0 0 1 0 0 1 0 0 1 0 0 1 0 0 1 0 0 1 0 0 1 0 0 1 0 0 1 0 0 1 0 0 1 0 0 1 0 0 1 0 0 1 0 0 1 0 0 1 0 0 1 0 0 1 0 0 1 0 0 1 0 0 1 0 0 1 0 0 1 0 0 1 0 0 1 0 0 1 0 0 1 0 0 1 0 0 1 0 0 1 0 0 1 0 0 1 0 0 1 0 0 1 0 0 1 0 0 1 0 0 1 0 0 1 0 0 1 0 0 1 0 0 1 0 0 1 0 0 1 0 0 1 0 0 1 0 0 1 0 0 1 0 0 1 0 0 1 0 0 1 0 0 1 0 0 1 0 0 1 0 0 1 0 0 1 0 0 1 0 0 1 0 0 1 0 0 1 0 0 1 0 0 1 0 0 1 0 0 1 0 0 1 0 0 1 0 0 1 0 0 1 0 0 1 0 0 1 0 0 1 0 0 1 0 0 1 0 0 1 0 0 1 0 0 1 0 0 1 0 0 1 0 0 1 0 0 1 0 0 1 0 0 1 0 0 1 0 0 1 0 0 1 0 0 1 0 0 1 0 0 1 0 0 1 0 0 1 0 0 1 0 0 1 0 0 1 0 0 1 0 0 1 0 0 1 0 0 1 0 0 1 0 0 1 0 0 1 0 0 1 0 0 1 0 0 1 0 0 1 0 0 1 0 0 1 0 0 1 0 0 1 0 0 1 0 0 1 0 0 1 0 0 1 -0 0 1 0 0 1 0 0 1 0 0 1 -0 0 1 0 0 1 0 0 1 0 0 1 -0 0 1 0 0 1 -0 0 1 0 0 1 -0 0 1 0 0 1 -0 0 1 0 0 1 -0 0 1 0 0 1 -0 0 1 0 0 1 -0 0 1 0 0 1 0 0 1 0 0 1 -0 0 1 -0 0 1 0 0 1 0 0 1 0 0 1 0 0 1 0 0 1 0 0 1 0 0 1 0 0 1 0 0 1 -0 0 1 0 0 1 0 0 1 0 0 1 -0 0 1 0 0 1 0 0 1 0 0 1 -0 0 1 0 0 1 0 0 1 0 0 1 -0 0 1 0 0 1 0 0 1 0 0 1 -0 0 1 0 0 1 0 0 1 0 0 1 -0 0 1 0 0 1 0 0 1 0 0 1 -0 0 1 0 0 1 0 0 1 0 0 1 -0 0 1 0 0 1 0 0 1 0 0 1 -0 0 1 0 0 1 0 0 1 0 0 1 -0 0 1 0 0 1 0 0 1 0 0 1 0 0 1 0 0 1 0 0 1 -0 0 1 0 0 1 0 0 1 0 0 1 0 0 1 0 0 1 0 0 1 0 0 1 0 0 1 -0 0 1 0 0 1 0 0 1 0 0 1 -0 0 1 0 0 1 -0 0 1 0 0 1 -0 0 1 0 0 1 0 0 1 -0 0 1 0 0 1 0 0 1 -0 0 1 0 0 1 0 0 1 0 0 1 -0 0 1 -0 0 1 0 0 1 0 0 1 -0 0 1 0 0 1 -0 0 1 0 0 1 -0 0 1 0 0 1 0 0 1 -0 0 1 0 0 1 0 0 1 0 0 1 0 0 1 -0 0 1 0 0 1 0 0 1 -0 0 1 0 0 1 0 0 1 0 0 1 0 -0 1 0 0 1 0 0 1 -0 0 1 0 -0 1 0 0 1 0 0 1 -0 0 1 0 0 1 0 -0 1 0 0 1 0 0 1 0 0 1 0 0 1 0 0 1 0 0 1 0 0 1 0 0 1 0 0 1 0 0 1 0 0 1 0 0 1 0 0 1 0 0 1 0 0 1 0 0 1 0 0 1 0 0 1 0 0 1 0 0 1 0 0 1 0 0 1 0 0 1 0 0 1 0 0 1 0 0 1 0 0 1 0 0 1 0 0 1 0 0 1 0 0 1 0 0 1 0 0 1 0 0 1 0 0 1 0 0 1 0 0 1 0 -0 1 0 0 1 0 0 1 0 0 1 0 -0 1 0 0 1 0 -0 1 0 0 1 0 0 0.9971243 -0.06047537 -0.04567099 0.9970827 -0.0607821 -0.04616886 0 -0.7431826 -0.6690887 0 -0.7431827 -0.6690887 0 -0.2896206 0.9571415 0 -0.2896206 0.9571415 0 0.9153987 -0.4025485 0 0.9153987 -0.4025484 0 0.578274 0.8158426 -0 0.578274 0.8158426 0 0.6512933 -0.758826 0 0.6512933 -0.7588261 0 -0.9300308 -0.3674816 0 -0.9300308 -0.3674816 0 0.2496403 -0.9683386 0 0.2496403 -0.9683387 0.9971046 -0.05675461 -0.05060803 0.9971049 -0.05413536 -0.05339536 0.9971058 -0.05417767 -0.05333636 0.9971036 -0.05424191 -0.05331166 0.9971046 -0.05664103 -0.05073554 0.9971058 -0.05672384 -0.05061993 0.9971018 -0.05556191 -0.05197131 0.9971098 -0.05538938 -0.05200009 0 -0.6837366 0.7297289 0 -0.6837366 0.7297289 0 0.9505874 -0.3104569 0 0.9505875 -0.310457 0 0.7297396 0.6837251 -0 0.7297397 0.6837252 0 -0.6837364 0.7297291 0 -0.6837364 0.7297291 0 -0.7297482 -0.6837159 0 -0.7297482 -0.6837159 0 0.6837342 -0.7297311 0 0.6837342 -0.7297311 0 -0.9507148 0.3100665 0 -0.9507149 0.3100665 0 -0.7297397 -0.6837252 0 -0.7297396 -0.6837251 0 0.6837301 -0.7297351 0 0.68373 -0.7297351 -0 0.7296873 0.6837808 0 0.7296873 0.6837808 0.9971051 -0.05259616 -0.0549088 0.9971051 -0.05259618 -0.05490883 0 -0.7221419 0.691745 0 -0.7221419 0.691745 0 -0.6917354 -0.722151 0 -0.6917354 -0.722151 0 0.7221419 -0.691745 0 0.7221419 -0.691745 0 0.6917354 0.722151 -0 0.6917354 0.722151 0.9971289 -0.0484835 -0.05816664 0.9970897 -0.04931588 -0.0581385 0.9971275 -0.04960423 -0.0572371 0.9971051 -0.04843087 -0.05861777 0.9970938 -0.05019323 -0.05731159 0.9971181 -0.05080193 -0.05634376 0.997106 -0.04914926 -0.05800064 0.9971056 -0.05099449 -0.05639165 0.9971021 -0.0492122 -0.05801321 0.9971023 -0.0500032 -0.05732946 0.9971062 -0.04994022 -0.05731688 0.9971038 -0.04861019 -0.0584919 0.9971063 -0.0484663 -0.05856881 0.997105 -0.04854086 -0.05852655 0.9971053 -0.05073112 -0.05663306 0.9971053 -0.05073112 -0.05663306 0.9971195 -0.04906764 -0.05783697 0.9970878 -0.04892447 -0.05850099 0.9971141 -0.04994495 -0.05717447 0.9970853 -0.04992202 -0.05769514 0.9971064 -0.05083452 -0.05652276 0.9970911 -0.05085458 -0.0567721 0 -0.7565405 0.6539469 0 -0.7565405 0.6539469 0 -0.6540076 -0.7564881 0 -0.6540076 -0.7564881 0 -0.6539918 -0.7565017 0 -0.6539918 -0.7565017 0 -0.6540076 -0.756488 0 -0.6540076 -0.7564881 0 -0.7564845 0.6540116 0 -0.7564845 0.6540116 -0 0.6540151 0.7564815 0 0.6540151 0.7564815 0 0.6539911 0.7565023 -0 0.6539911 0.7565023 0 0.6540151 0.7564815 -0 0.6540151 0.7564815 0 -0.7564996 0.6539941 0 -0.7564996 0.6539941 0 -0.6540151 -0.7564815 0 -0.6540151 -0.7564815 0 -0.6540151 -0.7564815 0 -0.6540151 -0.7564815 0 -0.6539911 -0.7565023 0 -0.6539911 -0.7565023 0 -0.7565085 0.6539838 0 -0.7565085 0.6539838 -0 0.6539922 0.7565013 0 0.6539922 0.7565014 0 0.6539922 0.7565014 -0 0.6539922 0.7565014 0 0.6540146 0.7564819 -0 0.6540146 0.7564819 0 -0.7564871 0.6540086 0 -0.7564872 0.6540085 0 -0.6539791 -0.7565125 0 -0.6539792 -0.7565125 0 -0.654011 -0.756485 0 -0.654011 -0.756485 0 -0.6539975 -0.7564967 0 -0.6539976 -0.7564967 0 0.7564979 -0.6539962 0 0.7564979 -0.6539962 -0 0.6540101 0.7564859 0 0.6540101 0.7564859 0 0.6539922 0.7565012 -0 0.6539922 0.7565012 0 0.6540101 0.7564859 -0 0.6540101 0.7564859 0.9971052 -0.0440488 -0.06197543 0.9970856 -0.04458367 -0.06190819 0.9971062 -0.04487829 -0.06136044 0.9971091 -0.04508925 -0.06115939 0.9970796 -0.04468711 -0.06192997 0.9971054 -0.04568396 -0.06077619 0.9971049 -0.04564159 -0.06081695 0.9970849 -0.04584532 -0.06099122 0.9971064 -0.04608027 -0.06046003 0.9971021 -0.04647699 -0.06022602 0.9970878 -0.04580105 -0.06097772 0.9970851 -0.0469793 -0.06011841 0.9971049 -0.04719444 -0.05961871 0.9970803 -0.04697295 -0.06020433 0 -0.7998071 0.6002571 0 -0.7998071 0.6002572 -0 0.6002994 0.7997754 -6.084768e-05 0.6002096 0.7998428 -6.084597e-05 0.6002395 0.7998202 3.047365e-05 0.6002095 0.7998428 3.049245e-05 0.6002993 0.7997754 9.133042e-05 0.6002692 0.799798 9.133044e-05 0.6002693 0.7997981 -0 0.6001796 0.7998653 0 -0.7997994 0.6002674 0 -0.7997994 0.6002674 0 -0.6002623 -0.7998032 0 -0.6002623 -0.7998032 0 -0.6002623 -0.7998031 0 -0.6002623 -0.7998032 0 -0.6002342 -0.7998242 0 -0.6002343 -0.7998243 0 0.7998188 -0.6002415 0 0.7998189 -0.6002415 -0 0.6002103 0.7998422 0 0.6002103 0.7998422 9.131453e-05 0.6002104 0.7998422 0 0.6003005 0.7997745 9.132605e-05 0.6002405 0.7998196 9.130481e-05 0.6002405 0.7998196 -0 0.6003307 0.7997519 9.131175e-05 0.6002404 0.7998196 0 0.7998071 -0.6002571 0 0.7998071 -0.6002572 0 0.6002433 0.7998175 -0 0.6002433 0.7998174 0.9971079 -0.03988641 -0.06469134 0.9971161 -0.03993394 -0.06453441 0.9971725 -0.04033512 -0.06340298 0.997216 -0.03999923 -0.06292994 0.9971038 -0.0422755 -0.0632197 0.9970983 -0.03972248 -0.06493899 0.9971105 -0.0399587 -0.06460524 0.9971024 -0.03973236 -0.06487097 0 0.7355586 0.677461 -0 0.7355587 0.677461 0 -0.6637834 0.7479249 0 -0.6637834 0.7479249 0 -0.9761992 -0.2168758 0 -0.9761992 -0.2168758 0 0.5570341 0.8304896 -0 0.5570341 0.8304896 0 0.9113536 -0.4116245 0 0.9609529 -0.2767117 0 0.9113536 -0.4116245 0 0.9946069 -0.1037162 0 0.960953 -0.2767117 -0 0.9947929 0.1019172 0 0.9946069 -0.1037161 -0 0.9947929 0.1019172 0 0.4634081 0.886145 -0 0.4634081 0.8861451 0 -0.1899759 -0.9817888 0 -0.1899759 -0.9817888 0 0.7983618 0.6021782 -0 0.7983618 0.6021782 -0 0.9966945 0.08124091 -0 0.9694483 0.2452956 -0 0.9966945 0.08124091 -0 0.9246356 0.3808532 -0 0.9694483 0.2452956 -0 0.8724501 0.4887033 -0 0.9246355 0.3808532 -0 0.8724501 0.4887032 0 0.8365637 -0.5478697 0 0.8365637 -0.5478697 0 0.1428593 -0.9897431 0 0.1428593 -0.9897431 0 -0.7414262 -0.6710344 0 -0.7414262 -0.6710344 0 -0.9044929 0.4264889 0 -0.9044929 0.4264889 0 -0.9379095 0.3468798 0 -0.9379096 0.3468798 0 -0.9683257 0.2496902 0 -0.9683257 0.2496902 0 -0.9913098 0.1315482 0 -0.9913098 0.1315482 0 -0.4510049 -0.8925215 0 -0.4510049 -0.8925214 0 0.9465221 -0.322639 0 0.9465221 -0.322639 0.9974911 -0.05704067 -0.04192593 0.9967765 -0.06714349 -0.04391296 0.99723 -0.06094764 -0.04263397 0.9970697 -0.06313836 -0.04319098 0.9970698 -0.06313753 -0.04319081 0.9969869 -0.0643009 -0.04338694 0.9969526 -0.06476692 -0.04348266 0.9970094 -0.06396715 -0.04336471 0.9971175 -0.06247102 -0.04305889 0.9970252 -0.06376676 -0.04329454 0.996918 -0.06522704 -0.04358894 0.9970429 -0.06352002 -0.04325182 0.9970443 -0.06350046 -0.04324792 0.9970919 -0.06285597 -0.04309036 0.9969624 -0.06464188 -0.04344596 0.997013 -0.06396656 -0.04328177 0.995914 -0.07226121 -0.05416242 0.997002 -0.06411893 -0.04330979 0.9974145 -0.06068207 -0.03849704 0.9969404 -0.06469921 -0.04386099 0.9960977 -0.07009061 -0.05363441 0.9971498 -0.06305135 -0.0414341 0.9970553 -0.06378501 -0.04256995 0.9969901 -0.06427033 -0.04336017 0.9969986 -0.06420522 -0.04325972 0.9969139 -0.06482813 -0.04427077 0.9970483 -0.06380638 -0.04270032 0.9970437 -0.06384135 -0.04275673 0.9970179 -0.06404147 -0.04305766 0.9970229 -0.0640129 -0.04298334 0.9969733 -0.0643747 -0.04358929 0.9970017 -0.06416959 -0.0432422 0.9970231 -0.06401191 -0.04298171 0.9969939 -0.06422817 -0.04333371 0.9969752 -0.06441899 -0.04347916 0.99702 -0.06395041 -0.04314373 0.9970667 -0.06344718 -0.0428071 0.997023 -0.06391006 -0.04313483 0.9969592 -0.06458876 -0.04359552 0.9970309 -0.06383253 -0.04306623 0.9970326 -0.06380469 -0.04306815 0.9970317 -0.06381464 -0.04307511 0.9970521 -0.06359938 -0.0429204 0.9970292 -0.0638422 -0.04309332 0.9970426 -0.06370457 -0.0429877 0.9970323 -0.06381233 -0.04306566 0.9970263 -0.0638777 -0.0431075 0.9969833 -0.06432514 -0.04343565 0.9970366 -0.06377053 -0.04302737 0.9970613 -0.06350817 -0.04284171 0.9970112 -0.06402906 -0.04322824 0.997044 -0.0636858 -0.04298153 0.9970702 -0.06340762 -0.04278308 0.9970589 -0.06352463 -0.04287522 0.9970656 -0.0634528 -0.04282369 0.9970452 -0.06367151 -0.04297532 0.9970456 -0.06366674 -0.04297188 0.9970533 -0.06358407 -0.04291575 0.9970457 -0.06366387 -0.04297329 0.9970858 -0.06324005 -0.04267003 0.9970499 -0.06361888 -0.04294268 0.9970441 -0.06368455 -0.0429789 0.9970659 -0.06345469 -0.04281485 0.9970623 -0.06349137 -0.04284176 0.9970968 -0.06311916 -0.04259111 0.997075 -0.06335151 -0.04275576 0.9978107 -0.06047042 -0.02678207 0.9971616 -0.0621704 -0.04246894 0.9970051 -0.06243907 -0.04562968 0.9970762 -0.06333923 -0.04274665 0.9970796 -0.06330227 -0.04272125 0.9970693 -0.06341394 -0.04279679 0.9970974 -0.06310795 -0.04259414 0.997093 -0.06315449 -0.04262689 0.9971117 -0.06295319 -0.04248618 0.9970683 -0.06342479 -0.04280352 0.9970992 -0.06309434 -0.04257148 0.9970931 -0.06315926 -0.0426156 0.9971012 -0.06307205 -0.04255738 0.9970909 -0.06318244 -0.0426345 0.9970929 -0.06316013 -0.04262006 0.9971006 -0.06307872 -0.04256157 0.9971082 -0.0629942 -0.04250725 0.9971108 -0.06296684 -0.04248791 0.9971134 -0.06293749 -0.04246984 0.9971151 -0.06291916 -0.04245723 0.9967441 -0.06567575 -0.04677488 0.9971157 -0.06291293 -0.04245344 0.9973736 -0.06036098 -0.04003021 0.9969105 -0.06435136 -0.04503666 0.9970558 -0.0631567 -0.04348317 0.9974821 -0.05939059 -0.03875767 0.9971138 -0.06293355 -0.04246731 0.9971132 -0.06294076 -0.04247262 0.9972337 -0.06166241 -0.04150297 0.9972741 -0.06130714 -0.04105936 0.9971173 -0.06289439 -0.04244222 0.9971303 -0.06275516 -0.04234289 0.9972787 -0.06124253 -0.04104355 0.9971286 -0.06255836 -0.04267121 0.9971353 -0.06270032 -0.0423072 0.997139 -0.06266083 -0.04227936 0.9971201 -0.0628581 -0.04242888 0.9971271 -0.06278267 -0.04237677 0.9971403 -0.06264276 -0.0422733 0.9971533 -0.06250149 -0.04217731 0.9971466 -0.06257264 -0.04222884 0.9971319 -0.06273349 -0.04233803 0.9971278 -0.06277632 -0.04236887 0.9971597 -0.0624297 -0.0421351 0.9971538 -0.06249121 -0.04217891 0.9971514 -0.06251645 -0.04219807 0.9971558 -0.06247 -0.04216503 0.9971675 -0.06233823 -0.04208168 0.9971314 -0.062727 -0.04236025 0.9970956 -0.06329171 -0.04236192 0.9971527 -0.06249996 -0.04219251 0.9971509 -0.0625185 -0.04220757 0.9971466 -0.0625647 -0.04223996 0.9975919 -0.05639967 -0.04036904 0.997076 -0.06365495 -0.04227872 0.9971628 -0.06238753 -0.04211983 0.9972005 -0.06197278 -0.04183738 0.9971572 -0.0624484 -0.04216349 0.9972568 -0.06123484 -0.04158359 0.9972422 -0.06143729 -0.0416363 0.9972838 -0.06086785 -0.04147369 0.9971917 -0.06213886 -0.0418022 0.997124 -0.0630459 -0.04206019 0.9971794 -0.0622121 -0.0419873 0.9971522 -0.06250968 -0.04218898 0.9972048 -0.06192565 -0.04180394 0.9971327 -0.06272053 -0.04233697 0.9970917 -0.06346691 -0.04219132 0.9971642 -0.06250337 -0.04191567 0.9971791 -0.06221524 -0.04198897 0.9971736 -0.06227986 -0.04202573 0.9973015 -0.06066784 -0.04134056 0.9972479 -0.06140139 -0.04155164 0.9972929 -0.0607952 -0.04136059 0.9971861 -0.06213266 -0.0419454 0.9971995 -0.06197885 -0.04185609 0.997134 -0.06287736 -0.04207446 0.9971558 -0.06259041 -0.04198365 0.9972208 -0.06174526 -0.04169262 0.9971676 -0.06235202 -0.04206 0.9971932 -0.06205135 -0.04189628 0.9972151 -0.0618004 -0.0417482 0.9971752 -0.06226714 -0.04200619 0.9972488 -0.06142296 -0.04149912 0.997166 -0.0623701 -0.04206925 0.9971715 -0.06230916 -0.04203271 0.9972026 -0.0619479 -0.04182649 0.9972098 -0.06186434 -0.04177677 0.9972418 -0.06150148 -0.04154947 0.9971913 -0.06208007 -0.04190151 0.9971564 -0.06248403 -0.04212849 0.9972371 -0.06155602 -0.04158231 0.9971768 -0.06225423 -0.04198687 0.9970855 -0.06229913 -0.04403817 0.9971243 -0.06213168 -0.04339123 0.9970858 -0.06222197 -0.04414 0.9971078 -0.06218397 -0.04369475 0.9971086 -0.06225802 -0.04357239 0.9971051 -0.06226798 -0.04363544 0.9971 -0.06215433 -0.04391422 0.9971043 -0.06214074 -0.04383569 0.9971151 -0.06225825 -0.04341984 0.9971403 -0.06193379 -0.04330642 0.9971005 -0.06226157 -0.04375027 0.9970856 -0.06230455 -0.04402804 0.9970945 -0.06212085 -0.04408692 0.9971033 -0.06209455 -0.0439232 0.997091 -0.06230319 -0.04390771 0.9971164 -0.06225762 -0.04339197 0.9970855 -0.06212717 -0.04428189 0.9971189 -0.06199047 -0.04371382 0.9970937 -0.06234251 -0.04379005 0.9971131 -0.06233273 -0.04336057 0.9971046 -0.06244112 -0.04339959 0.997132 -0.06247002 -0.04272148 0.9971108 -0.06195258 -0.04395246 0.9971266 -0.06187326 -0.04370586 0.9970965 -0.06239454 -0.04365055 0.9970868 -0.06209377 -0.04429695 0.9971096 -0.06196132 -0.04396878 0.997095 -0.06244694 -0.04361016 0.9971211 -0.06246675 -0.04298352 0.9971283 -0.06177919 -0.04379945 0.997098 -0.06249 -0.0434814 0.9971079 -0.06251569 -0.04321645 0.9971024 -0.06193624 -0.04416669 0.997113 -0.06187978 -0.04400629 0.9971039 -0.06258131 -0.04321581 0.997115 -0.06263662 -0.04287602 0.9970833 -0.06204829 -0.04444022 0.9971051 -0.06191693 -0.04413285 0.9971043 -0.06258819 -0.04319372 0.9971054 -0.06259686 -0.04315599 0.9971115 -0.06271902 -0.0428366 0.9971054 -0.06187639 -0.04418413 0.9971065 -0.06186904 -0.04416972 0.9970974 -0.06260077 -0.04333427 0.9971084 -0.06268071 -0.04296541 0.9971237 -0.06172291 -0.04398402 0.9970902 -0.06197027 -0.04439442 0.9971057 -0.06271112 -0.04298203 0.9970999 -0.06264588 -0.04321121 0.9971325 -0.06159241 -0.04396851 0.9971056 -0.06277278 -0.04289541 0.9971113 -0.06287323 -0.04261252 0.9971213 -0.06168206 -0.04409516 0.99709 -0.06190305 -0.04449149 0.9971039 -0.06269311 -0.0430496 0.9971039 -0.06269199 -0.04305223 0.9971055 -0.06286785 -0.04275716 0.997094 -0.06186841 -0.04444963 0.997098 -0.06183905 -0.04440187 0.9971081 -0.06285387 -0.04271898 0.9971017 -0.06269207 -0.04310306 0.9971389 -0.0614347 -0.04404362 0.9971095 -0.06292963 -0.04257442 0.9971083 -0.06287894 -0.04267627 0.9971009 -0.06178418 -0.0444107 0.9970844 -0.06190721 -0.04461183 0.9971048 -0.06289575 -0.0427322 0.9971094 -0.06314829 -0.0422501 0.9971132 -0.06166065 -0.04431007 0.997117 -0.06162675 -0.04426995 0.9971049 -0.06287949 -0.04275534 0.9971075 -0.06307831 -0.04239903 0.9971049 -0.0628804 -0.04275387 0.997107 -0.06315896 -0.04229052 0.9970984 -0.0618228 -0.04441605 0.9971054 -0.06334055 -0.04205863 0.9971046 -0.0629222 -0.0427012 0.9970932 -0.06182717 -0.04452643 0.9971228 -0.06158665 -0.04419492 0.9971096 -0.06300863 -0.0424545 0.9971095 -0.06303453 -0.04241793 0.9971054 -0.06325814 -0.04218051 0.9971055 -0.06324391 -0.04219885 0.9971019 -0.06174782 -0.04444048 0.9970942 -0.06181721 -0.04451879 0.9971062 -0.06323513 -0.04219688 0.9971067 -0.06319702 -0.04224143 0.9971015 -0.06344755 -0.0419865 0.9971043 -0.06330945 -0.04212948 0.9971073 -0.06167363 -0.04442182 0.9971164 -0.06158636 -0.04433987 0.9971044 -0.06341756 -0.04196376 0.997111 -0.06313249 -0.0422387 0.9971061 -0.06336719 -0.0420012 0.9970986 -0.06365085 -0.04174673 0.9971034 -0.06160864 -0.04459984 0.9971692 -0.06092938 -0.04406093 0.9971131 -0.06323509 -0.04203255 0.9971035 -0.06357495 -0.04174622 0.9971038 -0.06356353 -0.04175922 0.9971026 -0.06360222 -0.04172875 0.9971013 -0.06368071 -0.0416376 0.997115 -0.06327336 -0.04193082 0.9972057 -0.06025824 -0.04415582 0.9971019 -0.06136306 -0.04497057 0.997099 -0.0637864 -0.04153198 0.9971143 -0.06337076 -0.04180035 0.9971026 -0.06371436 -0.04155689 0.9971053 -0.06364632 -0.04159532 0.9971142 -0.06347123 -0.04164788 0.9970963 -0.06388143 -0.04145081 0.9971047 -0.06132599 -0.044959 0.9971052 -0.06132067 -0.04495467 0.9971032 -0.06375389 -0.0414803 0.9971066 -0.06368338 -0.04150886 0.9971262 -0.06332716 -0.04158177 0.9970933 -0.06400032 -0.04134021 0.9971112 -0.06148291 -0.04459819 0.997106 -0.06154614 -0.04462846 0.9970209 -0.06237711 -0.04536873 0.9970999 -0.06387968 -0.04136522 0.9970887 -0.06410107 -0.04129291 0.9971279 -0.06341024 -0.04141297 0.9970922 -0.06409869 -0.04121266 0.9970994 -0.06181259 -0.04440678 0.997032 -0.06259544 -0.04482266 0.9971072 -0.06384168 -0.04124786 0.9970934 -0.06410154 -0.04117889 0.9971272 -0.06353367 -0.04124112 0.9971123 -0.06170586 -0.04426562 0.997116 -0.061659 -0.04424803 0.9970833 -0.06202465 -0.04447196 0.9971177 -0.06375588 -0.04112636 0.9970959 -0.06411577 -0.0410949 0.9971021 -0.06186618 -0.04427099 0.9970946 -0.06196035 -0.04430916 0.9971074 -0.06395093 -0.04107316 0.9971042 -0.0640037 -0.04106991 0.9971263 -0.06158279 -0.04412004 0.9970908 -0.06202622 -0.04430231 0.9970991 -0.06410697 -0.04103286 0.9970922 -0.06421291 -0.04103477 0.9971164 -0.06173521 -0.04413122 0.9971078 -0.06184496 -0.04417248 0.997124 -0.06375162 -0.0409839 0.9970962 -0.06415311 -0.04102979 0.9971179 -0.0617498 -0.04407856 0.9970911 -0.06209961 -0.04419254 0.9971035 -0.06197222 -0.04409064 0.9970946 -0.0620933 -0.04412064 0.9970847 -0.06436443 -0.0409806 0.9971275 -0.06377129 -0.04086564 0.997116 -0.06177931 -0.04408067 0.9971002 -0.06200683 -0.04411792 0.9971104 -0.06187028 -0.04407977 0.9971162 -0.06397393 -0.04082353 0.9971147 -0.0639973 -0.04082647 0.9970966 -0.06423488 -0.04089285 0.9970926 -0.06213798 -0.04410426 0.9971212 -0.06173562 -0.04402205 0.997086 -0.0622971 -0.0440286 0.9971167 -0.06184392 -0.04397298 0.9970996 -0.06423278 -0.04082362 0.9971014 -0.06420801 -0.04081835 0.9970922 -0.0622595 -0.04394193 0.9970835 -0.06239634 -0.04394679 0.9971187 -0.0618751 -0.04388461 0.9971011 -0.06216997 -0.04386629 0.9971172 -0.0619157 -0.04386077 0.9971136 -0.06404616 -0.04077256 0.9971011 -0.06420913 -0.04082256 0.997097 -0.06228067 -0.04380104 0.9971074 -0.06211322 -0.04380165 0.9971274 -0.06390803 -0.04065203 0.9970955 -0.06430963 -0.04080268 0.9970977 -0.06229335 -0.04376776 0.9971117 -0.06206214 -0.04377808 0.997066 -0.06291584 -0.04360103 0.9971141 -0.06411791 -0.04064984 0.9971029 -0.06425553 -0.04070623 0.9971181 -0.06203515 -0.0436704 0.9970981 -0.06247162 -0.04350303 0.9971355 -0.06170851 -0.04373789 0.9970962 -0.06436231 -0.04070251 0.9970999 -0.06431654 -0.04068262 0.9970951 -0.06252676 -0.0434934 0.9971148 -0.06216904 -0.04355684 0.9971293 -0.06184765 -0.04368118 0.9970899 -0.06271506 -0.04334198 0.9971195 -0.06207569 -0.0435813 0.9971013 -0.0642916 -0.04069022 0.9970989 -0.06254196 -0.04338753 0.997107 -0.06240265 -0.04339954 0.9971198 -0.06208344 -0.0435605 0.9971141 -0.06418229 -0.04054757 0.9970903 -0.0644223 -0.04075023 0.9971021 -0.0625072 -0.04335943 0.9970961 -0.06265845 -0.04328166 0.9971219 -0.0620911 -0.04350493 0.9971029 -0.06257183 -0.04325112 0.997103 -0.06431765 -0.04060778 0.9971046 -0.06430086 -0.04059351 0.9971109 -0.06239367 -0.04332363 0.9971087 -0.06244885 -0.04329351 0.9970925 -0.0629525 -0.0429371 0.9971097 -0.06423569 -0.0405708 0.9971111 -0.06422117 -0.04055835 0.9971073 -0.06256459 -0.0431572 0.9971059 -0.0626136 -0.04312119 0.9971046 -0.06264759 -0.04310109 0.9971049 -0.06263808 -0.04310836 0.9971026 -0.06432454 -0.04060391 0.9971024 -0.06432644 -0.04060538 0.9971139 -0.0623851 -0.04326402 0.9971044 -0.0643023 -0.04059624 0.9971057 -0.06267766 -0.04303256 0.9971024 -0.06284883 -0.04285589 0.9971011 -0.06289723 -0.04281511 0.9970995 -0.06301785 -0.04267834 0.9970974 -0.06433633 -0.04071414 0.9971164 -0.06417333 -0.04050342 0.9971061 -0.06273156 -0.04294352 0.9971047 -0.0628857 -0.04275063 0.9971055 -0.06298587 -0.04258489 0.997106 -0.06281464 -0.04282321 0.9971199 -0.06410638 -0.04052449 0.997097 -0.06433994 -0.04071771 0.9970972 -0.06433837 -0.04071565 0.9971066 -0.06291433 -0.04266594 0.9971058 -0.06275032 -0.04292244 0.9970924 -0.06439251 -0.04074664 0.9971102 -0.06422033 -0.04058342 0.9971038 -0.06298449 -0.04262591 0.9971056 -0.06313079 -0.04236533 0.9971059 -0.06304933 -0.04248183 0.9971181 -0.06410653 -0.04056773 0.9971042 -0.06423447 -0.04071088 0.9971052 -0.06309009 -0.04243417 0.9971049 -0.06301806 -0.04255017 0.9971073 -0.06317594 -0.04225948 0.997105 -0.06300347 -0.04256934 0.9971079 -0.06419364 -0.04067945 0.9970764 -0.06445567 -0.04103762 0.9971074 -0.06307941 -0.04239969 0.9971122 -0.06331269 -0.04193707 0.9970945 -0.06302845 -0.04277854 0.9971086 -0.06346739 -0.04179012 0.9971113 -0.06412102 -0.04071386 0.9970948 -0.0642756 -0.04087225 0.997121 -0.06404935 -0.04058854 0.9971054 -0.06321048 -0.04225311 0.9971023 -0.06314906 -0.04241591 0.9971196 -0.06403507 -0.04064494 0.9970925 -0.06424427 -0.04098044 0.9971057 -0.06327939 -0.04214335 0.997108 -0.06331573 -0.04203085 0.997108 -0.06410877 -0.0408142 0.9970769 -0.06434404 -0.04120174 0.9971026 -0.06330764 -0.04217416 0.9971114 -0.06340306 -0.04182091 0.9971024 -0.06412654 -0.04092109 0.9971036 -0.06411743 -0.0409052 0.9971038 -0.06333058 -0.04210977 0.9970921 -0.063249 -0.04250792 0.9971196 -0.0639849 -0.04072429 0.9970708 -0.06433944 -0.04135422 0.9971084 -0.06405786 -0.04088392 0.9971151 -0.0635208 -0.04155298 0.9971029 -0.0634689 -0.04192277 0.9971147 -0.06396887 -0.04086735 0.9971279 -0.06388067 -0.04068349 0.9971056 -0.06348979 -0.04182535 0.9971135 -0.06350317 -0.0416182 0.9970781 -0.06336355 -0.04266356 0.9971114 -0.06358974 -0.04153564 0.9971113 -0.0635897 -0.0415361 0.9971139 -0.06398901 -0.04085684 0.9971048 -0.0640064 -0.04105116 0.9970741 -0.06421545 -0.04146633 0.9971019 -0.06355661 -0.04181369 0.9970862 -0.0635623 -0.04217903 0.9971303 -0.06380643 -0.04074351 0.9971021 -0.0639794 -0.04115876 0.9971142 -0.06360833 -0.04143934 0.9971141 -0.0636085 -0.04144152 0.9971146 -0.06388918 -0.04099554 0.9970865 -0.06404484 -0.0414337 0.9970772 -0.06371699 -0.04215584 0.997117 -0.06360918 -0.04137025 0.9970918 -0.06398868 -0.0413934 0.9971036 -0.06393077 -0.04119851 0.9971138 -0.0636797 -0.04133997 0.9971057 -0.06370905 -0.04148961 0.9970829 -0.0637567 -0.04196132 0.9971109 -0.06387074 -0.04111377 0.9970878 -0.06396924 -0.04152116 0.9970962 -0.06378635 -0.04160019 0.9971063 -0.06375422 -0.04140783 0.9971139 -0.06382342 -0.04111566 0.9970812 -0.06393687 -0.04172644 0.9971164 -0.06376462 -0.04114611 0.9971167 -0.06376379 -0.04113953 0.9971194 -0.06375245 -0.04109087 0 -0.03765833 -0.9992906 0.00168297 0.03055663 -0.9995316 -0.0004626142 -0.006708777 -0.9999774 0.0008418444 -0.03027359 -0.9995413 0.001331901 0.07360826 -0.9972863 -0.001425393 0.01637962 -0.9998649 -0.001595376 0.06079242 -0.9981491 -0.001174705 0.1202955 -0.9927375 0.0007887612 0.1026757 -0.9947146 -0.001132322 0.1657322 -0.9861702 0.000780549 0.1430744 -0.9897116 -0.001030064 0.2110727 -0.9774699 0.0006628747 0.1813002 -0.9834276 -0.000126598 0.2575352 -0.966269 0.0001101401 0.21783 -0.9759867 -0.001622426 0.2515449 -0.9678443 -0.001605096 0.3046629 -0.9524589 0.0006372464 0.2831695 -0.9590697 -3.567143e-05 0.3510704 -0.936349 -7.539679e-05 0.3131227 -0.9497127 -0.003225741 0.3413516 -0.9399301 -0.00155212 0.3963516 -0.9180975 0.0009845196 0.3707964 -0.9287136 0.0003905663 0.4040481 -0.9147376 -0.0005003946 0.4400621 -0.8979672 -0.002402642 0.4354322 -0.9002183 0.001125311 0.4628266 -0.8864482 -0.001648511 0.4825087 -0.8758896 0.0009627447 0.490997 -0.8711608 -0.0006563982 0.5230425 -0.8523064 -0.001654905 0.521082 -0.853505 0.0013934 0.5475207 -0.836791 -0.002066916 0.562224 -0.8269824 0.001306473 0.57329 -0.8193515 -0.001154769 0.5950431 -0.8036929 0.0002669257 0.5989428 -0.8007917 -0.0003207834 0.6247141 -0.7808536 0.0003214743 0.6527138 -0.7576045 -0.0002579707 0.6248767 -0.7807234 0.0009722527 0.6798968 -0.7333072 -0.0008691676 0.6498308 -0.7600783 -0.001494953 0.6742477 -0.7385038 0.001613889 0.7059432 -0.7082666 -0.002131871 0.6977472 -0.7163409 -0.001039109 0.7312414 -0.682118 0.0008206466 0.7203448 -0.6936157 -0.0009046711 0.7542362 -0.6566024 0.0006781684 0.7418927 -0.6705183 0.0006278711 0.7624155 -0.6470876 -0.0006308562 0.7765906 -0.6300052 -0.0005030856 0.7958077 -0.6055493 0.0002803825 0.7809475 -0.6245966 0.002351766 0.8303718 -0.5572048 -0.0005329829 0.8127992 -0.5825436 0.0006330837 0.800824 -0.5988993 0.00090043 0.8470397 -0.5315289 -0.001024243 0.8226205 -0.56859 -0.0001347431 0.8640442 -0.5034158 0.0001024817 0.8448443 -0.5350123 -0.0006776894 0.8806901 -0.4736924 0.0008403616 0.8674552 -0.4975145 0.001145028 0.9133568 -0.4071584 -0.0004935522 0.8970972 -0.441833 0.001170754 0.8899578 -0.4560413 0.0002922959 0.9287528 -0.3706992 -0.0003121121 0.9102575 -0.4140425 8.743355e-06 0.9431038 -0.3324985 -2.935115e-05 0.9280179 -0.3725357 0.0002246934 0.9435799 -0.3311449 -0.0002496718 0.9567525 -0.2909031 0.0003870807 0.9580804 -0.2864991 -0.0004713997 0.968088 -0.2506102 0.00065458 0.970333 -0.2417714 -0.0005521369 0.978293 -0.2072258 -0.000657903 0.9860086 -0.1666929 0.00067139 0.9805734 -0.1961513 -0.0006022577 0.9923422 -0.123517 0.0008750496 0.9886017 -0.1505513 -0.0007553456 0.9966756 -0.08146811 0.000809381 0.9943607 -0.1060479 -0.0007121172 0.999177 -0.04055636 0.0006935485 0.9981982 -0.06000003 0.0006576556 0.999876 -0.01573033 -0.0006085415 0.9999998 2.572878e-05 0.0006924311 0.9970055 0.077328 -0.0005178184 0.9991899 0.04023916 0.000595051 0.9996181 0.02763148 0.000150253 0.9938954 0.1103271 -0.0002328831 0.9974968 0.07071148 -0.0003549179 0.9898793 0.1419117 0.0007644171 0.9931534 0.1168153 -2.940599e-05 0.9779716 0.2087379 -0.0001544011 0.9847909 0.1737436 0.0006753208 0.9863514 0.1646526 -0.0004831307 0.9697905 0.2439388 0.0004112648 0.9770623 0.2129529 -0.0004929783 0.9591932 0.282751 0.0007026204 0.9658095 0.2592516 -0.0005975377 0.9475217 0.3196909 0.0005879308 0.9538218 0.3003724 -0.0006546577 0.9329726 0.359947 0.0006686848 0.939761 0.3418315 -0.0005735101 0.9173247 0.3981396 0.0006200863 0.923221 0.3842689 -0.00062526 0.8983392 0.4393019 0.0007258749 0.9047704 0.4258991 0.0005370242 0.8837497 0.4679597 -0.0005667885 0.8786491 0.4774679 0.0004429736 0.8610456 0.5085276 -0.0004278737 0.8570867 0.5151719 0.0003592608 0.8361167 0.5485516 -0.0002391406 0.8334413 0.552608 0.0002140467 0.8104153 0.5858557 -3.581295e-05 0.8093174 0.5873715 -0.0001292128 0.7532266 0.6577611 0.0001794209 0.7820589 0.6232044 6.868377e-05 0.7815793 0.623806 -0.0003410668 0.7225733 0.6912943 0.0003375471 0.7508754 0.6604438 0.0002917186 0.7189857 0.6950248 -0.0001739585 0.6885523 0.7251867 -0.0002210765 0.6882926 0.7254332 0.0001106021 0.6575196 0.7534374 -0.0005641408 0.653002 0.757356 0.0004369289 0.6240685 0.7813696 -0.0007851958 0.6138027 0.7894591 0.0005300511 0.5905799 0.806979 -0.0008800054 0.575184 0.8180236 0.0006738111 0.5549787 0.8318642 -0.0007292125 0.5338868 0.8455556 0.0005234989 0.5208664 0.8536381 -0.0006670771 0.4931155 0.8699636 0.0002482852 0.485147 0.8744326 -0.0005021346 0.4492708 0.8933955 -6.877629e-05 0.4520666 0.8919842 -6.29553e-05 0.4138052 0.9103654 -0.0003514264 0.411614 0.9113582 0.0003250482 0.3783732 0.9256531 -0.000541079 0.3704641 0.9288467 0.00050917 0.3441215 0.938925 -0.0008809927 0.3282695 0.9445837 0.0004549143 0.3104755 0.9505813 -0.001242706 0.2768785 0.9609042 -0.0001191076 0.2832583 0.9590436 -6.96913e-06 0.2449303 0.9695407 -0.0008512961 0.2379537 0.9712762 0.0004684301 0.2139391 0.9768469 -0.001600272 0.1832204 0.9830706 -6.807655e-05 0.1912595 0.9815395 8.620812e-05 0.1561393 0.9877351 -0.002557508 0.1309634 0.9913839 -0 0.1428351 0.9897466 -0.05166638 -0.7514833 0.657726 -0.01779363 -0.7846424 0.6196932 -0.004711305 -0.8069108 0.5906546 0 -0.8219835 0.5695112 -0.103621 -0.7131498 0.6933109 -0.1687489 -0.6707423 0.7222386 -0.2431379 -0.6240999 0.742552 -0.3214384 -0.5743616 0.752852 -0.401858 -0.5210614 0.7529975 -0.4806491 -0.4655479 0.7431296 -0.5580907 -0.4067178 0.7232671 -0.6306906 -0.3465597 0.6943527 -0.6978191 -0.2853083 0.656999 -0.7557697 -0.2266731 0.6143545 0 0.8364763 -0.548003 -0.009221532 0.8575054 -0.5143922 -0.02839856 0.8780314 -0.4777596 -0.05858739 0.8974396 -0.4372296 -0.1002043 0.9141992 -0.3926818 -0.1532031 0.9263856 -0.3440034 -0.215254 0.9316883 -0.2926134 -0.2837272 0.9284716 -0.2396649 -0.3581262 0.9152521 -0.1845513 -0.4326313 0.8920454 -0.1307101 -0.5016369 0.861222 -0.08159079 -0.5609815 0.8268832 -0.03954729 -0.6141499 0.7891873 -0.001809499 -0.6623639 0.7484776 0.03248465 -0.7052587 0.7061405 0.06305294 -0.7448173 0.6609933 0.09129697 -0.7777352 0.6180236 0.114782 -0.8072942 0.5743204 0.1357651 -0.8316085 0.533916 0.152843 -0.9881323 0.01636889 0.1527304 -0.9874992 0.02048592 0.1562867 -0.9868597 0.02471328 0.1596787 -0.9861575 0.0294053 0.163183 -0.9853833 0.03462958 0.1667949 -0.9845569 0.04025487 0.170374 -0.9837173 0.04598616 0.1737397 -0.9828225 0.05208223 0.1770521 -0.9819479 0.0580057 0.1800378 -0.9810009 0.06436189 0.1830162 -0.9800187 0.07086108 0.1858546 -0.9788595 0.0784014 0.1889109 -0.977627 0.08624285 0.1918527 -0.9763152 0.09438661 0.1946783 -0.9749627 0.1025749 0.197297 -0.9735844 0.1107161 0.1996882 -0.9721442 0.1190182 0.2019169 -0.9703897 0.1288688 0.2042958 -0.9685931 0.1386831 0.2063842 -0.9666306 0.149098 0.2083148 -0.9646773 0.1591612 0.2099176 -0.9626421 0.1693444 0.211288 -0.9603658 0.1803746 0.2125146 -0.9578752 0.1920301 0.2135407 -0.9551903 0.2041456 0.2143271 -0.9521967 0.2171461 0.2148697 -0.9488571 0.2310658 0.2151249 -0.9451475 0.2458689 0.2150459 -0.9411529 0.2611101 0.2145989 -0.9363461 0.2785796 0.2136571 -0.9316755 0.2947466 0.2123801 -0.9261062 0.3131047 0.210458 -0.9201624 0.3317098 0.2080138 -0.9130284 0.3528416 0.2046508 -0.9049118 0.3754724 0.2003874 -0.8951833 0.4008656 0.1948168 -0.8833097 0.4296401 0.1875454 -0.8691916 0.4611559 0.1784409 -0.8524268 0.4953924 0.1671969 -0.02597898 0.7769848 -0.628983 -0.007286265 0.8006442 -0.5990959 0 0.8183873 -0.574667 -0.06754247 0.7459836 -0.6625304 -0.1264667 0.7120026 -0.6906942 -0.20075 0.6737231 -0.7111937 -0.2863151 0.6304766 -0.7214727 -0.3776504 0.5824396 -0.7198223 -0.4737894 0.5279946 -0.7048016 -0.5635413 0.4727003 -0.6774775 -0.6359683 0.4237444 -0.6449689 -0.6949661 0.3801861 -0.6103119 -0.7495461 0.3359848 -0.5703462 -0.7898049 0.3002519 -0.534843 -0.8225187 0.2686134 -0.5013082 0 -0.8407585 0.5414103 -0.01179887 -0.8630706 0.5049454 -0.03679372 -0.8841619 0.4657295 -0.07569837 -0.9025018 0.4239815 -0.1224231 -0.9152087 0.3839343 -0.1784988 -0.9225281 0.3421698 -0.2422337 -0.9229423 0.2991663 -0.3154975 -0.9146165 0.25286 -0.3932253 -0.8961601 0.2055988 -0.4712978 -0.867511 0.1590695 -0.5462081 -0.8297519 0.1147535 -0.613987 -0.7857805 0.07462534 -0.6740463 -0.737675 0.03869295 -0.7263899 -0.6872474 0.00698268 -0.7706917 -0.6368869 -0.02023127 -0.8089378 -0.5862384 -0.04409292 -0.8421581 -0.5352926 -0.06504999 -0.9964589 -0.00716957 -0.08377511 -0.9958732 -0.004584412 -0.09063999 -0.9951276 -0.001476506 -0.09858441 -0.9944004 0.001395929 -0.1056684 -0.9934837 0.004836669 -0.1138718 -0.992627 0.007902599 -0.120952 -0.9916373 0.01129812 -0.1285601 -0.990433 0.01524321 -0.1371497 -0.989451 0.01833598 -0.143703 -0.9879876 0.02276437 -0.1528472 -0.9860156 0.02845194 -0.1642065 -0.9831185 0.03633898 -0.1793249 -0.9793624 0.04589404 -0.1968326 -0.9747657 0.05676258 -0.215893 -0.9689509 0.06948637 -0.2372883 -0.9617879 0.08397637 -0.2605993 -0.9533644 0.09971486 -0.2848743 -0.9430966 0.1174158 -0.3110987 -0.9304186 0.137559 -0.3397039 -0.9152164 0.1597857 -0.3699291 -0.8970951 0.1841588 -0.4016291 -0.8750575 0.2113787 -0.4354232 -0.8508087 0.2389403 -0.4680087 -0.9901911 -0.04356856 -0.1327532 -0.9893914 -0.05477619 -0.1345517 -0.9884317 -0.06668782 -0.1362186 -0.9872181 -0.08004903 -0.1378136 -0.9858239 -0.09372577 -0.1391646 -0.9839424 -0.1101879 -0.1404135 -0.9814855 -0.1292327 -0.1413693 -0.9786435 -0.1487904 -0.1418389 -0.9752789 -0.1694959 -0.1417822 -0.9714715 -0.1905811 -0.1411447 -0.9668946 -0.213474 -0.1397991 -0.9614099 -0.2382165 -0.1376368 -0.9550841 -0.2639711 -0.1346609 -0.947488 -0.2918804 -0.1306608 -0.9372264 -0.3256247 -0.1248011 -0.9250834 -0.3611419 -0.1174615 -0.9109005 -0.3980712 -0.1086261 -0.8924569 -0.440585 -0.09698246 -0.8700334 -0.4860036 -0.08271857 0.0004527534 0.09634212 0.9953482 0 0.09290628 0.9956748 0.001004175 0.05647907 0.9984032 -0.0005359365 0.04628986 0.998928 0.0006913927 0.01212561 0.9999263 -0.001171165 0.001242872 0.9999986 0.0002753729 -0.03491697 0.9993902 -0.0006666302 -0.04090675 0.9991627 -7.156932e-05 -0.07883619 0.9968876 -0.000256392 -0.08012357 0.9967849 7.029085e-06 -0.118131 0.9929981 -0.0002850324 -0.1203755 0.9927284 0.0002319432 -0.1524679 0.9883084 -0.0004754267 -0.1585357 0.9873531 0.0003203576 -0.185015 0.9827357 -0.0007153988 -0.195043 0.9807944 0.0004840287 -0.2159162 0.9764118 -0.00167549 -0.2440612 0.9697584 0.0002795232 -0.2349423 0.9720092 -0.0002194342 -0.2747059 0.9615282 -0.0004410412 -0.275829 0.9612066 0.0004024231 -0.3085892 0.9511954 -0.001323166 -0.3179924 0.9480924 0.00078637 -0.3412992 0.9399545 -0.002633406 -0.370067 0.9290013 0.0004344241 -0.3609344 0.932591 -0.000413521 -0.400575 0.9162639 -0.001091829 -0.4027553 0.915307 0.0006566874 -0.4322004 0.9017773 -0.002490152 -0.4440768 0.8959853 0.0004833434 -0.4612488 0.8872707 -0.003598683 -0.4896978 0.8718848 -0.001090872 -0.4853394 0.8743252 -0.001336379 -0.5188802 0.854846 -0.003555162 -0.5237406 0.8518704 -0.002512027 -0.5558358 0.8312882 0.0003242207 -0.5477528 0.8366402 -0.000983074 -0.5830327 0.8124481 0.0009295295 -0.5752897 0.8179492 0.0008602519 -0.5986019 0.8010461 0.002064099 -0.609834 0.7925265 -0.003065809 -0.6207641 0.7839915 -0.002045128 -0.6423542 0.7664052 0.0006777857 -0.6356842 0.771949 -0.000645311 -0.6623953 0.7491543 -0.001296674 -0.6643136 0.7474529 -0.0004829377 -0.6852487 0.728309 -0.001462371 -0.6891372 0.7246295 -0.001441343 -0.7124261 0.7017456 -0.0002919332 -0.7060028 0.7082089 -0.0003357361 -0.7258137 0.6878912 0.0007691605 -0.7341384 0.6789995 -0.003285557 -0.744403 0.6677226 0.001185791 -0.7563788 0.6541328 -0.002580813 -0.7655951 0.6433175 -0.0005741239 -0.7993201 0.6009052 0.001821512 -0.7793983 0.6265261 -0.001947721 -0.7883946 0.6151668 -0.0003792444 -0.81624 0.577713 0.000674258 -0.8105804 0.585627 0.0004924379 -0.8304979 0.5570216 -0.0003259891 -0.8339728 0.5518056 0.0001238465 -0.8497643 0.5271628 -0.0002350033 -0.8510814 0.5250338 -5.927473e-05 -0.8679926 0.4965772 -0.0004256985 -0.8692283 0.4944106 -0.0002842282 -0.8856163 0.4644175 -0.0005473683 -0.8864772 0.4627719 -0.0002328464 -0.9006929 0.4344561 -0.0008360743 -0.9027012 0.4302672 -0.0003052963 -0.9157284 0.4017978 -0.0008559378 -0.9176117 0.3974771 -0.001070941 -0.9314881 0.3637703 -0.0001581037 -0.928226 0.3720167 -0.0009483399 -0.9428217 0.3332962 -0.0002305989 -0.9400787 0.3409571 -0.0007859383 -0.9539451 0.2999803 8.487538e-05 -0.9502941 0.3113537 0.0001854935 -0.9590878 0.2831089 -0.0005842305 -0.9628071 0.270189 -0.0004700632 -0.9709215 0.2393981 0.00059799 -0.9674897 0.2529098 0.0005887196 -0.9765854 0.2151291 -0.0001314892 -0.9779369 0.2089002 -0.0005853195 -0.9891987 0.146579 0.0006613068 -0.9839644 0.1783635 -5.698798e-05 -0.9848085 0.1736444 -0.0005376409 -0.9932963 0.1155949 0.0005762665 -0.9915896 0.1294205 0.0001126935 -0.9964852 0.08376973 0.0002193866 -0.9964103 0.08465505 -0.0007262969 -0.9998897 0.01483447 0.001096983 -0.9988142 0.04867156 -0.0006183203 -0.9992844 0.03781873 -0.0003383148 -0.9997846 -0.02075298 0.0005385284 -0.9999394 -0.01099934 0.0001597549 -0.9982586 -0.05898927 -0.0004606438 -0.9956293 -0.0933926 0.0002945011 -0.998322 -0.05790708 -0.0004928988 -0.991474 -0.1303034 0.0007253005 -0.9941583 -0.1079285 -0.0003988725 -0.9855048 -0.1696474 0.0007455696 -0.9878405 -0.1554686 0.0001438132 -0.9783145 -0.2071249 0.0004399254 -0.9788767 -0.2044512 -0.0002973156 -0.9596614 -0.2811579 0.0009270187 -0.969748 -0.2441064 -5.792146e-05 -0.9679608 -0.2511012 -0.0002132633 -0.9483062 -0.3173567 0.0009560854 -0.9545363 -0.2980933 0.0009332283 -0.9394972 -0.3425551 4.04338e-05 -0.9238238 -0.3828181 -6.678409e-05 -0.9358523 -0.3523923 -0.0003288849 -0.910507 -0.4134936 0.0005940775 -0.9216748 -0.3879628 -0.0003615536 -0.8966013 -0.4428386 0.0006773021 -0.9035253 -0.4285343 2.171208e-05 -0.8819085 -0.4714204 0.0005159053 -0.884218 -0.4670741 -0.000193219 -0.8626183 -0.5058553 -0.0001741695 -0.8626832 -0.5057446 -0.0002738925 -0.8139635 -0.580916 -0.0002454369 -0.8385534 -0.5448194 -4.00114e-05 -0.8393331 -0.5436175 -0.0007134054 -0.7907587 -0.6121277 -0.0002535713 -0.8138748 -0.5810401 -0.001043779 -0.7655516 -0.6433737 0.0002412175 -0.7856933 -0.618616 -0.0009800232 -0.7411843 -0.6713009 0.000359064 -0.75441 -0.6564035 -0.0004014349 -0.7151116 -0.6990101 0.0004215567 -0.7213261 -0.6925955 0.0001840944 -0.6896363 -0.7241558 0.0003817003 -0.6882964 -0.7254295 -0.0004980184 -0.6616746 -0.749791 0.0003680347 -0.6552224 -0.7554359 -0.0004160714 -0.6260259 -0.7798021 0.0003471462 -0.620303 -0.7843623 -0.0004726267 -0.5887083 -0.8083454 0.000313529 -0.5830191 -0.8124585 -0.0002917484 -0.5473682 -0.8368919 0.0002328637 -0.5435845 -0.8393543 -0.0001585239 -0.5083864 -0.861129 0.0002506375 -0.5052418 -0.8629778 -0.0002820269 -0.4696664 -0.882844 0.0002660054 -0.4652016 -0.8852047 -0.000375196 -0.4305064 -0.9025874 0.0003020028 -0.4246632 -0.9053513 -0.0004201072 -0.3925359 -0.9197366 0.0004259268 -0.384805 -0.9229978 -0.0004597756 -0.3512278 -0.93629 0.0002740862 -0.3450145 -0.9385973 -0.0003395714 -0.3070762 -0.9516848 -0.0001640275 -0.3058448 -0.9520813 0.0002734198 -0.2603495 -0.9655144 -0.0008329233 -0.2669773 -0.9637024 -0.0008193288 -0.2159772 -0.9763981 0.0004817932 -0.229977 -0.9731959 -0.00097164 -0.1711338 -0.9852474 0.0005362699 -0.1936925 -0.9810622 -0.0005291662 -0.123198 -0.992382 0.0003306617 -0.1585062 -0.9873579 -0.0007091779 -0.1242923 -0.9922454 -0.001036654 -0.07572526 -0.9971282 0.0003748988 -0.09463722 -0.9955118 0 -0.06647353 -0.9977882 1 -0 0 1 -0 0 1 0 0 1 0 0 1 0 0 1 -0 0 1 -0 0 1 0 0 1 0 0 1 -0 0 1 -0 0 1 0 0 1 -0 0 1 0 0 1 -0 0 1 -0 0 1 0 0 1 0 0 1 -0 0 1 -0 0 1 0 0 1 0 0 1 -0 0 1 -0 0 1 0 0 1 0 0 1 -0 0 1 -0 0 1 0 0 1 0 0 1 -0 0 1 -0 0 1 0 0 1 0 0 1 -0 0 1 0 0 1 0 0 1 0 0 1 -0 0 1 -0 0 1 0 0 1 0 0 1 -0 0 1 -0 0 1 0 0 1 0 0 1 0 0 1 -0 0 1 0 0 1 0 0 1 -0 0</float_array>
          <technique_common>
            <accessor count="6303" source="#cubenormals-array1-array" stride="3">
              <param type="float" name="X"/>
              <param type="float" name="Y"/>
              <param type="float" name="Z"/>
            </accessor>
          </technique_common>
        </source>
        <vertices id="cubeverts-array1-vertices">
          <input semantic="POSITION" source="#cubeverts-array1"/>
        </vertices>
        <triangles count="6303" material="ref_Part__Feature109">
          <input offset="0" semantic="VERTEX" source="#cubeverts-array1-vertices"/>
          <input offset="1" semantic="NORMAL" source="#cubenormals-array1"/>
          <p>0 0 1 0 2 0 3 1 1 1 4 1 2 2 1 2 5 2 5 3 1 3 3 3 6 4 7 4 8 4 9 5 7 5 10 5 10 6 7 6 6 6 0 7 11 7 1 7 1 8 11 8 4 8 4 9 12 9 13 9 11 10 12 10 4 10 0 11 12 11 11 11 12 12 14 12 13 12 15 13 14 13 0 13 13 14 14 14 16 14 0 15 14 15 12 15 14 16 17 16 16 16 15 17 17 17 14 17 17 18 18 18 16 18 15 19 18 19 17 19 16 20 18 20 19 20 15 21 20 21 18 21 18 22 20 22 19 22 21 23 20 23 15 23 19 24 20 24 22 24 8 25 23 25 24 25 7 26 23 26 8 26 24 27 23 27 25 27 25 28 23 28 26 28 21 29 27 29 20 29 20 30 27 30 22 30 23 31 28 31 26 31 7 32 28 32 23 32 9 33 28 33 7 33 21 34 29 34 27 34 30 35 29 35 21 35 27 36 29 36 22 36 22 37 29 37 31 37 28 38 32 38 26 38 9 39 32 39 28 39 33 40 32 40 9 40 26 41 32 41 34 41 31 42 35 42 36 42 30 43 35 43 29 43 29 44 35 44 31 44 32 45 37 45 34 45 38 46 37 46 33 46 33 47 37 47 32 47 35 48 39 48 36 48 30 49 39 49 35 49 37 50 40 50 34 50 38 51 40 51 37 51 41 52 42 52 30 52 30 53 42 53 39 53 39 54 42 54 36 54 36 55 42 55 43 55 38 56 44 56 40 56 40 57 44 57 34 57 3 58 44 58 38 58 34 59 44 59 45 59 41 60 46 60 42 60 42 61 46 61 43 61 43 62 46 62 47 62 44 63 48 63 45 63 4 64 48 64 3 64 3 65 48 65 44 65 46 66 49 66 47 66 41 67 49 67 46 67 48 68 50 68 45 68 4 69 50 69 48 69 41 70 51 70 49 70 47 71 51 71 52 71 49 72 51 72 47 72 4 73 53 73 50 73 50 74 53 74 45 74 13 75 53 75 4 75 45 76 53 76 54 76 55 77 56 77 41 77 51 78 56 78 52 78 41 79 56 79 51 79 52 80 56 80 57 80 13 81 58 81 53 81 53 82 58 82 54 82 16 83 58 83 13 83 55 84 59 84 56 84 56 85 59 85 57 85 16 86 60 86 58 86 58 87 60 87 54 87 57 88 61 88 62 88 55 89 61 89 59 89 59 90 61 90 57 90 16 91 63 91 60 91 19 92 63 92 16 92 60 93 63 93 54 93 64 94 65 94 55 94 55 95 65 95 61 95 61 96 65 96 62 96 62 97 65 97 66 97 63 98 67 98 54 98 22 99 67 99 19 99 54 100 67 100 68 100 19 101 67 101 63 101 65 102 69 102 66 102 64 103 69 103 65 103 22 104 70 104 67 104 67 105 70 105 68 105 71 106 72 106 73 106 73 107 72 107 64 107 74 108 72 108 75 108 64 109 72 109 69 109 75 110 72 110 71 110 70 111 76 111 68 111 22 112 76 112 70 112 31 113 76 113 22 113 76 114 77 114 68 114 36 115 77 115 31 115 31 116 77 116 76 116 68 117 77 117 78 117 36 118 79 118 77 118 77 119 79 119 78 119 79 120 80 120 78 120 43 121 80 121 36 121 36 122 80 122 79 122 80 123 81 123 78 123 43 124 81 124 80 124 47 125 81 125 43 125 78 126 81 126 82 126 47 127 83 127 81 127 81 128 83 128 82 128 74 129 84 129 72 129 72 130 84 130 69 130 69 131 84 131 66 131 83 132 85 132 82 132 52 133 85 133 47 133 47 134 85 134 83 134 85 135 86 135 82 135 52 136 86 136 85 136 57 137 86 137 52 137 82 138 86 138 87 138 57 139 88 139 86 139 86 140 88 140 87 140 62 141 89 141 57 141 57 142 89 142 88 142 88 143 89 143 87 143 87 144 89 144 90 144 89 145 91 145 90 145 62 146 91 146 89 146 66 147 91 147 62 147 91 148 92 148 90 148 66 149 92 149 91 149 84 150 93 150 66 150 66 151 93 151 92 151 74 152 94 152 84 152 84 153 94 153 93 153 93 154 94 154 95 154 96 155 97 155 98 155 99 156 97 156 96 156 100 157 97 157 74 157 98 158 97 158 101 158 101 159 97 159 100 159 74 160 97 160 94 160 90 161 102 161 103 161 103 162 102 162 104 162 104 163 102 163 105 163 92 164 102 164 90 164 105 165 102 165 95 165 95 166 102 166 93 166 93 167 102 167 92 167 106 168 107 168 99 168 108 169 107 169 106 169 97 170 107 170 94 170 99 171 107 171 97 171 109 172 107 172 108 172 95 173 107 173 110 173 110 174 107 174 109 174 94 175 107 175 95 175 111 176 112 176 113 176 113 177 112 177 114 177 114 178 112 178 115 178 112 179 116 179 115 179 115 180 116 180 98 180 112 181 117 181 116 181 111 182 117 182 112 182 117 183 118 183 116 183 117 184 119 184 118 184 108 185 120 185 121 185 121 186 122 186 123 186 123 187 122 187 124 187 124 188 122 188 125 188 120 189 122 189 121 189 122 190 126 190 125 190 120 191 126 191 122 191 127 192 126 192 120 192 127 193 128 193 126 193 129 194 130 194 131 194 132 195 130 195 129 195 132 196 133 196 130 196 134 197 135 197 132 197 132 198 135 198 133 198 134 199 136 199 135 199 137 200 138 200 134 200 134 201 138 201 136 201 137 202 139 202 138 202 140 203 141 203 137 203 137 204 141 204 139 204 140 205 142 205 141 205 143 206 144 206 145 206 146 207 144 207 143 207 144 208 147 208 145 208 145 209 148 209 149 209 147 210 148 210 145 210 148 211 150 211 149 211 149 212 151 212 152 212 150 213 151 213 149 213 151 214 153 214 152 214 152 215 154 215 155 215 153 216 154 216 152 216 154 217 156 217 155 217 157 218 158 218 159 218 159 219 158 219 160 219 157 220 161 220 158 220 162 221 163 221 157 221 157 222 163 222 161 222 162 223 164 223 163 223 165 224 166 224 162 224 162 225 166 225 164 225 165 226 167 226 166 226 165 227 168 227 167 227 169 228 168 228 165 228 169 229 170 229 168 229 171 230 172 230 173 230 173 231 172 231 174 231 172 232 175 232 174 232 175 233 176 233 174 233 174 234 176 234 177 234 176 235 178 235 177 235 178 236 179 236 177 236 177 237 179 237 180 237 179 238 181 238 180 238 181 239 182 239 180 239 180 240 182 240 183 240 182 241 184 241 183 241 185 242 186 242 187 242 187 243 186 243 188 243 185 244 189 244 186 244 190 245 191 245 185 245 185 246 191 246 189 246 190 247 192 247 191 247 193 248 194 248 190 248 190 249 194 249 192 249 193 250 195 250 194 250 196 251 197 251 193 251 193 252 197 252 195 252 196 253 198 253 197 253 199 254 200 254 201 254 202 255 200 255 199 255 200 256 203 256 201 256 201 257 204 257 205 257 203 258 204 258 201 258 204 259 206 259 205 259 206 260 207 260 205 260 205 261 207 261 208 261 207 262 209 262 208 262 209 263 210 263 208 263 208 264 210 264 211 264 210 265 212 265 211 265 213 266 214 266 215 266 215 267 214 267 216 267 213 268 217 268 214 268 218 269 219 269 213 269 213 270 219 270 217 270 218 271 220 271 219 271 218 272 221 272 220 272 222 273 221 273 218 273 222 274 223 274 221 274 224 275 225 275 222 275 222 276 225 276 223 276 224 277 226 277 225 277 227 278 228 278 229 278 229 279 228 279 230 279 228 280 231 280 230 280 231 281 232 281 230 281 230 282 232 282 233 282 232 283 234 283 233 283 234 284 235 284 233 284 233 285 235 285 236 285 235 286 237 286 236 286 237 287 238 287 236 287 236 288 238 288 239 288 238 289 240 289 239 289 241 290 242 290 243 290 244 291 242 291 241 291 244 292 245 292 242 292 246 293 247 293 244 293 244 294 247 294 245 294 246 295 248 295 247 295 249 296 250 296 246 296 246 297 250 297 248 297 249 298 251 298 250 298 252 299 253 299 249 299 249 300 253 300 251 300 252 301 254 301 253 301 255 302 256 302 257 302 258 303 256 303 255 303 256 304 259 304 257 304 257 305 260 305 261 305 259 306 260 306 257 306 260 307 262 307 261 307 262 308 263 308 261 308 261 309 263 309 264 309 263 310 265 310 264 310 264 311 266 311 267 311 265 312 266 312 264 312 266 313 268 313 267 313 269 314 270 314 271 314 272 315 270 315 269 315 272 316 273 316 270 316 272 317 274 317 273 317 275 318 274 318 272 318 275 319 276 319 274 319 277 320 278 320 275 320 275 321 278 321 276 321 277 322 279 322 278 322 280 323 281 323 277 323 277 324 281 324 279 324 280 325 282 325 281 325 283 326 284 326 285 326 285 327 284 327 286 327 284 328 287 328 286 328 287 329 288 329 286 329 286 330 288 330 289 330 288 331 290 331 289 331 290 332 291 332 289 332 289 333 291 333 292 333 291 334 293 334 292 334 293 335 294 335 292 335 292 336 294 336 24 336 294 337 8 337 24 337 115 338 295 338 114 338 114 339 295 339 296 339 296 340 295 340 71 340 71 341 295 341 75 341 75 342 100 342 74 342 98 343 101 343 115 343 115 344 101 344 295 344 295 345 101 345 75 345 75 346 101 346 100 346 110 347 105 347 95 347 121 348 109 348 108 348 110 349 109 349 105 349 104 350 297 350 298 350 298 351 297 351 123 351 123 352 297 352 121 352 105 353 297 353 104 353 121 354 297 354 109 354 109 355 297 355 105 355 118 356 299 356 116 356 98 357 299 357 96 357 96 358 299 358 99 358 119 359 299 359 118 359 116 360 299 360 98 360 300 361 301 361 302 361 302 362 301 362 111 362 111 363 301 363 117 363 117 364 301 364 119 364 108 365 303 365 120 365 127 366 303 366 128 366 99 367 303 367 106 367 106 368 303 368 108 368 299 369 303 369 99 369 120 370 303 370 127 370 119 371 304 371 299 371 299 372 304 372 303 372 303 373 304 373 128 373 301 374 305 374 119 374 119 375 305 375 304 375 131 376 306 376 129 376 129 377 306 377 307 377 307 378 306 378 300 378 306 379 308 379 300 379 300 380 308 380 301 380 131 381 308 381 306 381 305 382 308 382 309 382 301 383 308 383 305 383 309 384 310 384 305 384 304 385 310 385 128 385 305 386 310 386 304 386 308 387 311 387 309 387 131 388 311 388 308 388 126 389 312 389 125 389 128 390 312 390 126 390 125 391 312 391 313 391 313 392 312 392 314 392 310 393 312 393 128 393 131 394 315 394 311 394 133 395 315 395 130 395 130 396 315 396 131 396 315 397 316 397 311 397 311 398 316 398 309 398 317 399 316 399 315 399 316 400 318 400 309 400 312 401 319 401 314 401 310 402 319 402 312 402 146 403 319 403 318 403 318 404 319 404 309 404 309 405 319 405 310 405 135 406 320 406 133 406 133 407 320 407 315 407 315 408 320 408 317 408 136 409 320 409 135 409 138 410 321 410 136 410 139 411 321 411 138 411 320 412 321 412 317 412 136 413 321 413 320 413 322 414 323 414 324 414 324 415 323 415 140 415 140 416 323 416 142 416 142 417 325 417 141 417 321 418 325 418 317 418 141 419 325 419 139 419 139 420 325 420 321 420 146 421 326 421 144 421 316 422 326 422 318 422 144 423 326 423 147 423 317 424 326 424 316 424 318 425 326 425 146 425 314 426 327 426 328 426 328 427 327 427 143 427 146 428 327 428 319 428 319 429 327 429 314 429 143 430 327 430 146 430 326 431 329 431 147 431 317 432 329 432 326 432 147 433 329 433 148 433 148 434 329 434 150 434 317 435 330 435 329 435 329 436 330 436 150 436 151 437 330 437 153 437 150 438 330 438 151 438 322 439 331 439 323 439 323 440 331 440 142 440 332 441 333 441 331 441 331 442 333 442 142 442 142 443 333 443 325 443 332 444 334 444 333 444 325 445 334 445 317 445 333 446 334 446 325 446 317 447 335 447 330 447 330 448 335 448 153 448 153 449 335 449 154 449 154 450 335 450 156 450 334 451 335 451 317 451 159 452 336 452 337 452 337 453 336 453 322 453 160 454 336 454 159 454 322 455 336 455 331 455 335 456 338 456 156 456 334 457 338 457 335 457 332 458 338 458 334 458 331 459 339 459 332 459 160 460 339 460 336 460 336 461 339 461 331 461 332 462 340 462 338 462 338 463 340 463 156 463 341 464 342 464 340 464 340 465 342 465 156 465 155 466 342 466 343 466 343 467 342 467 341 467 156 468 342 468 155 468 332 469 344 469 340 469 339 470 344 470 332 470 160 471 345 471 339 471 339 472 345 472 344 472 344 473 345 473 171 473 160 474 346 474 345 474 347 475 346 475 164 475 161 476 346 476 158 476 163 477 346 477 161 477 164 478 346 478 163 478 158 479 346 479 160 479 173 480 348 480 171 480 340 481 348 481 341 481 344 482 348 482 340 482 341 483 348 483 349 483 349 484 348 484 173 484 171 485 348 485 344 485 171 486 350 486 172 486 347 487 350 487 346 487 346 488 350 488 345 488 175 489 350 489 176 489 345 490 350 490 171 490 172 491 350 491 175 491 178 492 350 492 347 492 176 493 350 493 178 493 166 494 351 494 164 494 164 495 351 495 347 495 168 496 351 496 167 496 167 497 351 497 166 497 170 498 351 498 168 498 169 499 352 499 170 499 353 500 352 500 354 500 354 501 352 501 169 501 181 502 355 502 182 502 182 503 355 503 184 503 351 504 355 504 347 504 347 505 355 505 178 505 179 506 355 506 181 506 178 507 355 507 179 507 355 508 356 508 184 508 170 509 356 509 351 509 351 510 356 510 355 510 170 511 357 511 356 511 352 512 357 512 170 512 187 513 358 513 359 513 359 514 358 514 353 514 188 515 358 515 187 515 353 516 360 516 352 516 352 517 360 517 357 517 357 518 360 518 361 518 358 519 360 519 353 519 188 520 360 520 358 520 357 521 362 521 356 521 356 522 362 522 184 522 361 523 362 523 357 523 188 524 363 524 360 524 360 525 363 525 361 525 184 526 364 526 183 526 183 527 364 527 365 527 365 528 364 528 366 528 362 529 364 529 184 529 186 530 367 530 188 530 189 531 367 531 186 531 188 532 367 532 363 532 363 533 368 533 361 533 367 534 368 534 363 534 369 535 368 535 367 535 368 536 370 536 361 536 364 537 371 537 366 537 361 538 371 538 362 538 202 539 371 539 370 539 362 540 371 540 364 540 370 541 371 541 361 541 189 542 372 542 367 542 191 543 372 543 189 543 192 544 372 544 191 544 367 545 372 545 369 545 194 546 373 546 192 546 195 547 373 547 194 547 192 548 373 548 372 548 372 549 373 549 369 549 374 550 375 550 376 550 376 551 375 551 196 551 196 552 375 552 198 552 373 553 377 553 369 553 195 554 377 554 373 554 198 555 377 555 197 555 197 556 377 556 195 556 202 557 378 557 200 557 200 558 378 558 203 558 370 559 378 559 202 559 369 560 378 560 368 560 368 561 378 561 370 561 371 562 379 562 366 562 366 563 379 563 380 563 380 564 379 564 199 564 199 565 379 565 202 565 202 566 379 566 371 566 378 567 381 567 203 567 369 568 381 568 378 568 203 569 381 569 204 569 204 570 381 570 206 570 369 571 382 571 381 571 381 572 382 572 206 572 206 573 382 573 207 573 207 574 382 574 209 574 375 575 383 575 198 575 374 576 383 576 375 576 198 577 384 577 377 577 383 578 384 578 198 578 385 579 384 579 383 579 377 580 386 580 369 580 385 581 386 581 384 581 384 582 386 582 377 582 210 583 387 583 212 583 382 584 387 584 209 584 386 585 387 585 369 585 209 586 387 586 210 586 369 587 387 587 382 587 215 588 388 588 389 588 389 589 388 589 374 589 216 590 388 590 215 590 374 591 388 591 383 591 385 592 390 592 386 592 387 593 390 593 212 593 386 594 390 594 387 594 388 595 391 595 383 595 216 596 391 596 388 596 383 597 391 597 385 597 390 598 392 598 212 598 385 599 392 599 390 599 393 600 394 600 392 600 211 601 394 601 395 601 395 602 394 602 393 602 392 603 394 603 212 603 212 604 394 604 211 604 391 605 396 605 385 605 385 606 396 606 392 606 216 607 397 607 391 607 391 608 397 608 396 608 396 609 397 609 227 609 216 610 398 610 397 610 214 611 398 611 216 611 217 612 398 612 214 612 220 613 398 613 219 613 219 614 398 614 217 614 399 615 398 615 220 615 229 616 400 616 227 616 392 617 400 617 393 617 393 618 400 618 401 618 227 619 400 619 396 619 401 620 400 620 229 620 396 621 400 621 392 621 399 622 402 622 398 622 227 623 402 623 228 623 397 624 402 624 227 624 231 625 402 625 232 625 234 626 402 626 399 626 232 627 402 627 234 627 398 628 402 628 397 628 228 629 402 629 231 629 221 630 403 630 220 630 223 631 403 631 221 631 226 632 403 632 225 632 220 633 403 633 399 633 225 634 403 634 223 634 224 635 404 635 226 635 405 636 404 636 406 636 406 637 404 637 224 637 235 638 407 638 237 638 399 639 407 639 234 639 238 640 407 640 240 640 234 641 407 641 235 641 237 642 407 642 238 642 403 643 407 643 399 643 226 644 408 644 403 644 407 645 408 645 240 645 403 646 408 646 407 646 404 647 409 647 226 647 226 648 409 648 408 648 243 649 410 649 241 649 241 650 410 650 411 650 411 651 410 651 405 651 405 652 412 652 404 652 410 653 412 653 405 653 243 654 412 654 410 654 409 655 412 655 413 655 404 656 412 656 409 656 413 657 414 657 409 657 408 658 414 658 240 658 409 659 414 659 408 659 243 660 415 660 412 660 412 661 415 661 413 661 240 662 416 662 239 662 414 663 416 663 240 663 239 664 416 664 417 664 417 665 416 665 418 665 242 666 419 666 243 666 243 667 419 667 415 667 245 668 419 668 242 668 415 669 420 669 413 669 421 670 420 670 419 670 419 671 420 671 415 671 420 672 422 672 413 672 258 673 423 673 422 673 413 674 423 674 414 674 416 675 423 675 418 675 414 676 423 676 416 676 422 677 423 677 413 677 419 678 424 678 421 678 247 679 424 679 245 679 248 680 424 680 247 680 245 681 424 681 419 681 248 682 425 682 424 682 424 683 425 683 421 683 250 684 425 684 248 684 251 685 425 685 250 685 252 686 426 686 254 686 427 687 426 687 428 687 428 688 426 688 252 688 253 689 429 689 251 689 425 690 429 690 421 690 254 691 429 691 253 691 251 692 429 692 425 692 258 693 430 693 256 693 422 694 430 694 258 694 420 695 430 695 422 695 256 696 430 696 259 696 421 697 430 697 420 697 258 698 431 698 423 698 423 699 431 699 418 699 418 700 431 700 432 700 432 701 431 701 255 701 255 702 431 702 258 702 260 703 433 703 262 703 430 704 433 704 259 704 421 705 433 705 430 705 259 706 433 706 260 706 263 707 434 707 265 707 421 708 434 708 433 708 262 709 434 709 263 709 433 710 434 710 262 710 427 711 435 711 426 711 426 712 435 712 254 712 254 713 436 713 429 713 437 714 436 714 435 714 435 715 436 715 254 715 437 716 438 716 436 716 436 717 438 717 429 717 429 718 438 718 421 718 265 719 439 719 266 719 266 720 439 720 268 720 434 721 439 721 265 721 421 722 439 722 434 722 438 723 439 723 421 723 271 724 440 724 269 724 427 725 440 725 435 725 269 726 440 726 441 726 441 727 440 727 427 727 439 728 442 728 268 728 438 729 442 729 439 729 437 730 442 730 438 730 271 731 443 731 440 731 440 732 443 732 435 732 435 733 443 733 437 733 442 734 444 734 268 734 437 735 444 735 442 735 268 736 445 736 267 736 444 737 445 737 268 737 446 738 445 738 444 738 267 739 445 739 447 739 447 740 445 740 446 740 443 741 448 741 437 741 437 742 448 742 444 742 271 743 449 743 443 743 448 744 449 744 283 744 443 745 449 745 448 745 274 746 450 746 273 746 276 747 450 747 274 747 451 748 450 748 276 748 271 749 450 749 449 749 273 750 450 750 270 750 270 751 450 751 271 751 448 752 452 752 444 752 285 753 452 753 283 753 283 754 452 754 448 754 444 755 452 755 446 755 446 756 452 756 453 756 453 757 452 757 285 757 290 758 454 758 451 758 287 759 454 759 288 759 449 760 454 760 283 760 450 761 454 761 449 761 283 762 454 762 284 762 284 763 454 763 287 763 288 764 454 764 290 764 451 765 454 765 450 765 276 766 455 766 451 766 278 767 455 767 276 767 279 768 455 768 278 768 282 769 455 769 281 769 281 770 455 770 279 770 456 771 457 771 458 771 458 772 457 772 280 772 280 773 457 773 282 773 451 774 459 774 290 774 291 775 459 775 293 775 290 776 459 776 291 776 293 777 459 777 294 777 455 778 459 778 451 778 294 779 459 779 8 779 282 780 6 780 455 780 455 781 6 781 459 781 459 782 6 782 8 782 457 783 10 783 282 783 282 784 10 784 6 784 456 785 460 785 457 785 457 786 460 786 10 786 10 787 460 787 9 787 2 788 461 788 456 788 456 789 461 789 460 789 9 790 461 790 33 790 460 791 461 791 9 791 33 792 462 792 38 792 2 793 462 793 461 793 461 794 462 794 33 794 2 795 463 795 462 795 462 796 463 796 38 796 38 797 5 797 3 797 463 798 5 798 38 798 2 799 5 799 463 799 464 800 465 800 466 800 466 801 467 801 468 801 465 802 467 802 466 802 468 803 469 803 470 803 467 804 469 804 468 804 470 805 471 805 472 805 469 806 471 806 470 806 472 807 473 807 474 807 471 808 473 808 472 808 474 809 475 809 476 809 473 810 475 810 474 810 476 811 477 811 478 811 475 812 477 812 476 812 478 813 479 813 480 813 477 814 479 814 478 814 480 815 481 815 482 815 479 816 481 816 480 816 482 817 483 817 484 817 481 818 483 818 482 818 484 819 485 819 486 819 483 820 485 820 484 820 486 821 487 821 488 821 485 822 487 822 486 822 488 823 489 823 490 823 487 824 489 824 488 824 489 825 491 825 490 825 490 826 491 826 492 826 491 827 493 827 492 827 492 828 493 828 494 828 493 829 495 829 494 829 494 830 495 830 496 830 495 831 497 831 496 831 496 832 497 832 498 832 497 833 499 833 498 833 498 834 499 834 500 834 499 835 501 835 500 835 500 836 501 836 502 836 501 837 503 837 502 837 502 838 503 838 504 838 503 839 505 839 504 839 504 840 505 840 506 840 505 841 507 841 506 841 506 842 507 842 508 842 508 843 509 843 510 843 507 844 509 844 508 844 510 845 465 845 464 845 509 846 465 846 510 846 511 847 512 847 513 847 514 848 515 848 511 848 516 849 517 849 514 849 518 850 519 850 516 850 520 851 521 851 518 851 522 852 523 852 520 852 524 853 525 853 526 853 527 854 524 854 528 854 529 855 527 855 530 855 531 856 529 856 532 856 533 857 531 857 534 857 535 858 533 858 536 858 537 859 538 859 539 859 540 860 538 860 537 860 541 861 535 861 540 861 542 862 537 862 539 862 542 863 539 863 543 863 544 864 545 864 541 864 544 865 541 865 540 865 544 866 540 866 537 866 544 867 542 867 545 867 544 868 537 868 542 868 546 869 543 869 513 869 546 870 545 870 542 870 546 871 513 871 512 871 546 872 542 872 543 872 547 873 512 873 545 873 547 874 546 874 512 874 547 875 545 875 546 875 548 876 512 876 511 876 548 877 511 877 515 877 549 878 515 878 512 878 549 879 548 879 515 879 549 880 512 880 548 880 550 881 515 881 514 881 550 882 514 882 517 882 551 883 517 883 515 883 551 884 515 884 550 884 551 885 550 885 517 885 552 886 517 886 516 886 552 887 516 887 519 887 553 888 519 888 517 888 553 889 552 889 519 889 553 890 517 890 552 890 554 891 519 891 518 891 554 892 518 892 521 892 555 893 521 893 519 893 555 894 554 894 521 894 555 895 519 895 554 895 556 896 521 896 520 896 556 897 520 897 523 897 557 898 523 898 521 898 557 899 521 899 556 899 557 900 556 900 523 900 558 901 523 901 522 901 559 902 560 902 523 902 559 903 523 903 558 903 561 904 522 904 562 904 561 905 558 905 522 905 561 906 560 906 559 906 561 907 559 907 558 907 563 908 561 908 562 908 564 909 565 909 560 909 564 910 561 910 563 910 564 911 560 911 561 911 566 912 563 912 562 912 566 913 562 913 567 913 566 914 565 914 564 914 566 915 564 915 563 915 568 916 566 916 567 916 569 917 566 917 568 917 569 918 570 918 565 918 569 919 565 919 566 919 571 920 568 920 567 920 571 921 569 921 568 921 571 922 567 922 572 922 571 923 570 923 569 923 573 924 571 924 572 924 574 925 575 925 570 925 574 926 570 926 571 926 574 927 571 927 573 927 576 928 572 928 577 928 576 929 575 929 574 929 576 930 573 930 572 930 576 931 574 931 573 931 578 932 576 932 577 932 579 933 576 933 578 933 579 934 575 934 576 934 579 935 580 935 575 935 581 936 578 936 577 936 581 937 579 937 578 937 581 938 580 938 579 938 581 939 577 939 582 939 583 940 581 940 582 940 584 941 580 941 581 941 584 942 581 942 583 942 584 943 585 943 580 943 586 944 583 944 582 944 586 945 584 945 583 945 586 946 585 946 584 946 586 947 582 947 587 947 588 948 586 948 587 948 589 949 590 949 585 949 589 950 585 950 586 950 589 951 586 951 588 951 591 952 590 952 589 952 591 953 588 953 587 953 591 954 589 954 588 954 591 955 587 955 592 955 593 956 591 956 592 956 594 957 595 957 590 957 594 958 591 958 593 958 594 959 590 959 591 959 596 960 595 960 594 960 596 961 593 961 592 961 596 962 594 962 593 962 596 963 592 963 597 963 598 964 596 964 597 964 599 965 600 965 595 965 599 966 595 966 596 966 599 967 596 967 598 967 601 968 600 968 599 968 601 969 598 969 597 969 601 970 599 970 598 970 601 971 597 971 602 971 603 972 601 972 602 972 604 973 605 973 600 973 604 974 600 974 601 974 604 975 601 975 603 975 606 976 605 976 604 976 606 977 603 977 602 977 606 978 602 978 607 978 606 979 604 979 603 979 608 980 606 980 607 980 609 981 610 981 605 981 609 982 605 982 606 982 609 983 606 983 608 983 611 984 607 984 612 984 611 985 610 985 609 985 611 986 608 986 607 986 611 987 609 987 608 987 613 988 611 988 612 988 614 989 615 989 610 989 614 990 610 990 611 990 614 991 611 991 613 991 616 992 612 992 617 992 616 993 615 993 614 993 616 994 613 994 612 994 616 995 614 995 613 995 618 996 616 996 617 996 619 997 620 997 615 997 619 998 615 998 616 998 619 999 616 999 618 999 621 1000 617 1000 622 1000 621 1001 620 1001 619 1001 621 1002 618 1002 617 1002 621 1003 619 1003 618 1003 623 1004 621 1004 622 1004 624 1005 525 1005 620 1005 624 1006 620 1006 621 1006 624 1007 621 1007 623 1007 625 1008 622 1008 526 1008 625 1009 526 1009 525 1009 625 1010 525 1010 624 1010 625 1011 623 1011 622 1011 625 1012 624 1012 623 1012 626 1013 526 1013 528 1013 626 1014 524 1014 526 1014 626 1015 528 1015 524 1015 627 1016 528 1016 530 1016 627 1017 530 1017 527 1017 627 1018 527 1018 528 1018 628 1019 530 1019 532 1019 629 1020 532 1020 529 1020 629 1021 529 1021 530 1021 629 1022 530 1022 628 1022 629 1023 628 1023 532 1023 630 1024 532 1024 534 1024 631 1025 532 1025 630 1025 631 1026 630 1026 534 1026 631 1027 531 1027 532 1027 631 1028 534 1028 531 1028 632 1029 534 1029 536 1029 633 1030 534 1030 632 1030 633 1031 632 1031 536 1031 633 1032 533 1032 534 1032 633 1033 536 1033 533 1033 634 1034 536 1034 538 1034 635 1035 536 1035 634 1035 635 1036 634 1036 538 1036 635 1037 535 1037 536 1037 635 1038 540 1038 535 1038 635 1039 538 1039 540 1039 636 1040 637 1040 638 1040 639 1041 636 1041 638 1041 640 1042 638 1042 641 1042 640 1043 641 1043 642 1043 640 1044 639 1044 638 1044 643 1045 640 1045 642 1045 644 1046 642 1046 645 1046 644 1047 645 1047 646 1047 644 1048 643 1048 642 1048 647 1049 644 1049 646 1049 648 1050 646 1050 649 1050 648 1051 647 1051 646 1051 650 1052 649 1052 651 1052 650 1053 651 1053 652 1053 650 1054 648 1054 649 1054 653 1055 650 1055 652 1055 654 1056 652 1056 655 1056 654 1057 655 1057 656 1057 654 1058 653 1058 652 1058 657 1059 656 1059 658 1059 657 1060 654 1060 656 1060 659 1061 657 1061 658 1061 660 1062 658 1062 661 1062 660 1063 659 1063 658 1063 662 1064 661 1064 663 1064 662 1065 660 1065 661 1065 664 1066 663 1066 665 1066 664 1067 662 1067 663 1067 666 1068 665 1068 667 1068 666 1069 667 1069 637 1069 666 1070 664 1070 665 1070 636 1071 666 1071 637 1071 650 1072 653 1072 668 1072 650 1073 668 1073 669 1073 648 1074 669 1074 670 1074 648 1075 650 1075 669 1075 647 1076 670 1076 671 1076 647 1077 648 1077 670 1077 644 1078 647 1078 671 1078 672 1079 644 1079 671 1079 643 1080 644 1080 672 1080 673 1081 643 1081 672 1081 640 1082 643 1082 673 1082 674 1083 640 1083 673 1083 639 1084 640 1084 674 1084 675 1085 639 1085 674 1085 636 1086 639 1086 675 1086 676 1087 636 1087 675 1087 666 1088 636 1088 676 1088 677 1089 666 1089 676 1089 664 1090 666 1090 677 1090 678 1091 664 1091 677 1091 662 1092 664 1092 678 1092 679 1093 662 1093 678 1093 660 1094 662 1094 679 1094 680 1095 660 1095 679 1095 659 1096 660 1096 680 1096 681 1097 659 1097 680 1097 657 1098 659 1098 681 1098 682 1099 657 1099 681 1099 654 1100 657 1100 682 1100 668 1101 654 1101 682 1101 653 1102 654 1102 668 1102 683 1103 684 1103 685 1103 686 1104 687 1104 688 1104 689 1105 686 1105 688 1105 690 1106 688 1106 684 1106 690 1107 689 1107 688 1107 691 1108 688 1108 687 1108 691 1109 687 1109 692 1109 691 1110 692 1110 693 1110 694 1111 690 1111 684 1111 695 1112 691 1112 693 1112 696 1113 691 1113 695 1113 697 1114 698 1114 694 1114 699 1115 694 1115 684 1115 699 1116 683 1116 700 1116 699 1117 684 1117 683 1117 701 1118 698 1118 697 1118 702 1119 698 1119 701 1119 703 1120 697 1120 704 1120 703 1121 701 1121 697 1121 705 1122 691 1122 696 1122 705 1123 696 1123 702 1123 705 1124 702 1124 703 1124 706 1125 705 1125 703 1125 707 1126 705 1126 706 1126 708 1127 707 1127 706 1127 708 1128 706 1128 700 1128 709 1129 708 1129 700 1129 709 1130 700 1130 710 1130 711 1131 709 1131 710 1131 712 1132 711 1132 710 1132 712 1133 710 1133 713 1133 714 1134 712 1134 713 1134 714 1135 713 1135 715 1135 716 1136 714 1136 715 1136 717 1137 716 1137 715 1137 717 1138 715 1138 718 1138 719 1139 717 1139 718 1139 720 1140 718 1140 721 1140 720 1141 719 1141 718 1141 722 1142 721 1142 723 1142 722 1143 720 1143 721 1143 724 1144 722 1144 723 1144 725 1145 723 1145 726 1145 725 1146 724 1146 723 1146 727 1147 725 1147 726 1147 728 1148 726 1148 729 1148 728 1149 727 1149 726 1149 730 1150 729 1150 731 1150 730 1151 728 1151 729 1151 732 1152 730 1152 731 1152 733 1153 731 1153 734 1153 733 1154 732 1154 731 1154 735 1155 733 1155 734 1155 736 1156 734 1156 737 1156 736 1157 735 1157 734 1157 738 1158 736 1158 737 1158 739 1159 737 1159 740 1159 739 1160 738 1160 737 1160 741 1161 740 1161 742 1161 741 1162 739 1162 740 1162 743 1163 741 1163 742 1163 744 1164 743 1164 742 1164 744 1165 742 1165 745 1165 746 1166 744 1166 745 1166 747 1167 746 1167 745 1167 747 1168 745 1168 748 1168 749 1169 747 1169 748 1169 749 1170 748 1170 750 1170 751 1171 749 1171 750 1171 752 1172 751 1172 750 1172 752 1173 750 1173 753 1173 754 1174 752 1174 753 1174 755 1175 754 1175 753 1175 755 1176 753 1176 756 1176 757 1177 755 1177 756 1177 757 1178 756 1178 758 1178 759 1179 757 1179 758 1179 760 1180 759 1180 758 1180 760 1181 758 1181 761 1181 762 1182 760 1182 761 1182 763 1183 762 1183 761 1183 763 1184 761 1184 764 1184 765 1185 763 1185 764 1185 765 1186 764 1186 766 1186 767 1187 765 1187 766 1187 768 1188 767 1188 766 1188 768 1189 766 1189 769 1189 770 1190 768 1190 769 1190 771 1191 770 1191 769 1191 771 1192 769 1192 772 1192 773 1193 771 1193 772 1193 773 1194 772 1194 774 1194 775 1195 773 1195 774 1195 776 1196 775 1196 774 1196 776 1197 774 1197 777 1197 778 1198 776 1198 777 1198 779 1199 778 1199 777 1199 779 1200 777 1200 780 1200 781 1201 779 1201 780 1201 781 1202 780 1202 782 1202 684 1203 782 1203 685 1203 783 1204 784 1204 684 1204 785 1205 783 1205 684 1205 688 1206 785 1206 684 1206 688 1207 786 1207 787 1207 688 1208 787 1208 785 1208 788 1209 789 1209 790 1209 788 1210 790 1210 791 1210 792 1211 793 1211 786 1211 792 1212 786 1212 688 1212 794 1213 792 1213 688 1213 795 1214 788 1214 791 1214 795 1215 791 1215 796 1215 797 1216 796 1216 793 1216 797 1217 795 1217 796 1217 798 1218 799 1218 800 1218 801 1219 802 1219 803 1219 804 1220 798 1220 800 1220 804 1221 800 1221 805 1221 806 1222 802 1222 801 1222 806 1223 807 1223 808 1223 806 1224 808 1224 809 1224 806 1225 809 1225 802 1225 806 1226 810 1226 807 1226 811 1227 806 1227 801 1227 812 1228 804 1228 805 1228 812 1229 805 1229 813 1229 814 1230 806 1230 811 1230 815 1231 812 1231 813 1231 816 1232 815 1232 813 1232 816 1233 817 1233 815 1233 818 1234 794 1234 688 1234 691 1235 806 1235 814 1235 691 1236 817 1236 816 1236 691 1237 818 1237 688 1237 691 1238 814 1238 817 1238 691 1239 816 1239 818 1239 693 1240 819 1240 695 1240 689 1241 820 1241 686 1241 684 1242 781 1242 782 1242 784 1243 821 1243 684 1243 822 1244 821 1244 823 1244 823 1245 821 1245 824 1245 824 1246 821 1246 825 1246 825 1247 821 1247 826 1247 783 1248 801 1248 803 1248 783 1249 803 1249 827 1249 783 1250 827 1250 828 1250 783 1251 828 1251 829 1251 783 1252 829 1252 830 1252 783 1253 830 1253 784 1253 792 1254 816 1254 793 1254 793 1255 816 1255 797 1255 797 1256 816 1256 813 1256 822 1257 807 1257 781 1257 781 1258 807 1258 810 1258 781 1259 810 1259 831 1259 781 1260 831 1260 779 1260 822 1261 781 1261 821 1261 821 1262 781 1262 684 1262 832 1263 691 1263 705 1263 833 1264 832 1264 705 1264 833 1265 705 1265 707 1265 834 1266 833 1266 707 1266 834 1267 707 1267 708 1267 835 1268 834 1268 708 1268 835 1269 708 1269 709 1269 836 1270 835 1270 709 1270 836 1271 709 1271 711 1271 837 1272 836 1272 711 1272 837 1273 711 1273 712 1273 838 1274 837 1274 712 1274 838 1275 712 1275 714 1275 839 1276 838 1276 714 1276 839 1277 714 1277 716 1277 840 1278 839 1278 716 1278 841 1279 840 1279 716 1279 841 1280 716 1280 717 1280 841 1281 717 1281 719 1281 842 1282 841 1282 719 1282 843 1283 842 1283 719 1283 843 1284 719 1284 720 1284 843 1285 720 1285 722 1285 844 1286 843 1286 722 1286 845 1287 844 1287 722 1287 845 1288 722 1288 724 1288 845 1289 724 1289 725 1289 846 1290 845 1290 725 1290 846 1291 725 1291 727 1291 847 1292 846 1292 727 1292 848 1293 727 1293 728 1293 848 1294 728 1294 730 1294 848 1295 847 1295 727 1295 849 1296 730 1296 732 1296 849 1297 848 1297 730 1297 850 1298 849 1298 732 1298 851 1299 732 1299 733 1299 851 1300 850 1300 732 1300 852 1301 733 1301 735 1301 852 1302 735 1302 736 1302 852 1303 851 1303 733 1303 853 1304 736 1304 738 1304 853 1305 852 1305 736 1305 854 1306 738 1306 739 1306 854 1307 853 1307 738 1307 855 1308 854 1308 739 1308 856 1309 739 1309 741 1309 856 1310 741 1310 743 1310 856 1311 855 1311 739 1311 857 1312 856 1312 743 1312 857 1313 743 1313 744 1313 858 1314 857 1314 744 1314 858 1315 744 1315 746 1315 859 1316 858 1316 746 1316 860 1317 859 1317 746 1317 860 1318 746 1318 747 1318 860 1319 747 1319 749 1319 861 1320 860 1320 749 1320 861 1321 749 1321 751 1321 862 1322 861 1322 751 1322 863 1323 862 1323 751 1323 863 1324 751 1324 752 1324 863 1325 752 1325 754 1325 864 1326 863 1326 754 1326 865 1327 864 1327 754 1327 865 1328 754 1328 755 1328 866 1329 865 1329 755 1329 866 1330 755 1330 757 1330 866 1331 757 1331 759 1331 867 1332 866 1332 759 1332 867 1333 759 1333 760 1333 868 1334 867 1334 760 1334 869 1335 868 1335 760 1335 869 1336 760 1336 762 1336 869 1337 762 1337 763 1337 870 1338 869 1338 763 1338 870 1339 763 1339 765 1339 871 1340 870 1340 765 1340 871 1341 765 1341 767 1341 872 1342 871 1342 767 1342 872 1343 767 1343 768 1343 873 1344 872 1344 768 1344 874 1345 873 1345 768 1345 874 1346 768 1346 770 1346 874 1347 770 1347 771 1347 875 1348 874 1348 771 1348 875 1349 771 1349 773 1349 876 1350 875 1350 773 1350 876 1351 773 1351 775 1351 877 1352 876 1352 775 1352 878 1353 877 1353 775 1353 878 1354 775 1354 776 1354 879 1355 778 1355 779 1355 879 1356 878 1356 776 1356 879 1357 776 1357 778 1357 880 1358 879 1358 779 1358 881 1359 779 1359 831 1359 881 1360 880 1360 779 1360 882 1361 831 1361 810 1361 882 1362 881 1362 831 1362 883 1363 810 1363 806 1363 883 1364 882 1364 810 1364 832 1365 806 1365 691 1365 832 1366 883 1366 806 1366 700 1367 884 1367 710 1367 683 1368 885 1368 700 1368 685 1369 886 1369 683 1369 782 1370 887 1370 685 1370 888 1371 889 1371 737 1371 890 1372 888 1372 734 1372 891 1373 890 1373 731 1373 892 1374 891 1374 729 1374 893 1375 892 1375 726 1375 894 1376 893 1376 723 1376 895 1377 894 1377 721 1377 896 1378 895 1378 718 1378 897 1379 715 1379 713 1379 898 1380 715 1380 897 1380 899 1381 897 1381 713 1381 899 1382 713 1382 710 1382 899 1383 710 1383 884 1383 900 1384 884 1384 901 1384 900 1385 901 1385 898 1385 900 1386 898 1386 897 1386 900 1387 897 1387 899 1387 900 1388 899 1388 884 1388 902 1389 884 1389 700 1389 902 1390 700 1390 885 1390 903 1391 885 1391 884 1391 903 1392 884 1392 902 1392 903 1393 902 1393 885 1393 904 1394 885 1394 683 1394 904 1395 683 1395 886 1395 905 1396 885 1396 904 1396 905 1397 904 1397 886 1397 905 1398 886 1398 885 1398 906 1399 886 1399 685 1399 906 1400 685 1400 887 1400 907 1401 906 1401 887 1401 907 1402 887 1402 886 1402 907 1403 886 1403 906 1403 908 1404 887 1404 782 1404 909 1405 910 1405 887 1405 909 1406 887 1406 908 1406 911 1407 782 1407 780 1407 911 1408 909 1408 908 1408 911 1409 910 1409 909 1409 911 1410 908 1410 782 1410 912 1411 911 1411 780 1411 913 1412 914 1412 910 1412 913 1413 911 1413 912 1413 913 1414 910 1414 911 1414 915 1415 913 1415 912 1415 915 1416 914 1416 913 1416 915 1417 780 1417 777 1417 915 1418 912 1418 780 1418 916 1419 915 1419 777 1419 917 1420 915 1420 916 1420 917 1421 918 1421 914 1421 917 1422 914 1422 915 1422 919 1423 916 1423 777 1423 919 1424 777 1424 774 1424 919 1425 918 1425 917 1425 919 1426 917 1426 916 1426 920 1427 919 1427 774 1427 921 1428 922 1428 918 1428 921 1429 919 1429 920 1429 921 1430 918 1430 919 1430 923 1431 920 1431 774 1431 923 1432 774 1432 772 1432 923 1433 922 1433 921 1433 923 1434 921 1434 920 1434 924 1435 923 1435 772 1435 925 1436 926 1436 922 1436 925 1437 922 1437 923 1437 925 1438 923 1438 924 1438 927 1439 772 1439 769 1439 927 1440 925 1440 924 1440 927 1441 924 1441 772 1441 927 1442 926 1442 925 1442 928 1443 927 1443 769 1443 929 1444 926 1444 927 1444 929 1445 930 1445 926 1445 929 1446 927 1446 928 1446 931 1447 930 1447 929 1447 931 1448 929 1448 928 1448 931 1449 928 1449 769 1449 931 1450 769 1450 766 1450 932 1451 931 1451 766 1451 933 1452 931 1452 932 1452 933 1453 930 1453 931 1453 933 1454 934 1454 930 1454 935 1455 932 1455 766 1455 935 1456 933 1456 932 1456 935 1457 934 1457 933 1457 935 1458 766 1458 764 1458 936 1459 935 1459 764 1459 937 1460 934 1460 935 1460 937 1461 935 1461 936 1461 937 1462 938 1462 934 1462 939 1463 936 1463 764 1463 939 1464 937 1464 936 1464 939 1465 938 1465 937 1465 939 1466 764 1466 761 1466 940 1467 939 1467 761 1467 941 1468 942 1468 938 1468 941 1469 938 1469 939 1469 941 1470 939 1470 940 1470 943 1471 942 1471 941 1471 943 1472 940 1472 761 1472 943 1473 941 1473 940 1473 943 1474 761 1474 758 1474 944 1475 943 1475 758 1475 945 1476 946 1476 942 1476 945 1477 942 1477 943 1477 945 1478 943 1478 944 1478 947 1479 946 1479 945 1479 947 1480 944 1480 758 1480 947 1481 945 1481 944 1481 947 1482 758 1482 756 1482 948 1483 947 1483 756 1483 949 1484 950 1484 946 1484 949 1485 946 1485 947 1485 949 1486 947 1486 948 1486 951 1487 950 1487 949 1487 951 1488 948 1488 756 1488 951 1489 949 1489 948 1489 951 1490 756 1490 753 1490 952 1491 951 1491 753 1491 953 1492 954 1492 950 1492 953 1493 950 1493 951 1493 953 1494 951 1494 952 1494 955 1495 753 1495 750 1495 955 1496 954 1496 953 1496 955 1497 952 1497 753 1497 955 1498 953 1498 952 1498 956 1499 955 1499 750 1499 957 1500 958 1500 954 1500 957 1501 954 1501 955 1501 957 1502 955 1502 956 1502 959 1503 750 1503 748 1503 959 1504 958 1504 957 1504 959 1505 956 1505 750 1505 959 1506 957 1506 956 1506 960 1507 959 1507 748 1507 961 1508 962 1508 958 1508 961 1509 958 1509 959 1509 961 1510 959 1510 960 1510 963 1511 748 1511 745 1511 963 1512 962 1512 961 1512 963 1513 960 1513 748 1513 963 1514 961 1514 960 1514 964 1515 963 1515 745 1515 965 1516 966 1516 962 1516 965 1517 962 1517 963 1517 965 1518 963 1518 964 1518 967 1519 745 1519 742 1519 967 1520 966 1520 965 1520 967 1521 964 1521 745 1521 967 1522 965 1522 964 1522 968 1523 967 1523 742 1523 969 1524 970 1524 966 1524 969 1525 966 1525 967 1525 969 1526 967 1526 968 1526 971 1527 742 1527 740 1527 971 1528 970 1528 969 1528 971 1529 968 1529 742 1529 971 1530 969 1530 968 1530 972 1531 971 1531 740 1531 973 1532 889 1532 970 1532 973 1533 970 1533 971 1533 973 1534 971 1534 972 1534 974 1535 973 1535 972 1535 974 1536 740 1536 737 1536 974 1537 737 1537 889 1537 974 1538 889 1538 973 1538 974 1539 972 1539 740 1539 975 1540 737 1540 734 1540 975 1541 888 1541 737 1541 975 1542 734 1542 888 1542 976 1543 734 1543 731 1543 976 1544 731 1544 890 1544 976 1545 890 1545 734 1545 977 1546 731 1546 729 1546 977 1547 729 1547 891 1547 977 1548 891 1548 731 1548 978 1549 729 1549 726 1549 978 1550 726 1550 892 1550 978 1551 892 1551 729 1551 979 1552 726 1552 723 1552 980 1553 726 1553 979 1553 980 1554 979 1554 723 1554 980 1555 723 1555 893 1555 980 1556 893 1556 726 1556 981 1557 723 1557 721 1557 982 1558 723 1558 981 1558 982 1559 981 1559 721 1559 982 1560 894 1560 723 1560 982 1561 721 1561 894 1561 983 1562 721 1562 718 1562 984 1563 721 1563 983 1563 984 1564 983 1564 718 1564 984 1565 895 1565 721 1565 984 1566 718 1566 895 1566 985 1567 718 1567 715 1567 986 1568 901 1568 896 1568 986 1569 715 1569 898 1569 986 1570 718 1570 985 1570 986 1571 985 1571 715 1571 986 1572 898 1572 901 1572 986 1573 896 1573 718 1573 987 1574 298 1574 123 1574 988 1575 987 1575 123 1575 988 1576 123 1576 124 1576 989 1577 990 1577 991 1577 989 1578 991 1578 992 1578 989 1579 987 1579 988 1579 989 1580 992 1580 987 1580 993 1581 124 1581 125 1581 993 1582 988 1582 124 1582 994 1583 995 1583 990 1583 994 1584 988 1584 993 1584 994 1585 990 1585 989 1585 994 1586 989 1586 988 1586 996 1587 993 1587 125 1587 996 1588 125 1588 313 1588 997 1589 313 1589 314 1589 997 1590 996 1590 313 1590 998 1591 996 1591 997 1591 998 1592 999 1592 995 1592 998 1593 995 1593 994 1593 998 1594 994 1594 993 1594 998 1595 993 1595 996 1595 1000 1596 998 1596 997 1596 1000 1597 999 1597 998 1597 1001 1598 997 1598 314 1598 1002 1599 314 1599 328 1599 1002 1600 1001 1600 314 1600 1003 1601 1004 1601 999 1601 1003 1602 999 1602 1000 1602 1003 1603 1000 1603 997 1603 1003 1604 997 1604 1001 1604 1005 1605 1004 1605 1003 1605 1005 1606 1001 1606 1002 1606 1005 1607 1003 1607 1001 1607 1006 1608 1002 1608 328 1608 1007 1609 1008 1609 1004 1609 1007 1610 1004 1610 1005 1610 1007 1611 1005 1611 1002 1611 1007 1612 1002 1612 1006 1612 1009 1613 1007 1613 1006 1613 1009 1614 328 1614 143 1614 1009 1615 1006 1615 328 1615 1010 1616 1008 1616 1007 1616 1010 1617 1007 1617 1009 1617 1011 1618 1009 1618 143 1618 1011 1619 1010 1619 1009 1619 1012 1620 1013 1620 1008 1620 1012 1621 1008 1621 1010 1621 1012 1622 1010 1622 1011 1622 1014 1623 143 1623 145 1623 1014 1624 1011 1624 143 1624 1014 1625 1012 1625 1011 1625 1015 1626 1014 1626 145 1626 1016 1627 1012 1627 1014 1627 1016 1628 1013 1628 1012 1628 1017 1629 1018 1629 1013 1629 1017 1630 1014 1630 1015 1630 1017 1631 1013 1631 1016 1631 1017 1632 1016 1632 1014 1632 1019 1633 1015 1633 145 1633 1019 1634 145 1634 149 1634 1019 1635 1017 1635 1015 1635 1020 1636 1019 1636 149 1636 1021 1637 1017 1637 1019 1637 1021 1638 1018 1638 1017 1638 1022 1639 1023 1639 1018 1639 1022 1640 1018 1640 1021 1640 1022 1641 1021 1641 1019 1641 1022 1642 1019 1642 1020 1642 1024 1643 1020 1643 149 1643 1024 1644 149 1644 152 1644 1025 1645 1023 1645 1022 1645 1025 1646 1022 1646 1020 1646 1025 1647 1020 1647 1024 1647 1026 1648 1024 1648 152 1648 1026 1649 1025 1649 1024 1649 1026 1650 152 1650 155 1650 1027 1651 1028 1651 1023 1651 1027 1652 1023 1652 1025 1652 1027 1653 1025 1653 1026 1653 1029 1654 1027 1654 1026 1654 1029 1655 1026 1655 155 1655 1029 1656 155 1656 343 1656 1030 1657 1031 1657 1028 1657 1030 1658 1027 1658 1029 1658 1030 1659 1028 1659 1027 1659 1032 1660 343 1660 341 1660 1032 1661 1029 1661 343 1661 1033 1662 1034 1662 1031 1662 1033 1663 1031 1663 1030 1663 1033 1664 1030 1664 1029 1664 1033 1665 1029 1665 1032 1665 1035 1666 1032 1666 341 1666 1035 1667 341 1667 349 1667 1036 1668 1037 1668 1034 1668 1036 1669 1033 1669 1032 1669 1036 1670 1034 1670 1033 1670 1036 1671 1032 1671 1035 1671 1038 1672 1035 1672 349 1672 1038 1673 349 1673 173 1673 1038 1674 1036 1674 1035 1674 1039 1675 1038 1675 173 1675 1039 1676 173 1676 174 1676 1040 1677 1041 1677 1037 1677 1040 1678 1037 1678 1036 1678 1040 1679 1036 1679 1038 1679 1042 1680 1040 1680 1038 1680 1042 1681 1038 1681 1039 1681 1042 1682 1041 1682 1040 1682 1043 1683 1039 1683 174 1683 1044 1684 174 1684 177 1684 1044 1685 1043 1685 174 1685 1045 1686 1046 1686 1041 1686 1045 1687 1041 1687 1042 1687 1045 1688 1042 1688 1039 1688 1045 1689 1039 1689 1043 1689 1047 1690 1046 1690 1045 1690 1047 1691 1043 1691 1044 1691 1047 1692 1045 1692 1043 1692 1048 1693 1044 1693 177 1693 1049 1694 1044 1694 1048 1694 1049 1695 1050 1695 1046 1695 1049 1696 1046 1696 1047 1696 1049 1697 1047 1697 1044 1697 1051 1698 177 1698 180 1698 1051 1699 1048 1699 177 1699 1052 1700 1051 1700 180 1700 1053 1701 1050 1701 1049 1701 1053 1702 1048 1702 1051 1702 1053 1703 1049 1703 1048 1703 1054 1704 1051 1704 1052 1704 1054 1705 1055 1705 1050 1705 1054 1706 1053 1706 1051 1706 1054 1707 1050 1707 1053 1707 1056 1708 180 1708 183 1708 1056 1709 1052 1709 180 1709 1057 1710 1056 1710 183 1710 1058 1711 1052 1711 1056 1711 1058 1712 1054 1712 1052 1712 1058 1713 1055 1713 1054 1713 1059 1714 1056 1714 1057 1714 1059 1715 1058 1715 1056 1715 1059 1716 1055 1716 1058 1716 1059 1717 1060 1717 1055 1717 1061 1718 1057 1718 183 1718 1061 1719 183 1719 365 1719 1062 1720 1057 1720 1061 1720 1062 1721 1059 1721 1057 1721 1062 1722 1060 1722 1059 1722 1063 1723 1061 1723 365 1723 1063 1724 365 1724 366 1724 1064 1725 1061 1725 1063 1725 1064 1726 1062 1726 1061 1726 1064 1727 1060 1727 1062 1727 1064 1728 1065 1728 1060 1728 1066 1729 1063 1729 366 1729 1066 1730 366 1730 380 1730 1067 1731 1064 1731 1063 1731 1067 1732 1068 1732 1065 1732 1067 1733 1063 1733 1066 1733 1067 1734 1065 1734 1064 1734 1069 1735 1066 1735 380 1735 1069 1736 1067 1736 1066 1736 1069 1737 380 1737 199 1737 1070 1738 1068 1738 1067 1738 1070 1739 1071 1739 1068 1739 1070 1740 1067 1740 1069 1740 1072 1741 1069 1741 199 1741 1072 1742 1070 1742 1069 1742 1072 1743 199 1743 201 1743 1073 1744 1074 1744 1071 1744 1073 1745 1071 1745 1070 1745 1073 1746 1070 1746 1072 1746 1075 1747 1072 1747 201 1747 1075 1748 201 1748 205 1748 1076 1749 1075 1749 205 1749 1076 1750 205 1750 208 1750 1077 1751 1078 1751 1074 1751 1077 1752 1074 1752 1073 1752 1077 1753 1073 1753 1072 1753 1077 1754 1072 1754 1075 1754 1079 1755 1078 1755 1077 1755 1079 1756 1075 1756 1076 1756 1079 1757 1077 1757 1075 1757 1080 1758 1076 1758 208 1758 1081 1759 1080 1759 208 1759 1081 1760 208 1760 211 1760 1082 1761 1083 1761 1078 1761 1082 1762 1078 1762 1079 1762 1082 1763 1079 1763 1076 1763 1082 1764 1076 1764 1080 1764 1084 1765 1083 1765 1082 1765 1084 1766 1080 1766 1081 1766 1084 1767 1082 1767 1080 1767 1085 1768 1081 1768 211 1768 1086 1769 1087 1769 1083 1769 1086 1770 1083 1770 1084 1770 1086 1771 1084 1771 1081 1771 1086 1772 1081 1772 1085 1772 1088 1773 1085 1773 211 1773 1088 1774 211 1774 395 1774 1089 1775 1087 1775 1086 1775 1089 1776 1086 1776 1085 1776 1089 1777 1085 1777 1088 1777 1090 1778 1088 1778 395 1778 1091 1779 1092 1779 1087 1779 1091 1780 1089 1780 1088 1780 1091 1781 1087 1781 1089 1781 1091 1782 1088 1782 1090 1782 1093 1783 1090 1783 395 1783 1093 1784 395 1784 393 1784 1094 1785 1093 1785 393 1785 1095 1786 1090 1786 1093 1786 1095 1787 1092 1787 1091 1787 1095 1788 1091 1788 1090 1788 1096 1789 1097 1789 1092 1789 1096 1790 1092 1790 1095 1790 1096 1791 1093 1791 1094 1791 1096 1792 1095 1792 1093 1792 1098 1793 1094 1793 393 1793 1098 1794 393 1794 401 1794 1099 1795 1098 1795 401 1795 1100 1796 1097 1796 1096 1796 1100 1797 1096 1797 1094 1797 1100 1798 1094 1798 1098 1798 1100 1799 1098 1799 1099 1799 1101 1800 1102 1800 1097 1800 1101 1801 1097 1801 1100 1801 1101 1802 1100 1802 1099 1802 1103 1803 401 1803 229 1803 1103 1804 1099 1804 401 1804 1104 1805 1099 1805 1103 1805 1104 1806 1101 1806 1099 1806 1104 1807 1105 1807 1102 1807 1104 1808 1102 1808 1101 1808 1106 1809 1103 1809 229 1809 1106 1810 1104 1810 1103 1810 1106 1811 229 1811 230 1811 1107 1812 1105 1812 1104 1812 1107 1813 1108 1813 1105 1813 1107 1814 1104 1814 1106 1814 1109 1815 1106 1815 230 1815 1109 1816 1107 1816 1106 1816 1109 1817 230 1817 233 1817 1109 1818 233 1818 236 1818 1110 1819 1108 1819 1107 1819 1110 1820 1107 1820 1109 1820 1111 1821 1109 1821 236 1821 1111 1822 1110 1822 1109 1822 1112 1823 1108 1823 1110 1823 1112 1824 1113 1824 1108 1824 1112 1825 1110 1825 1111 1825 1114 1826 1111 1826 236 1826 1114 1827 236 1827 239 1827 1115 1828 1112 1828 1111 1828 1115 1829 1111 1829 1114 1829 1115 1830 1113 1830 1112 1830 1115 1831 1116 1831 1113 1831 1117 1832 1115 1832 1114 1832 1117 1833 1114 1833 239 1833 1117 1834 239 1834 417 1834 1118 1835 1117 1835 417 1835 1118 1836 417 1836 418 1836 1119 1837 1120 1837 1116 1837 1119 1838 1116 1838 1115 1838 1119 1839 1115 1839 1117 1839 1121 1840 1120 1840 1119 1840 1121 1841 1119 1841 1117 1841 1121 1842 1117 1842 1118 1842 1122 1843 1118 1843 418 1843 1123 1844 1122 1844 418 1844 1123 1845 418 1845 432 1845 1124 1846 1125 1846 1120 1846 1124 1847 1120 1847 1121 1847 1124 1848 1121 1848 1118 1848 1124 1849 1118 1849 1122 1849 1124 1850 1122 1850 1123 1850 1126 1851 1125 1851 1124 1851 1126 1852 1124 1852 1123 1852 1127 1853 1123 1853 432 1853 1127 1854 1126 1854 1123 1854 1128 1855 1129 1855 1125 1855 1128 1856 1125 1856 1126 1856 1128 1857 1126 1857 1127 1857 1130 1858 1127 1858 432 1858 1130 1859 432 1859 255 1859 1131 1860 1128 1860 1127 1860 1131 1861 1127 1861 1130 1861 1131 1862 1129 1862 1128 1862 1132 1863 1130 1863 255 1863 1133 1864 1134 1864 1129 1864 1133 1865 1129 1865 1131 1865 1133 1866 1131 1866 1130 1866 1133 1867 1130 1867 1132 1867 1135 1868 1133 1868 1132 1868 1135 1869 1132 1869 255 1869 1135 1870 255 1870 257 1870 1136 1871 1135 1871 257 1871 1137 1872 1134 1872 1133 1872 1137 1873 1133 1873 1135 1873 1138 1874 1139 1874 1134 1874 1138 1875 1134 1875 1137 1875 1138 1876 1135 1876 1136 1876 1138 1877 1137 1877 1135 1877 1140 1878 257 1878 261 1878 1140 1879 1136 1879 257 1879 1141 1880 1140 1880 261 1880 1142 1881 1139 1881 1138 1881 1142 1882 1138 1882 1136 1882 1142 1883 1136 1883 1140 1883 1143 1884 1144 1884 1139 1884 1143 1885 1139 1885 1142 1885 1143 1886 1140 1886 1141 1886 1143 1887 1142 1887 1140 1887 1145 1888 261 1888 264 1888 1145 1889 1141 1889 261 1889 1146 1890 1143 1890 1141 1890 1146 1891 1147 1891 1144 1891 1146 1892 1141 1892 1145 1892 1146 1893 1144 1893 1143 1893 1148 1894 264 1894 267 1894 1148 1895 1146 1895 1145 1895 1148 1896 1145 1896 264 1896 1149 1897 1147 1897 1146 1897 1149 1898 1146 1898 1148 1898 1150 1899 1148 1899 267 1899 1150 1900 267 1900 447 1900 1150 1901 447 1901 446 1901 1151 1902 1148 1902 1150 1902 1151 1903 1149 1903 1148 1903 1151 1904 1147 1904 1149 1904 1151 1905 1152 1905 1147 1905 1153 1906 446 1906 453 1906 1153 1907 1150 1907 446 1907 1154 1908 1151 1908 1150 1908 1154 1909 1150 1909 1153 1909 1154 1910 1152 1910 1151 1910 1154 1911 1155 1911 1152 1911 1156 1912 1153 1912 453 1912 1157 1913 1154 1913 1153 1913 1157 1914 1155 1914 1154 1914 1157 1915 1158 1915 1155 1915 1157 1916 1153 1916 1156 1916 1159 1917 453 1917 285 1917 1159 1918 1156 1918 453 1918 1160 1919 285 1919 286 1919 1160 1920 1159 1920 285 1920 1161 1921 1156 1921 1159 1921 1161 1922 1157 1922 1156 1922 1161 1923 1158 1923 1157 1923 1161 1924 1162 1924 1158 1924 1163 1925 1161 1925 1159 1925 1163 1926 1159 1926 1160 1926 1163 1927 1162 1927 1161 1927 1164 1928 1160 1928 286 1928 1165 1929 286 1929 289 1929 1165 1930 1164 1930 286 1930 1166 1931 1163 1931 1160 1931 1166 1932 1162 1932 1163 1932 1166 1933 1167 1933 1162 1933 1166 1934 1160 1934 1164 1934 1168 1935 1164 1935 1165 1935 1168 1936 1167 1936 1166 1936 1168 1937 1166 1937 1164 1937 1169 1938 1165 1938 289 1938 1169 1939 1168 1939 1165 1939 1170 1940 1171 1940 1167 1940 1170 1941 1167 1941 1168 1941 1170 1942 1168 1942 1169 1942 1172 1943 289 1943 292 1943 1172 1944 1169 1944 289 1944 1173 1945 1172 1945 292 1945 1174 1946 1171 1946 1170 1946 1174 1947 1170 1947 1169 1947 1174 1948 1169 1948 1172 1948 1174 1949 1172 1949 1173 1949 1175 1950 1176 1950 1171 1950 1175 1951 1171 1951 1174 1951 1175 1952 1174 1952 1173 1952 1177 1953 292 1953 24 1953 1177 1954 1173 1954 292 1954 1177 1955 1175 1955 1173 1955 1178 1956 1177 1956 24 1956 1179 1957 1176 1957 1175 1957 1179 1958 1175 1958 1177 1958 1180 1959 1181 1959 1176 1959 1180 1960 1176 1960 1179 1960 1180 1961 1177 1961 1178 1961 1180 1962 1179 1962 1177 1962 1182 1963 24 1963 25 1963 1182 1964 1178 1964 24 1964 1183 1965 1181 1965 1180 1965 1183 1966 1180 1966 1178 1966 1183 1967 1178 1967 1182 1967 1184 1968 25 1968 26 1968 1184 1969 1182 1969 25 1969 1185 1970 1182 1970 1184 1970 1185 1971 1186 1971 1181 1971 1185 1972 1187 1972 1186 1972 1185 1973 1183 1973 1182 1973 1185 1974 1181 1974 1183 1974 1188 1975 26 1975 34 1975 1188 1976 1184 1976 26 1976 1189 1977 1184 1977 1188 1977 1189 1978 1185 1978 1184 1978 1189 1979 1187 1979 1185 1979 1190 1980 34 1980 45 1980 1190 1981 45 1981 54 1981 1190 1982 1188 1982 34 1982 1191 1983 1187 1983 1189 1983 1191 1984 1188 1984 1190 1984 1191 1985 1192 1985 1187 1985 1191 1986 1189 1986 1188 1986 1193 1987 1190 1987 54 1987 1194 1988 1190 1988 1193 1988 1194 1989 1191 1989 1190 1989 1194 1990 1192 1990 1191 1990 1194 1991 1195 1991 1192 1991 1196 1992 54 1992 68 1992 1196 1993 1193 1993 54 1993 1197 1994 1196 1994 68 1994 1197 1995 68 1995 78 1995 1198 1996 1194 1996 1193 1996 1198 1997 1193 1997 1196 1997 1198 1998 1195 1998 1194 1998 1198 1999 1199 1999 1195 1999 1200 2000 1198 2000 1196 2000 1200 2001 1196 2001 1197 2001 1200 2002 1199 2002 1198 2002 1201 2003 1197 2003 78 2003 1202 2004 78 2004 82 2004 1202 2005 1201 2005 78 2005 1203 2006 1200 2006 1197 2006 1203 2007 1199 2007 1200 2007 1203 2008 1197 2008 1201 2008 1203 2009 1204 2009 1199 2009 1205 2010 1201 2010 1202 2010 1205 2011 1203 2011 1201 2011 1205 2012 1204 2012 1203 2012 1206 2013 1205 2013 1202 2013 1206 2014 1202 2014 82 2014 1207 2015 1204 2015 1205 2015 1207 2016 1205 2016 1206 2016 1207 2017 1208 2017 1204 2017 1209 2018 82 2018 87 2018 1209 2019 1206 2019 82 2019 1210 2020 1207 2020 1206 2020 1210 2021 1208 2021 1207 2021 1210 2022 1206 2022 1209 2022 1211 2023 1209 2023 87 2023 1212 2024 1208 2024 1210 2024 1212 2025 1210 2025 1209 2025 1212 2026 1209 2026 1211 2026 1212 2027 1213 2027 1208 2027 1214 2028 87 2028 90 2028 1214 2029 1211 2029 87 2029 1215 2030 1214 2030 90 2030 1216 2031 1212 2031 1211 2031 1216 2032 1213 2032 1212 2032 1216 2033 1211 2033 1214 2033 1217 2034 1218 2034 1213 2034 1217 2035 1214 2035 1215 2035 1217 2036 1213 2036 1216 2036 1217 2037 1216 2037 1214 2037 1219 2038 90 2038 103 2038 1219 2039 1215 2039 90 2039 1220 2040 1219 2040 103 2040 1221 2041 1218 2041 1217 2041 1221 2042 1217 2042 1215 2042 1221 2043 1215 2043 1219 2043 1221 2044 1219 2044 1220 2044 1222 2045 1223 2045 1218 2045 1222 2046 1218 2046 1221 2046 1222 2047 1221 2047 1220 2047 1224 2048 103 2048 104 2048 1224 2049 1220 2049 103 2049 1225 2050 1223 2050 1222 2050 1225 2051 1222 2051 1220 2051 1225 2052 1220 2052 1224 2052 1226 2053 104 2053 298 2053 1226 2054 298 2054 987 2054 1226 2055 1224 2055 104 2055 1227 2056 992 2056 991 2056 1227 2057 987 2057 992 2057 1227 2058 1228 2058 1223 2058 1227 2059 991 2059 1228 2059 1227 2060 1226 2060 987 2060 1227 2061 1223 2061 1225 2061 1227 2062 1225 2062 1224 2062 1227 2063 1224 2063 1226 2063 1229 2064 1230 2064 1231 2064 1232 2065 1233 2065 1229 2065 1234 2066 1235 2066 1232 2066 1236 2067 1237 2067 1234 2067 1238 2068 1239 2068 1236 2068 1240 2069 1241 2069 1238 2069 1242 2070 1243 2070 1240 2070 1244 2071 1245 2071 1242 2071 1246 2072 1247 2072 1244 2072 1248 2073 1249 2073 1246 2073 1250 2074 1251 2074 1248 2074 1252 2075 1253 2075 1250 2075 1254 2076 1255 2076 1256 2076 1257 2077 1254 2077 1258 2077 1259 2078 1257 2078 1260 2078 1261 2079 1259 2079 1262 2079 1263 2080 1261 2080 1264 2080 1265 2081 1263 2081 1266 2081 1267 2082 1265 2082 1268 2082 1269 2083 1267 2083 1270 2083 1271 2084 1269 2084 1272 2084 1273 2085 1271 2085 1274 2085 1275 2086 1273 2086 1276 2086 1277 2087 1275 2087 1278 2087 1279 2088 1280 2088 1281 2088 1282 2089 1280 2089 1279 2089 1283 2090 1277 2090 1282 2090 1284 2091 1279 2091 1281 2091 1284 2092 1281 2092 1285 2092 1286 2093 1279 2093 1284 2093 1286 2094 1284 2094 1287 2094 1286 2095 1287 2095 1283 2095 1286 2096 1283 2096 1282 2096 1286 2097 1282 2097 1279 2097 1288 2098 1284 2098 1285 2098 1288 2099 1287 2099 1284 2099 1288 2100 1231 2100 1230 2100 1288 2101 1285 2101 1231 2101 1289 2102 1230 2102 1287 2102 1289 2103 1288 2103 1230 2103 1289 2104 1287 2104 1288 2104 1290 2105 1230 2105 1229 2105 1290 2106 1229 2106 1233 2106 1291 2107 1290 2107 1233 2107 1291 2108 1230 2108 1290 2108 1291 2109 1233 2109 1230 2109 1292 2110 1233 2110 1232 2110 1292 2111 1232 2111 1235 2111 1293 2112 1292 2112 1235 2112 1293 2113 1233 2113 1292 2113 1293 2114 1235 2114 1233 2114 1294 2115 1235 2115 1234 2115 1294 2116 1234 2116 1237 2116 1295 2117 1235 2117 1294 2117 1295 2118 1237 2118 1235 2118 1295 2119 1294 2119 1237 2119 1296 2120 1237 2120 1236 2120 1296 2121 1236 2121 1239 2121 1297 2122 1239 2122 1237 2122 1297 2123 1296 2123 1239 2123 1297 2124 1237 2124 1296 2124 1298 2125 1239 2125 1238 2125 1298 2126 1238 2126 1241 2126 1299 2127 1241 2127 1239 2127 1299 2128 1239 2128 1298 2128 1299 2129 1298 2129 1241 2129 1300 2130 1241 2130 1240 2130 1300 2131 1240 2131 1243 2131 1301 2132 1241 2132 1300 2132 1301 2133 1300 2133 1243 2133 1301 2134 1243 2134 1241 2134 1302 2135 1243 2135 1242 2135 1302 2136 1242 2136 1245 2136 1303 2137 1302 2137 1245 2137 1303 2138 1243 2138 1302 2138 1303 2139 1245 2139 1243 2139 1304 2140 1245 2140 1244 2140 1304 2141 1244 2141 1247 2141 1305 2142 1247 2142 1245 2142 1305 2143 1304 2143 1247 2143 1305 2144 1245 2144 1304 2144 1306 2145 1247 2145 1246 2145 1306 2146 1246 2146 1249 2146 1307 2147 1249 2147 1247 2147 1307 2148 1306 2148 1249 2148 1307 2149 1247 2149 1306 2149 1308 2150 1249 2150 1248 2150 1308 2151 1248 2151 1251 2151 1309 2152 1249 2152 1308 2152 1309 2153 1251 2153 1249 2153 1309 2154 1308 2154 1251 2154 1310 2155 1251 2155 1250 2155 1310 2156 1250 2156 1253 2156 1311 2157 1310 2157 1253 2157 1311 2158 1251 2158 1310 2158 1311 2159 1253 2159 1251 2159 1312 2160 1253 2160 1252 2160 1313 2161 1314 2161 1253 2161 1313 2162 1253 2162 1312 2162 1315 2163 1312 2163 1252 2163 1315 2164 1314 2164 1313 2164 1315 2165 1313 2165 1312 2165 1315 2166 1252 2166 1316 2166 1317 2167 1315 2167 1316 2167 1318 2168 1315 2168 1317 2168 1318 2169 1319 2169 1314 2169 1318 2170 1314 2170 1315 2170 1320 2171 1317 2171 1316 2171 1320 2172 1318 2172 1317 2172 1320 2173 1319 2173 1318 2173 1320 2174 1316 2174 1321 2174 1322 2175 1320 2175 1321 2175 1323 2176 1320 2176 1322 2176 1323 2177 1319 2177 1320 2177 1323 2178 1324 2178 1319 2178 1325 2179 1322 2179 1321 2179 1325 2180 1323 2180 1322 2180 1325 2181 1324 2181 1323 2181 1325 2182 1321 2182 1326 2182 1327 2183 1325 2183 1326 2183 1328 2184 1325 2184 1327 2184 1328 2185 1324 2185 1325 2185 1328 2186 1329 2186 1324 2186 1330 2187 1327 2187 1326 2187 1330 2188 1328 2188 1327 2188 1330 2189 1326 2189 1331 2189 1330 2190 1329 2190 1328 2190 1332 2191 1330 2191 1331 2191 1333 2192 1330 2192 1332 2192 1333 2193 1334 2193 1329 2193 1333 2194 1329 2194 1330 2194 1335 2195 1331 2195 1336 2195 1335 2196 1332 2196 1331 2196 1335 2197 1334 2197 1333 2197 1335 2198 1333 2198 1332 2198 1337 2199 1335 2199 1336 2199 1338 2200 1339 2200 1334 2200 1338 2201 1334 2201 1335 2201 1338 2202 1335 2202 1337 2202 1340 2203 1337 2203 1336 2203 1340 2204 1339 2204 1338 2204 1340 2205 1338 2205 1337 2205 1340 2206 1336 2206 1341 2206 1342 2207 1340 2207 1341 2207 1343 2208 1344 2208 1339 2208 1343 2209 1339 2209 1340 2209 1343 2210 1340 2210 1342 2210 1345 2211 1342 2211 1341 2211 1345 2212 1344 2212 1343 2212 1345 2213 1343 2213 1342 2213 1345 2214 1341 2214 1346 2214 1347 2215 1345 2215 1346 2215 1348 2216 1349 2216 1344 2216 1348 2217 1344 2217 1345 2217 1348 2218 1345 2218 1347 2218 1350 2219 1347 2219 1346 2219 1350 2220 1349 2220 1348 2220 1350 2221 1348 2221 1347 2221 1350 2222 1346 2222 1351 2222 1352 2223 1350 2223 1351 2223 1353 2224 1354 2224 1349 2224 1353 2225 1349 2225 1350 2225 1353 2226 1350 2226 1352 2226 1355 2227 1352 2227 1351 2227 1355 2228 1354 2228 1353 2228 1355 2229 1353 2229 1352 2229 1355 2230 1351 2230 1356 2230 1357 2231 1355 2231 1356 2231 1358 2232 1359 2232 1354 2232 1358 2233 1354 2233 1355 2233 1358 2234 1355 2234 1357 2234 1360 2235 1357 2235 1356 2235 1360 2236 1356 2236 1361 2236 1360 2237 1359 2237 1358 2237 1360 2238 1358 2238 1357 2238 1362 2239 1360 2239 1361 2239 1363 2240 1364 2240 1359 2240 1363 2241 1359 2241 1360 2241 1363 2242 1360 2242 1362 2242 1365 2243 1362 2243 1361 2243 1365 2244 1361 2244 1366 2244 1365 2245 1364 2245 1363 2245 1365 2246 1363 2246 1362 2246 1367 2247 1365 2247 1366 2247 1368 2248 1369 2248 1364 2248 1368 2249 1364 2249 1365 2249 1368 2250 1365 2250 1367 2250 1370 2251 1368 2251 1367 2251 1370 2252 1367 2252 1366 2252 1370 2253 1366 2253 1371 2253 1370 2254 1369 2254 1368 2254 1372 2255 1370 2255 1371 2255 1373 2256 1369 2256 1370 2256 1373 2257 1370 2257 1372 2257 1373 2258 1374 2258 1369 2258 1375 2259 1372 2259 1371 2259 1375 2260 1373 2260 1372 2260 1375 2261 1374 2261 1373 2261 1375 2262 1371 2262 1376 2262 1377 2263 1375 2263 1376 2263 1378 2264 1374 2264 1375 2264 1378 2265 1375 2265 1377 2265 1378 2266 1379 2266 1374 2266 1380 2267 1377 2267 1376 2267 1380 2268 1378 2268 1377 2268 1380 2269 1379 2269 1378 2269 1380 2270 1376 2270 1381 2270 1382 2271 1380 2271 1381 2271 1383 2272 1379 2272 1380 2272 1383 2273 1380 2273 1382 2273 1383 2274 1384 2274 1379 2274 1385 2275 1382 2275 1381 2275 1385 2276 1383 2276 1382 2276 1385 2277 1384 2277 1383 2277 1385 2278 1381 2278 1386 2278 1387 2279 1385 2279 1386 2279 1388 2280 1389 2280 1384 2280 1388 2281 1384 2281 1385 2281 1388 2282 1385 2282 1387 2282 1390 2283 1389 2283 1388 2283 1390 2284 1387 2284 1386 2284 1390 2285 1388 2285 1387 2285 1390 2286 1386 2286 1391 2286 1392 2287 1390 2287 1391 2287 1393 2288 1394 2288 1389 2288 1393 2289 1389 2289 1390 2289 1393 2290 1390 2290 1392 2290 1395 2291 1394 2291 1393 2291 1395 2292 1392 2292 1391 2292 1395 2293 1393 2293 1392 2293 1395 2294 1391 2294 1396 2294 1397 2295 1395 2295 1396 2295 1398 2296 1399 2296 1394 2296 1398 2297 1394 2297 1395 2297 1398 2298 1395 2298 1397 2298 1400 2299 1399 2299 1398 2299 1400 2300 1397 2300 1396 2300 1400 2301 1398 2301 1397 2301 1400 2302 1396 2302 1401 2302 1402 2303 1400 2303 1401 2303 1403 2304 1404 2304 1399 2304 1403 2305 1399 2305 1400 2305 1403 2306 1400 2306 1402 2306 1405 2307 1404 2307 1403 2307 1405 2308 1402 2308 1401 2308 1405 2309 1403 2309 1402 2309 1405 2310 1401 2310 1406 2310 1407 2311 1405 2311 1406 2311 1408 2312 1409 2312 1404 2312 1408 2313 1404 2313 1405 2313 1408 2314 1405 2314 1407 2314 1410 2315 1409 2315 1408 2315 1410 2316 1407 2316 1406 2316 1410 2317 1408 2317 1407 2317 1410 2318 1406 2318 1411 2318 1412 2319 1410 2319 1411 2319 1413 2320 1414 2320 1409 2320 1413 2321 1409 2321 1410 2321 1413 2322 1410 2322 1412 2322 1415 2323 1414 2323 1413 2323 1415 2324 1412 2324 1411 2324 1415 2325 1413 2325 1412 2325 1415 2326 1411 2326 1416 2326 1417 2327 1415 2327 1416 2327 1418 2328 1419 2328 1414 2328 1418 2329 1414 2329 1415 2329 1418 2330 1415 2330 1417 2330 1420 2331 1419 2331 1418 2331 1420 2332 1417 2332 1416 2332 1420 2333 1418 2333 1417 2333 1420 2334 1416 2334 1421 2334 1422 2335 1420 2335 1421 2335 1423 2336 1424 2336 1419 2336 1423 2337 1419 2337 1420 2337 1423 2338 1420 2338 1422 2338 1425 2339 1423 2339 1422 2339 1425 2340 1421 2340 1426 2340 1425 2341 1424 2341 1423 2341 1425 2342 1422 2342 1421 2342 1427 2343 1425 2343 1426 2343 1428 2344 1424 2344 1425 2344 1428 2345 1429 2345 1424 2345 1428 2346 1425 2346 1427 2346 1430 2347 1427 2347 1426 2347 1430 2348 1428 2348 1427 2348 1430 2349 1429 2349 1428 2349 1430 2350 1426 2350 1431 2350 1432 2351 1430 2351 1431 2351 1433 2352 1429 2352 1430 2352 1433 2353 1430 2353 1432 2353 1433 2354 1434 2354 1429 2354 1435 2355 1432 2355 1431 2355 1435 2356 1433 2356 1432 2356 1435 2357 1434 2357 1433 2357 1435 2358 1431 2358 1436 2358 1437 2359 1435 2359 1436 2359 1438 2360 1439 2360 1434 2360 1438 2361 1434 2361 1435 2361 1438 2362 1435 2362 1437 2362 1440 2363 1439 2363 1438 2363 1440 2364 1437 2364 1436 2364 1440 2365 1438 2365 1437 2365 1440 2366 1436 2366 1441 2366 1442 2367 1440 2367 1441 2367 1443 2368 1255 2368 1439 2368 1443 2369 1440 2369 1442 2369 1443 2370 1439 2370 1440 2370 1444 2371 1255 2371 1443 2371 1444 2372 1442 2372 1441 2372 1444 2373 1443 2373 1442 2373 1444 2374 1256 2374 1255 2374 1444 2375 1441 2375 1256 2375 1445 2376 1254 2376 1256 2376 1445 2377 1258 2377 1254 2377 1445 2378 1256 2378 1258 2378 1446 2379 1260 2379 1257 2379 1446 2380 1257 2380 1258 2380 1446 2381 1258 2381 1260 2381 1447 2382 1262 2382 1259 2382 1447 2383 1259 2383 1260 2383 1447 2384 1260 2384 1262 2384 1448 2385 1262 2385 1264 2385 1448 2386 1264 2386 1261 2386 1448 2387 1261 2387 1262 2387 1449 2388 1264 2388 1266 2388 1449 2389 1266 2389 1263 2389 1449 2390 1263 2390 1264 2390 1450 2391 1266 2391 1268 2391 1450 2392 1265 2392 1266 2392 1450 2393 1268 2393 1265 2393 1451 2394 1268 2394 1270 2394 1452 2395 1267 2395 1268 2395 1452 2396 1270 2396 1267 2396 1452 2397 1268 2397 1451 2397 1452 2398 1451 2398 1270 2398 1453 2399 1270 2399 1272 2399 1454 2400 1272 2400 1269 2400 1454 2401 1269 2401 1270 2401 1454 2402 1270 2402 1453 2402 1454 2403 1453 2403 1272 2403 1455 2404 1272 2404 1274 2404 1456 2405 1274 2405 1271 2405 1456 2406 1271 2406 1272 2406 1456 2407 1272 2407 1455 2407 1456 2408 1455 2408 1274 2408 1457 2409 1274 2409 1276 2409 1458 2410 1273 2410 1274 2410 1458 2411 1276 2411 1273 2411 1458 2412 1274 2412 1457 2412 1458 2413 1457 2413 1276 2413 1459 2414 1276 2414 1278 2414 1460 2415 1275 2415 1276 2415 1460 2416 1278 2416 1275 2416 1460 2417 1276 2417 1459 2417 1460 2418 1459 2418 1278 2418 1461 2419 1278 2419 1280 2419 1462 2420 1277 2420 1278 2420 1462 2421 1282 2421 1277 2421 1462 2422 1280 2422 1282 2422 1462 2423 1278 2423 1461 2423 1462 2424 1461 2424 1280 2424 1463 2425 1464 2425 1465 2425 1465 2426 1466 2426 1467 2426 1464 2427 1466 2427 1465 2427 1467 2428 1468 2428 1469 2428 1466 2429 1468 2429 1467 2429 1469 2430 1470 2430 1471 2430 1468 2431 1470 2431 1469 2431 1471 2432 1472 2432 1473 2432 1470 2433 1472 2433 1471 2433 1473 2434 1474 2434 1475 2434 1472 2435 1474 2435 1473 2435 1475 2436 1476 2436 1477 2436 1474 2437 1476 2437 1475 2437 1477 2438 1478 2438 1479 2438 1476 2439 1478 2439 1477 2439 1479 2440 1480 2440 1481 2440 1478 2441 1480 2441 1479 2441 1481 2442 1482 2442 1483 2442 1480 2443 1482 2443 1481 2443 1483 2444 1484 2444 1485 2444 1482 2445 1484 2445 1483 2445 1485 2446 1486 2446 1487 2446 1484 2447 1486 2447 1485 2447 1487 2448 1488 2448 1489 2448 1486 2449 1488 2449 1487 2449 1488 2450 1490 2450 1489 2450 1489 2451 1490 2451 1491 2451 1490 2452 1492 2452 1491 2452 1491 2453 1492 2453 1493 2453 1492 2454 1494 2454 1493 2454 1493 2455 1494 2455 1495 2455 1494 2456 1496 2456 1495 2456 1495 2457 1496 2457 1497 2457 1496 2458 1498 2458 1497 2458 1497 2459 1498 2459 1499 2459 1498 2460 1500 2460 1499 2460 1499 2461 1500 2461 1501 2461 1500 2462 1502 2462 1501 2462 1501 2463 1502 2463 1503 2463 1502 2464 1504 2464 1503 2464 1503 2465 1504 2465 1505 2465 1504 2466 1506 2466 1505 2466 1505 2467 1506 2467 1507 2467 1507 2468 1508 2468 1509 2468 1506 2469 1508 2469 1507 2469 1509 2470 1464 2470 1463 2470 1508 2471 1464 2471 1509 2471 1510 2472 1511 2472 1512 2472 1513 2473 1514 2473 1510 2473 1515 2474 1516 2474 1513 2474 1517 2475 1518 2475 1515 2475 1519 2476 1520 2476 1517 2476 1521 2477 1522 2477 1519 2477 1523 2478 1524 2478 1525 2478 1526 2479 1523 2479 1527 2479 1528 2480 1526 2480 1529 2480 1530 2481 1528 2481 1531 2481 1532 2482 1530 2482 1533 2482 1534 2483 1532 2483 1535 2483 1536 2484 1537 2484 1538 2484 1539 2485 1537 2485 1536 2485 1540 2486 1536 2486 1538 2486 1540 2487 1538 2487 1541 2487 1540 2488 1541 2488 1512 2488 1542 2489 1543 2489 1544 2489 1542 2490 1544 2490 1539 2490 1542 2491 1539 2491 1536 2491 1542 2492 1540 2492 1543 2492 1542 2493 1536 2493 1540 2493 1545 2494 1540 2494 1512 2494 1545 2495 1543 2495 1540 2495 1545 2496 1512 2496 1511 2496 1546 2497 1511 2497 1543 2497 1546 2498 1545 2498 1511 2498 1546 2499 1543 2499 1545 2499 1547 2500 1511 2500 1510 2500 1547 2501 1510 2501 1514 2501 1548 2502 1514 2502 1511 2502 1548 2503 1547 2503 1514 2503 1548 2504 1511 2504 1547 2504 1549 2505 1514 2505 1513 2505 1549 2506 1513 2506 1516 2506 1550 2507 1516 2507 1514 2507 1550 2508 1549 2508 1516 2508 1550 2509 1514 2509 1549 2509 1551 2510 1516 2510 1515 2510 1551 2511 1515 2511 1518 2511 1552 2512 1518 2512 1516 2512 1552 2513 1551 2513 1518 2513 1552 2514 1516 2514 1551 2514 1553 2515 1518 2515 1517 2515 1553 2516 1517 2516 1520 2516 1554 2517 1553 2517 1520 2517 1554 2518 1520 2518 1518 2518 1554 2519 1518 2519 1553 2519 1555 2520 1520 2520 1519 2520 1555 2521 1519 2521 1522 2521 1556 2522 1522 2522 1520 2522 1556 2523 1520 2523 1555 2523 1556 2524 1555 2524 1522 2524 1557 2525 1522 2525 1521 2525 1558 2526 1559 2526 1522 2526 1558 2527 1522 2527 1557 2527 1560 2528 1521 2528 1561 2528 1560 2529 1557 2529 1521 2529 1560 2530 1559 2530 1558 2530 1560 2531 1558 2531 1557 2531 1562 2532 1560 2532 1561 2532 1563 2533 1564 2533 1559 2533 1563 2534 1560 2534 1562 2534 1563 2535 1559 2535 1560 2535 1565 2536 1562 2536 1561 2536 1565 2537 1561 2537 1566 2537 1565 2538 1564 2538 1563 2538 1565 2539 1563 2539 1562 2539 1567 2540 1565 2540 1566 2540 1568 2541 1565 2541 1567 2541 1568 2542 1569 2542 1564 2542 1568 2543 1564 2543 1565 2543 1570 2544 1568 2544 1567 2544 1570 2545 1566 2545 1571 2545 1570 2546 1569 2546 1568 2546 1570 2547 1567 2547 1566 2547 1572 2548 1570 2548 1571 2548 1573 2549 1574 2549 1569 2549 1573 2550 1569 2550 1570 2550 1573 2551 1570 2551 1572 2551 1575 2552 1571 2552 1576 2552 1575 2553 1574 2553 1573 2553 1575 2554 1572 2554 1571 2554 1575 2555 1573 2555 1572 2555 1577 2556 1575 2556 1576 2556 1578 2557 1575 2557 1577 2557 1578 2558 1574 2558 1575 2558 1578 2559 1579 2559 1574 2559 1580 2560 1577 2560 1576 2560 1580 2561 1578 2561 1577 2561 1580 2562 1579 2562 1578 2562 1580 2563 1576 2563 1581 2563 1582 2564 1580 2564 1581 2564 1583 2565 1579 2565 1580 2565 1583 2566 1580 2566 1582 2566 1583 2567 1584 2567 1579 2567 1585 2568 1582 2568 1581 2568 1585 2569 1583 2569 1582 2569 1585 2570 1584 2570 1583 2570 1585 2571 1581 2571 1586 2571 1587 2572 1585 2572 1586 2572 1588 2573 1589 2573 1584 2573 1588 2574 1584 2574 1585 2574 1588 2575 1585 2575 1587 2575 1590 2576 1589 2576 1588 2576 1590 2577 1587 2577 1586 2577 1590 2578 1588 2578 1587 2578 1590 2579 1586 2579 1591 2579 1592 2580 1590 2580 1591 2580 1593 2581 1594 2581 1589 2581 1593 2582 1590 2582 1592 2582 1593 2583 1589 2583 1590 2583 1595 2584 1594 2584 1593 2584 1595 2585 1592 2585 1591 2585 1595 2586 1593 2586 1592 2586 1595 2587 1591 2587 1596 2587 1597 2588 1595 2588 1596 2588 1598 2589 1599 2589 1594 2589 1598 2590 1594 2590 1595 2590 1598 2591 1595 2591 1597 2591 1600 2592 1599 2592 1598 2592 1600 2593 1597 2593 1596 2593 1600 2594 1598 2594 1597 2594 1600 2595 1596 2595 1601 2595 1602 2596 1600 2596 1601 2596 1603 2597 1604 2597 1599 2597 1603 2598 1599 2598 1600 2598 1603 2599 1600 2599 1602 2599 1605 2600 1604 2600 1603 2600 1605 2601 1602 2601 1601 2601 1605 2602 1601 2602 1606 2602 1605 2603 1603 2603 1602 2603 1607 2604 1605 2604 1606 2604 1608 2605 1609 2605 1604 2605 1608 2606 1604 2606 1605 2606 1608 2607 1605 2607 1607 2607 1610 2608 1606 2608 1611 2608 1610 2609 1609 2609 1608 2609 1610 2610 1607 2610 1606 2610 1610 2611 1608 2611 1607 2611 1612 2612 1610 2612 1611 2612 1613 2613 1614 2613 1609 2613 1613 2614 1609 2614 1610 2614 1613 2615 1610 2615 1612 2615 1615 2616 1611 2616 1616 2616 1615 2617 1614 2617 1613 2617 1615 2618 1612 2618 1611 2618 1615 2619 1613 2619 1612 2619 1617 2620 1615 2620 1616 2620 1618 2621 1619 2621 1614 2621 1618 2622 1614 2622 1615 2622 1618 2623 1615 2623 1617 2623 1620 2624 1616 2624 1621 2624 1620 2625 1619 2625 1618 2625 1620 2626 1617 2626 1616 2626 1620 2627 1618 2627 1617 2627 1622 2628 1620 2628 1621 2628 1623 2629 1524 2629 1619 2629 1623 2630 1619 2630 1620 2630 1623 2631 1620 2631 1622 2631 1624 2632 1621 2632 1525 2632 1624 2633 1525 2633 1524 2633 1624 2634 1524 2634 1623 2634 1624 2635 1622 2635 1621 2635 1624 2636 1623 2636 1622 2636 1625 2637 1525 2637 1527 2637 1625 2638 1523 2638 1525 2638 1625 2639 1527 2639 1523 2639 1626 2640 1527 2640 1529 2640 1626 2641 1529 2641 1526 2641 1626 2642 1526 2642 1527 2642 1627 2643 1529 2643 1531 2643 1628 2644 1531 2644 1528 2644 1628 2645 1528 2645 1529 2645 1628 2646 1529 2646 1627 2646 1628 2647 1627 2647 1531 2647 1629 2648 1531 2648 1533 2648 1630 2649 1531 2649 1629 2649 1630 2650 1629 2650 1533 2650 1630 2651 1530 2651 1531 2651 1630 2652 1533 2652 1530 2652 1631 2653 1533 2653 1535 2653 1632 2654 1533 2654 1631 2654 1632 2655 1631 2655 1535 2655 1632 2656 1532 2656 1533 2656 1632 2657 1535 2657 1532 2657 1633 2658 1535 2658 1537 2658 1634 2659 1535 2659 1633 2659 1634 2660 1633 2660 1537 2660 1634 2661 1544 2661 1534 2661 1634 2662 1539 2662 1544 2662 1634 2663 1534 2663 1535 2663 1634 2664 1537 2664 1539 2664 1635 2665 1636 2665 1637 2665 1635 2666 1637 2666 1638 2666 1639 2667 1638 2667 1640 2667 1639 2668 1635 2668 1638 2668 1641 2669 1640 2669 1642 2669 1641 2670 1639 2670 1640 2670 1643 2671 1642 2671 1644 2671 1643 2672 1641 2672 1642 2672 1645 2673 1644 2673 1646 2673 1645 2674 1643 2674 1644 2674 1647 2675 1646 2675 1648 2675 1647 2676 1648 2676 1649 2676 1647 2677 1645 2677 1646 2677 1650 2678 1647 2678 1649 2678 1651 2679 1649 2679 1652 2679 1651 2680 1650 2680 1649 2680 1653 2681 1652 2681 1654 2681 1653 2682 1651 2682 1652 2682 1655 2683 1654 2683 1656 2683 1655 2684 1653 2684 1654 2684 1657 2685 1656 2685 1658 2685 1657 2686 1655 2686 1656 2686 1659 2687 1658 2687 1660 2687 1659 2688 1657 2688 1658 2688 1661 2689 1660 2689 1662 2689 1661 2690 1659 2690 1660 2690 1663 2691 1662 2691 1664 2691 1663 2692 1661 2692 1662 2692 1665 2693 1664 2693 1666 2693 1665 2694 1663 2694 1664 2694 1636 2695 1665 2695 1666 2695 1636 2696 1666 2696 1637 2696 1650 2697 1651 2697 1667 2697 1650 2698 1667 2698 1668 2698 1647 2699 1668 2699 1669 2699 1647 2700 1650 2700 1668 2700 1645 2701 1669 2701 1670 2701 1645 2702 1647 2702 1669 2702 1643 2703 1645 2703 1670 2703 1671 2704 1643 2704 1670 2704 1641 2705 1643 2705 1671 2705 1672 2706 1641 2706 1671 2706 1639 2707 1641 2707 1672 2707 1673 2708 1639 2708 1672 2708 1635 2709 1639 2709 1673 2709 1674 2710 1635 2710 1673 2710 1636 2711 1635 2711 1674 2711 1675 2712 1636 2712 1674 2712 1665 2713 1636 2713 1675 2713 1676 2714 1665 2714 1675 2714 1663 2715 1665 2715 1676 2715 1677 2716 1663 2716 1676 2716 1661 2717 1663 2717 1677 2717 1678 2718 1661 2718 1677 2718 1659 2719 1661 2719 1678 2719 1679 2720 1659 2720 1678 2720 1657 2721 1659 2721 1679 2721 1680 2722 1657 2722 1679 2722 1655 2723 1657 2723 1680 2723 1681 2724 1655 2724 1680 2724 1653 2725 1655 2725 1681 2725 1667 2726 1653 2726 1681 2726 1651 2727 1653 2727 1667 2727 1682 2728 1683 2728 1684 2728 1685 2729 1686 2729 1687 2729 1685 2730 1687 2730 1688 2730 1689 2731 1685 2731 1688 2731 1689 2732 1688 2732 1690 2732 1691 2733 1682 2733 1684 2733 1691 2734 1686 2734 1685 2734 1691 2735 1684 2735 1686 2735 1692 2736 1689 2736 1690 2736 1693 2737 1694 2737 1682 2737 1693 2738 1685 2738 1689 2738 1693 2739 1682 2739 1691 2739 1693 2740 1691 2740 1685 2740 1695 2741 1690 2741 1696 2741 1695 2742 1692 2742 1690 2742 1697 2743 1698 2743 1694 2743 1697 2744 1693 2744 1689 2744 1697 2745 1689 2745 1692 2745 1697 2746 1694 2746 1693 2746 1699 2747 1695 2747 1696 2747 1700 2748 1701 2748 1698 2748 1700 2749 1692 2749 1695 2749 1700 2750 1698 2750 1697 2750 1700 2751 1697 2751 1692 2751 1702 2752 1699 2752 1696 2752 1702 2753 1696 2753 1703 2753 1704 2754 1695 2754 1699 2754 1704 2755 1705 2755 1701 2755 1704 2756 1700 2756 1695 2756 1704 2757 1701 2757 1700 2757 1704 2758 1699 2758 1702 2758 1706 2759 1702 2759 1703 2759 1706 2760 1703 2760 1707 2760 1708 2761 1709 2761 1705 2761 1708 2762 1705 2762 1704 2762 1708 2763 1704 2763 1702 2763 1710 2764 1706 2764 1707 2764 1711 2765 1702 2765 1706 2765 1711 2766 1712 2766 1709 2766 1711 2767 1708 2767 1702 2767 1711 2768 1709 2768 1708 2768 1713 2769 1710 2769 1707 2769 1713 2770 1707 2770 1714 2770 1715 2771 1716 2771 1712 2771 1715 2772 1706 2772 1710 2772 1715 2773 1712 2773 1711 2773 1715 2774 1710 2774 1713 2774 1715 2775 1711 2775 1706 2775 1717 2776 1713 2776 1714 2776 1718 2777 1719 2777 1716 2777 1718 2778 1716 2778 1715 2778 1718 2779 1715 2779 1713 2779 1720 2780 1717 2780 1714 2780 1720 2781 1714 2781 1721 2781 1722 2782 1723 2782 1719 2782 1722 2783 1713 2783 1717 2783 1722 2784 1718 2784 1713 2784 1722 2785 1719 2785 1718 2785 1724 2786 1721 2786 1725 2786 1724 2787 1720 2787 1721 2787 1726 2788 1722 2788 1717 2788 1726 2789 1720 2789 1724 2789 1726 2790 1727 2790 1723 2790 1726 2791 1717 2791 1720 2791 1726 2792 1723 2792 1722 2792 1728 2793 1724 2793 1725 2793 1729 2794 1730 2794 1727 2794 1729 2795 1727 2795 1726 2795 1729 2796 1726 2796 1724 2796 1731 2797 1728 2797 1725 2797 1731 2798 1725 2798 1732 2798 1733 2799 1734 2799 1730 2799 1733 2800 1724 2800 1728 2800 1733 2801 1729 2801 1724 2801 1733 2802 1730 2802 1729 2802 1735 2803 1731 2803 1732 2803 1735 2804 1732 2804 1736 2804 1737 2805 1734 2805 1733 2805 1737 2806 1733 2806 1728 2806 1737 2807 1738 2807 1734 2807 1737 2808 1728 2808 1731 2808 1739 2809 1735 2809 1736 2809 1740 2810 1731 2810 1735 2810 1740 2811 1741 2811 1738 2811 1740 2812 1738 2812 1737 2812 1740 2813 1737 2813 1731 2813 1742 2814 1739 2814 1736 2814 1742 2815 1736 2815 1743 2815 1744 2816 1741 2816 1740 2816 1744 2817 1745 2817 1741 2817 1744 2818 1739 2818 1742 2818 1744 2819 1735 2819 1739 2819 1744 2820 1740 2820 1735 2820 1746 2821 1742 2821 1743 2821 1747 2822 1748 2822 1745 2822 1747 2823 1749 2823 1748 2823 1747 2824 1745 2824 1744 2824 1747 2825 1744 2825 1742 2825 1750 2826 1743 2826 1751 2826 1750 2827 1746 2827 1743 2827 1752 2828 1749 2828 1747 2828 1752 2829 1742 2829 1746 2829 1752 2830 1747 2830 1742 2830 1753 2831 1751 2831 1754 2831 1753 2832 1750 2832 1751 2832 1755 2833 1756 2833 1749 2833 1755 2834 1749 2834 1752 2834 1755 2835 1746 2835 1750 2835 1755 2836 1752 2836 1746 2836 1757 2837 1753 2837 1754 2837 1758 2838 1759 2838 1756 2838 1758 2839 1756 2839 1755 2839 1758 2840 1750 2840 1753 2840 1758 2841 1755 2841 1750 2841 1760 2842 1754 2842 1761 2842 1760 2843 1757 2843 1754 2843 1762 2844 1763 2844 1759 2844 1762 2845 1759 2845 1758 2845 1762 2846 1753 2846 1757 2846 1762 2847 1758 2847 1753 2847 1764 2848 1760 2848 1761 2848 1765 2849 1762 2849 1757 2849 1765 2850 1766 2850 1763 2850 1765 2851 1767 2851 1766 2851 1765 2852 1763 2852 1762 2852 1765 2853 1757 2853 1760 2853 1768 2854 1764 2854 1761 2854 1768 2855 1761 2855 1769 2855 1770 2856 1765 2856 1760 2856 1770 2857 1767 2857 1765 2857 1770 2858 1760 2858 1764 2858 1771 2859 1768 2859 1769 2859 1771 2860 1769 2860 1772 2860 1773 2861 1764 2861 1768 2861 1773 2862 1767 2862 1770 2862 1773 2863 1774 2863 1767 2863 1773 2864 1775 2864 1774 2864 1773 2865 1770 2865 1764 2865 1776 2866 1771 2866 1772 2866 1777 2867 1768 2867 1771 2867 1777 2868 1775 2868 1773 2868 1777 2869 1773 2869 1768 2869 1778 2870 1772 2870 1779 2870 1778 2871 1776 2871 1772 2871 1780 2872 1775 2872 1777 2872 1780 2873 1771 2873 1776 2873 1780 2874 1777 2874 1771 2874 1780 2875 1776 2875 1778 2875 1780 2876 1781 2876 1775 2876 1782 2877 1778 2877 1779 2877 1783 2878 1780 2878 1778 2878 1783 2879 1784 2879 1781 2879 1783 2880 1781 2880 1780 2880 1785 2881 1779 2881 1786 2881 1785 2882 1782 2882 1779 2882 1787 2883 1788 2883 1784 2883 1787 2884 1783 2884 1778 2884 1787 2885 1789 2885 1788 2885 1787 2886 1784 2886 1783 2886 1787 2887 1778 2887 1782 2887 1790 2888 1785 2888 1786 2888 1791 2889 1789 2889 1787 2889 1791 2890 1782 2890 1785 2890 1791 2891 1787 2891 1782 2891 1792 2892 1790 2892 1786 2892 1792 2893 1786 2893 1793 2893 1794 2894 1789 2894 1791 2894 1794 2895 1795 2895 1789 2895 1794 2896 1785 2896 1790 2896 1794 2897 1791 2897 1785 2897 1796 2898 1792 2898 1793 2898 1796 2899 1793 2899 1797 2899 1798 2900 1799 2900 1795 2900 1798 2901 1800 2901 1799 2901 1798 2902 1795 2902 1794 2902 1798 2903 1790 2903 1792 2903 1798 2904 1794 2904 1790 2904 1801 2905 1796 2905 1797 2905 1802 2906 1800 2906 1798 2906 1802 2907 1792 2907 1796 2907 1802 2908 1798 2908 1792 2908 1803 2909 1801 2909 1797 2909 1803 2910 1797 2910 1804 2910 1805 2911 1800 2911 1802 2911 1805 2912 1806 2912 1800 2912 1805 2913 1796 2913 1801 2913 1805 2914 1802 2914 1796 2914 1807 2915 1803 2915 1804 2915 1808 2916 1809 2916 1806 2916 1808 2917 1810 2917 1809 2917 1808 2918 1806 2918 1805 2918 1808 2919 1801 2919 1803 2919 1808 2920 1805 2920 1801 2920 1811 2921 1807 2921 1804 2921 1811 2922 1804 2922 1812 2922 1813 2923 1814 2923 1810 2923 1813 2924 1810 2924 1808 2924 1813 2925 1803 2925 1807 2925 1813 2926 1808 2926 1803 2926 1813 2927 1807 2927 1811 2927 1815 2928 1812 2928 1816 2928 1815 2929 1811 2929 1812 2929 1817 2930 1814 2930 1813 2930 1817 2931 1813 2931 1811 2931 1818 2932 1815 2932 1816 2932 1819 2933 1820 2933 1814 2933 1819 2934 1814 2934 1817 2934 1819 2935 1811 2935 1815 2935 1819 2936 1817 2936 1811 2936 1819 2937 1815 2937 1818 2937 1821 2938 1816 2938 1822 2938 1821 2939 1818 2939 1816 2939 1823 2940 1824 2940 1820 2940 1823 2941 1820 2941 1819 2941 1823 2942 1819 2942 1818 2942 1823 2943 1818 2943 1821 2943 1825 2944 1821 2944 1822 2944 1826 2945 1823 2945 1821 2945 1826 2946 1827 2946 1824 2946 1826 2947 1828 2947 1827 2947 1826 2948 1824 2948 1823 2948 1829 2949 1825 2949 1822 2949 1829 2950 1822 2950 1830 2950 1831 2951 1828 2951 1826 2951 1831 2952 1821 2952 1825 2952 1831 2953 1826 2953 1821 2953 1832 2954 1829 2954 1830 2954 1833 2955 1829 2955 1832 2955 1833 2956 1828 2956 1831 2956 1833 2957 1834 2957 1828 2957 1833 2958 1835 2958 1834 2958 1833 2959 1831 2959 1825 2959 1833 2960 1825 2960 1829 2960 1836 2961 1832 2961 1830 2961 1836 2962 1830 2962 1837 2962 1838 2963 1835 2963 1833 2963 1838 2964 1833 2964 1832 2964 1839 2965 1836 2965 1837 2965 1839 2966 1837 2966 1840 2966 1841 2967 1835 2967 1838 2967 1841 2968 1838 2968 1832 2968 1841 2969 1832 2969 1836 2969 1841 2970 1842 2970 1835 2970 1843 2971 1839 2971 1840 2971 1844 2972 1836 2972 1839 2972 1844 2973 1841 2973 1836 2973 1844 2974 1842 2974 1841 2974 1844 2975 1845 2975 1842 2975 1846 2976 1843 2976 1840 2976 1846 2977 1840 2977 1847 2977 1848 2978 1839 2978 1843 2978 1848 2979 1844 2979 1839 2979 1848 2980 1843 2980 1846 2980 1848 2981 1845 2981 1844 2981 1848 2982 1849 2982 1845 2982 1850 2983 1846 2983 1847 2983 1851 2984 1848 2984 1846 2984 1851 2985 1849 2985 1848 2985 1851 2986 1852 2986 1849 2986 1851 2987 1853 2987 1852 2987 1854 2988 1850 2988 1847 2988 1854 2989 1847 2989 1855 2989 1856 2990 1851 2990 1846 2990 1856 2991 1853 2991 1851 2991 1856 2992 1846 2992 1850 2992 1857 2993 1854 2993 1855 2993 1857 2994 1855 2994 1858 2994 1859 2995 1856 2995 1850 2995 1859 2996 1850 2996 1854 2996 1859 2997 1860 2997 1853 2997 1859 2998 1853 2998 1856 2998 1861 2999 1857 2999 1858 2999 1862 3000 1863 3000 1860 3000 1862 3001 1860 3001 1859 3001 1862 3002 1859 3002 1854 3002 1862 3003 1854 3003 1857 3003 1862 3004 1857 3004 1861 3004 1864 3005 1861 3005 1858 3005 1864 3006 1858 3006 1687 3006 1864 3007 1687 3007 1686 3007 1865 3008 1866 3008 1863 3008 1865 3009 1867 3009 1866 3009 1865 3010 1863 3010 1862 3010 1865 3011 1861 3011 1864 3011 1865 3012 1862 3012 1861 3012 1868 3013 1683 3013 1867 3013 1868 3014 1867 3014 1865 3014 1868 3015 1864 3015 1686 3015 1868 3016 1865 3016 1864 3016 1868 3017 1684 3017 1683 3017 1868 3018 1686 3018 1684 3018 1869 3019 1870 3019 1683 3019 1869 3020 1683 3020 1682 3020 1871 3021 1869 3021 1682 3021 1871 3022 1682 3022 1694 3022 1872 3023 1871 3023 1694 3023 1872 3024 1694 3024 1698 3024 1873 3025 1872 3025 1698 3025 1873 3026 1698 3026 1701 3026 1874 3027 1873 3027 1701 3027 1874 3028 1701 3028 1705 3028 1874 3029 1705 3029 1709 3029 1875 3030 1874 3030 1709 3030 1876 3031 1875 3031 1709 3031 1876 3032 1709 3032 1712 3032 1876 3033 1712 3033 1716 3033 1877 3034 1876 3034 1716 3034 1877 3035 1716 3035 1719 3035 1878 3036 1877 3036 1719 3036 1878 3037 1719 3037 1723 3037 1879 3038 1878 3038 1723 3038 1879 3039 1723 3039 1727 3039 1880 3040 1879 3040 1727 3040 1880 3041 1727 3041 1730 3041 1881 3042 1880 3042 1730 3042 1881 3043 1730 3043 1734 3043 1882 3044 1881 3044 1734 3044 1882 3045 1734 3045 1738 3045 1883 3046 1882 3046 1738 3046 1883 3047 1738 3047 1741 3047 1884 3048 1741 3048 1745 3048 1884 3049 1883 3049 1741 3049 1885 3050 1745 3050 1748 3050 1885 3051 1884 3051 1745 3051 1886 3052 1748 3052 1749 3052 1886 3053 1885 3053 1748 3053 1887 3054 1749 3054 1756 3054 1887 3055 1886 3055 1749 3055 1888 3056 1756 3056 1759 3056 1888 3057 1887 3057 1756 3057 1889 3058 1759 3058 1763 3058 1889 3059 1888 3059 1759 3059 1890 3060 1763 3060 1766 3060 1890 3061 1889 3061 1763 3061 1891 3062 1766 3062 1767 3062 1891 3063 1890 3063 1766 3063 1892 3064 1891 3064 1767 3064 1892 3065 1767 3065 1774 3065 1893 3066 1892 3066 1774 3066 1894 3067 1893 3067 1774 3067 1894 3068 1774 3068 1775 3068 1894 3069 1775 3069 1781 3069 1895 3070 1894 3070 1781 3070 1896 3071 1895 3071 1781 3071 1896 3072 1781 3072 1784 3072 1896 3073 1784 3073 1788 3073 1897 3074 1896 3074 1788 3074 1898 3075 1897 3075 1788 3075 1898 3076 1788 3076 1789 3076 1898 3077 1789 3077 1795 3077 1899 3078 1898 3078 1795 3078 1900 3079 1899 3079 1795 3079 1900 3080 1795 3080 1799 3080 1900 3081 1799 3081 1800 3081 1901 3082 1900 3082 1800 3082 1901 3083 1800 3083 1806 3083 1902 3084 1901 3084 1806 3084 1902 3085 1806 3085 1809 3085 1903 3086 1902 3086 1809 3086 1903 3087 1809 3087 1810 3087 1904 3088 1903 3088 1810 3088 1904 3089 1810 3089 1814 3089 1905 3090 1904 3090 1814 3090 1905 3091 1814 3091 1820 3091 1906 3092 1905 3092 1820 3092 1906 3093 1820 3093 1824 3093 1907 3094 1906 3094 1824 3094 1907 3095 1824 3095 1827 3095 1908 3096 1907 3096 1827 3096 1908 3097 1827 3097 1828 3097 1909 3098 1908 3098 1828 3098 1910 3099 1909 3099 1828 3099 1910 3100 1828 3100 1834 3100 1911 3101 1910 3101 1834 3101 1911 3102 1834 3102 1835 3102 1911 3103 1835 3103 1842 3103 1912 3104 1911 3104 1842 3104 1913 3105 1912 3105 1842 3105 1913 3106 1842 3106 1845 3106 1914 3107 1913 3107 1845 3107 1914 3108 1845 3108 1849 3108 1914 3109 1849 3109 1852 3109 1915 3110 1914 3110 1852 3110 1916 3111 1915 3111 1852 3111 1916 3112 1852 3112 1853 3112 1917 3113 1853 3113 1860 3113 1917 3114 1916 3114 1853 3114 1918 3115 1860 3115 1863 3115 1918 3116 1917 3116 1860 3116 1919 3117 1863 3117 1866 3117 1919 3118 1866 3118 1867 3118 1919 3119 1918 3119 1863 3119 1920 3120 1919 3120 1867 3120 1870 3121 1867 3121 1683 3121 1870 3122 1920 3122 1867 3122 1736 3123 1921 3123 1743 3123 1732 3124 1922 3124 1736 3124 1725 3125 1923 3125 1732 3125 1721 3126 1924 3126 1725 3126 1925 3127 1926 3127 1858 3127 1927 3128 1925 3128 1855 3128 1928 3129 1927 3129 1847 3129 1929 3130 1928 3130 1840 3130 1930 3131 1929 3131 1837 3131 1931 3132 1930 3132 1830 3132 1932 3133 1931 3133 1822 3133 1933 3134 1932 3134 1816 3134 1934 3135 1933 3135 1812 3135 1935 3136 1934 3136 1804 3136 1936 3137 1935 3137 1797 3137 1937 3138 1936 3138 1793 3138 1938 3139 1937 3139 1786 3139 1939 3140 1938 3140 1779 3140 1940 3141 1939 3141 1772 3141 1941 3142 1940 3142 1769 3142 1942 3143 1754 3143 1751 3143 1943 3144 1754 3144 1942 3144 1944 3145 1942 3145 1751 3145 1944 3146 1751 3146 1743 3146 1944 3147 1743 3147 1921 3147 1945 3148 1921 3148 1946 3148 1945 3149 1946 3149 1943 3149 1945 3150 1943 3150 1942 3150 1945 3151 1942 3151 1944 3151 1945 3152 1944 3152 1921 3152 1947 3153 1921 3153 1736 3153 1947 3154 1736 3154 1922 3154 1948 3155 1922 3155 1921 3155 1948 3156 1921 3156 1947 3156 1948 3157 1947 3157 1922 3157 1949 3158 1922 3158 1732 3158 1949 3159 1732 3159 1923 3159 1950 3160 1922 3160 1949 3160 1950 3161 1949 3161 1923 3161 1950 3162 1923 3162 1922 3162 1951 3163 1923 3163 1725 3163 1951 3164 1725 3164 1924 3164 1952 3165 1951 3165 1924 3165 1952 3166 1924 3166 1923 3166 1952 3167 1923 3167 1951 3167 1953 3168 1924 3168 1721 3168 1954 3169 1955 3169 1924 3169 1954 3170 1924 3170 1953 3170 1956 3171 1954 3171 1953 3171 1956 3172 1955 3172 1954 3172 1956 3173 1953 3173 1721 3173 1956 3174 1721 3174 1714 3174 1957 3175 1956 3175 1714 3175 1958 3176 1959 3176 1955 3176 1958 3177 1956 3177 1957 3177 1958 3178 1955 3178 1956 3178 1960 3179 1714 3179 1707 3179 1960 3180 1957 3180 1714 3180 1960 3181 1958 3181 1957 3181 1960 3182 1959 3182 1958 3182 1961 3183 1960 3183 1707 3183 1962 3184 1963 3184 1959 3184 1962 3185 1960 3185 1961 3185 1962 3186 1959 3186 1960 3186 1964 3187 1962 3187 1961 3187 1964 3188 1963 3188 1962 3188 1964 3189 1707 3189 1703 3189 1964 3190 1961 3190 1707 3190 1965 3191 1964 3191 1703 3191 1966 3192 1967 3192 1963 3192 1966 3193 1964 3193 1965 3193 1966 3194 1963 3194 1964 3194 1968 3195 1703 3195 1696 3195 1968 3196 1965 3196 1703 3196 1968 3197 1967 3197 1966 3197 1968 3198 1966 3198 1965 3198 1969 3199 1968 3199 1696 3199 1970 3200 1971 3200 1967 3200 1970 3201 1967 3201 1968 3201 1970 3202 1968 3202 1969 3202 1972 3203 1696 3203 1690 3203 1972 3204 1970 3204 1969 3204 1972 3205 1969 3205 1696 3205 1972 3206 1971 3206 1970 3206 1973 3207 1972 3207 1690 3207 1974 3208 1971 3208 1972 3208 1974 3209 1975 3209 1971 3209 1974 3210 1972 3210 1973 3210 1976 3211 1975 3211 1974 3211 1976 3212 1974 3212 1973 3212 1976 3213 1973 3213 1690 3213 1976 3214 1690 3214 1688 3214 1977 3215 1976 3215 1688 3215 1978 3216 1976 3216 1977 3216 1978 3217 1975 3217 1976 3217 1978 3218 1979 3218 1975 3218 1980 3219 1977 3219 1688 3219 1980 3220 1978 3220 1977 3220 1980 3221 1979 3221 1978 3221 1980 3222 1688 3222 1687 3222 1981 3223 1980 3223 1687 3223 1982 3224 1979 3224 1980 3224 1982 3225 1980 3225 1981 3225 1982 3226 1926 3226 1979 3226 1983 3227 1981 3227 1687 3227 1983 3228 1982 3228 1981 3228 1983 3229 1926 3229 1982 3229 1983 3230 1858 3230 1926 3230 1983 3231 1687 3231 1858 3231 1984 3232 1925 3232 1858 3232 1984 3233 1855 3233 1925 3233 1984 3234 1858 3234 1855 3234 1985 3235 1847 3235 1927 3235 1985 3236 1927 3236 1855 3236 1985 3237 1855 3237 1847 3237 1986 3238 1840 3238 1928 3238 1986 3239 1928 3239 1847 3239 1986 3240 1847 3240 1840 3240 1987 3241 1929 3241 1840 3241 1987 3242 1837 3242 1929 3242 1987 3243 1840 3243 1837 3243 1988 3244 1830 3244 1930 3244 1988 3245 1930 3245 1837 3245 1988 3246 1837 3246 1830 3246 1989 3247 1822 3247 1931 3247 1989 3248 1931 3248 1830 3248 1989 3249 1830 3249 1822 3249 1990 3250 1816 3250 1932 3250 1990 3251 1932 3251 1822 3251 1990 3252 1822 3252 1816 3252 1991 3253 1816 3253 1812 3253 1992 3254 1816 3254 1991 3254 1992 3255 1991 3255 1812 3255 1992 3256 1812 3256 1933 3256 1992 3257 1933 3257 1816 3257 1993 3258 1812 3258 1804 3258 1994 3259 1812 3259 1993 3259 1994 3260 1993 3260 1804 3260 1994 3261 1804 3261 1934 3261 1994 3262 1934 3262 1812 3262 1995 3263 1804 3263 1797 3263 1996 3264 1804 3264 1995 3264 1996 3265 1995 3265 1797 3265 1996 3266 1797 3266 1935 3266 1996 3267 1935 3267 1804 3267 1997 3268 1797 3268 1793 3268 1998 3269 1797 3269 1997 3269 1998 3270 1997 3270 1793 3270 1998 3271 1793 3271 1936 3271 1998 3272 1936 3272 1797 3272 1999 3273 1793 3273 1786 3273 2000 3274 1793 3274 1999 3274 2000 3275 1999 3275 1786 3275 2000 3276 1786 3276 1937 3276 2000 3277 1937 3277 1793 3277 2001 3278 1786 3278 1779 3278 2002 3279 1786 3279 2001 3279 2002 3280 1938 3280 1786 3280 2002 3281 1779 3281 1938 3281 2002 3282 2001 3282 1779 3282 2003 3283 1779 3283 1772 3283 2004 3284 1939 3284 1779 3284 2004 3285 1772 3285 1939 3285 2004 3286 1779 3286 2003 3286 2004 3287 2003 3287 1772 3287 2005 3288 1772 3288 1769 3288 2006 3289 1940 3289 1772 3289 2006 3290 1769 3290 1940 3290 2006 3291 1772 3291 2005 3291 2006 3292 2005 3292 1769 3292 2007 3293 1769 3293 1761 3293 2008 3294 1941 3294 1769 3294 2008 3295 1769 3295 2007 3295 2008 3296 2007 3296 1761 3296 2009 3297 1761 3297 1754 3297 2010 3298 1946 3298 2011 3298 2010 3299 1754 3299 1943 3299 2010 3300 2009 3300 1754 3300 2010 3301 2011 3301 1941 3301 2010 3302 1761 3302 2009 3302 2010 3303 1943 3303 1946 3303 2010 3304 1941 3304 2008 3304 2010 3305 2008 3305 1761 3305 2012 3306 222 3306 218 3306 2013 3307 2014 3307 2015 3307 2016 3308 2012 3308 218 3308 2016 3309 218 3309 213 3309 2017 3310 2018 3310 2013 3310 2017 3311 2013 3311 2015 3311 2017 3312 2012 3312 2016 3312 2017 3313 2015 3313 2012 3313 2019 3314 213 3314 215 3314 2019 3315 2016 3315 213 3315 2020 3316 2021 3316 2018 3316 2020 3317 2016 3317 2019 3317 2020 3318 2018 3318 2017 3318 2020 3319 2017 3319 2016 3319 2022 3320 2019 3320 215 3320 2022 3321 215 3321 389 3321 2023 3322 389 3322 374 3322 2023 3323 2022 3323 389 3323 2024 3324 2025 3324 2021 3324 2024 3325 2021 3325 2020 3325 2024 3326 2020 3326 2019 3326 2024 3327 2019 3327 2022 3327 2026 3328 2022 3328 2023 3328 2026 3329 2024 3329 2022 3329 2026 3330 2025 3330 2024 3330 2027 3331 2023 3331 374 3331 2028 3332 374 3332 376 3332 2028 3333 2027 3333 374 3333 2029 3334 2030 3334 2025 3334 2029 3335 2026 3335 2023 3335 2029 3336 2025 3336 2026 3336 2029 3337 2023 3337 2027 3337 2031 3338 2027 3338 2028 3338 2031 3339 2030 3339 2029 3339 2031 3340 2029 3340 2027 3340 2032 3341 2028 3341 376 3341 2032 3342 2031 3342 2028 3342 2033 3343 2031 3343 2032 3343 2033 3344 2034 3344 2030 3344 2033 3345 2030 3345 2031 3345 2035 3346 376 3346 196 3346 2035 3347 2032 3347 376 3347 2036 3348 2033 3348 2032 3348 2036 3349 2034 3349 2033 3349 2036 3350 2032 3350 2035 3350 2037 3351 2035 3351 196 3351 2038 3352 2039 3352 2034 3352 2038 3353 2034 3353 2036 3353 2038 3354 2036 3354 2035 3354 2038 3355 2035 3355 2037 3355 2040 3356 196 3356 193 3356 2040 3357 2037 3357 196 3357 2041 3358 2040 3358 193 3358 2042 3359 2038 3359 2037 3359 2042 3360 2037 3360 2040 3360 2042 3361 2039 3361 2038 3361 2043 3362 2044 3362 2039 3362 2043 3363 2040 3363 2041 3363 2043 3364 2039 3364 2042 3364 2043 3365 2042 3365 2040 3365 2045 3366 2041 3366 193 3366 2045 3367 193 3367 190 3367 2045 3368 2043 3368 2041 3368 2046 3369 2045 3369 190 3369 2047 3370 2044 3370 2043 3370 2047 3371 2043 3371 2045 3371 2048 3372 2049 3372 2044 3372 2048 3373 2045 3373 2046 3373 2048 3374 2047 3374 2045 3374 2048 3375 2044 3375 2047 3375 2050 3376 2046 3376 190 3376 2050 3377 190 3377 185 3377 2051 3378 2046 3378 2050 3378 2051 3379 2048 3379 2046 3379 2051 3380 2049 3380 2048 3380 2052 3381 185 3381 187 3381 2052 3382 2050 3382 185 3382 2053 3383 2054 3383 2049 3383 2053 3384 2049 3384 2051 3384 2053 3385 2051 3385 2050 3385 2053 3386 2050 3386 2052 3386 2055 3387 2052 3387 187 3387 2055 3388 187 3388 359 3388 2056 3389 2057 3389 2054 3389 2056 3390 2052 3390 2055 3390 2056 3391 2054 3391 2053 3391 2056 3392 2053 3392 2052 3392 2058 3393 2055 3393 359 3393 2058 3394 359 3394 353 3394 2058 3395 2056 3395 2055 3395 2059 3396 2060 3396 2057 3396 2059 3397 2057 3397 2056 3397 2059 3398 2056 3398 2058 3398 2061 3399 2058 3399 353 3399 2061 3400 353 3400 354 3400 2062 3401 2063 3401 2060 3401 2062 3402 2058 3402 2061 3402 2062 3403 2060 3403 2059 3403 2062 3404 2059 3404 2058 3404 2064 3405 2061 3405 354 3405 2064 3406 354 3406 169 3406 2065 3407 169 3407 165 3407 2065 3408 2064 3408 169 3408 2066 3409 2067 3409 2063 3409 2066 3410 2063 3410 2062 3410 2066 3411 2061 3411 2064 3411 2066 3412 2062 3412 2061 3412 2068 3413 2064 3413 2065 3413 2068 3414 2066 3414 2064 3414 2068 3415 2067 3415 2066 3415 2069 3416 2065 3416 165 3416 2070 3417 165 3417 162 3417 2070 3418 2069 3418 165 3418 2071 3419 2072 3419 2067 3419 2071 3420 2068 3420 2065 3420 2071 3421 2065 3421 2069 3421 2071 3422 2067 3422 2068 3422 2073 3423 2069 3423 2070 3423 2073 3424 2071 3424 2069 3424 2073 3425 2072 3425 2071 3425 2074 3426 2070 3426 162 3426 2075 3427 2070 3427 2074 3427 2075 3428 2076 3428 2072 3428 2075 3429 2073 3429 2070 3429 2075 3430 2072 3430 2073 3430 2077 3431 162 3431 157 3431 2077 3432 2074 3432 162 3432 2078 3433 2077 3433 157 3433 2079 3434 2076 3434 2075 3434 2079 3435 2074 3435 2077 3435 2079 3436 2075 3436 2074 3436 2080 3437 2077 3437 2078 3437 2080 3438 2081 3438 2076 3438 2080 3439 2079 3439 2077 3439 2080 3440 2076 3440 2079 3440 2082 3441 157 3441 159 3441 2082 3442 2078 3442 157 3442 2083 3443 2082 3443 159 3443 2084 3444 2078 3444 2082 3444 2084 3445 2080 3445 2078 3445 2084 3446 2081 3446 2080 3446 2085 3447 2082 3447 2083 3447 2085 3448 2084 3448 2082 3448 2085 3449 2081 3449 2084 3449 2085 3450 2086 3450 2081 3450 2087 3451 2083 3451 159 3451 2087 3452 2085 3452 2083 3452 2087 3453 159 3453 337 3453 2088 3454 2086 3454 2085 3454 2088 3455 2085 3455 2087 3455 2089 3456 2087 3456 337 3456 2089 3457 337 3457 322 3457 2090 3458 2087 3458 2089 3458 2090 3459 2086 3459 2088 3459 2090 3460 2088 3460 2087 3460 2090 3461 2091 3461 2086 3461 2092 3462 2089 3462 322 3462 2092 3463 322 3463 324 3463 2093 3464 2090 3464 2089 3464 2093 3465 2094 3465 2091 3465 2093 3466 2089 3466 2092 3466 2093 3467 2091 3467 2090 3467 2095 3468 2092 3468 324 3468 2095 3469 324 3469 140 3469 2095 3470 140 3470 137 3470 2096 3471 2094 3471 2093 3471 2096 3472 2097 3472 2094 3472 2096 3473 2092 3473 2095 3473 2096 3474 2093 3474 2092 3474 2098 3475 2095 3475 137 3475 2099 3476 2100 3476 2097 3476 2099 3477 2097 3477 2096 3477 2099 3478 2096 3478 2095 3478 2099 3479 2095 3479 2098 3479 2101 3480 2098 3480 137 3480 2101 3481 137 3481 134 3481 2102 3482 2101 3482 134 3482 2102 3483 134 3483 132 3483 2103 3484 2104 3484 2100 3484 2103 3485 2100 3485 2099 3485 2103 3486 2099 3486 2098 3486 2103 3487 2098 3487 2101 3487 2105 3488 2104 3488 2103 3488 2105 3489 2101 3489 2102 3489 2105 3490 2103 3490 2101 3490 2106 3491 2102 3491 132 3491 2107 3492 2106 3492 132 3492 2107 3493 132 3493 129 3493 2108 3494 2109 3494 2104 3494 2108 3495 2104 3495 2105 3495 2108 3496 2105 3496 2102 3496 2108 3497 2102 3497 2106 3497 2110 3498 2109 3498 2108 3498 2110 3499 2106 3499 2107 3499 2110 3500 2108 3500 2106 3500 2111 3501 2107 3501 129 3501 2111 3502 2110 3502 2107 3502 2112 3503 2113 3503 2109 3503 2112 3504 2109 3504 2110 3504 2112 3505 2110 3505 2111 3505 2114 3506 2111 3506 129 3506 2114 3507 129 3507 307 3507 2115 3508 2113 3508 2112 3508 2115 3509 2112 3509 2111 3509 2115 3510 2111 3510 2114 3510 2116 3511 2114 3511 307 3511 2116 3512 2115 3512 2114 3512 2117 3513 2118 3513 2113 3513 2117 3514 2113 3514 2115 3514 2117 3515 2115 3515 2116 3515 2119 3516 2116 3516 307 3516 2119 3517 307 3517 300 3517 2120 3518 2119 3518 300 3518 2121 3519 2116 3519 2119 3519 2121 3520 2118 3520 2117 3520 2121 3521 2117 3521 2116 3521 2121 3522 2119 3522 2120 3522 2122 3523 2123 3523 2118 3523 2122 3524 2118 3524 2121 3524 2122 3525 2121 3525 2120 3525 2124 3526 2120 3526 300 3526 2124 3527 300 3527 302 3527 2125 3528 2124 3528 302 3528 2126 3529 2123 3529 2122 3529 2126 3530 2122 3530 2120 3530 2126 3531 2120 3531 2124 3531 2127 3532 2126 3532 2124 3532 2127 3533 2128 3533 2123 3533 2127 3534 2123 3534 2126 3534 2127 3535 2124 3535 2125 3535 2129 3536 2125 3536 302 3536 2129 3537 2127 3537 2125 3537 2129 3538 302 3538 111 3538 2130 3539 2128 3539 2127 3539 2130 3540 2127 3540 2129 3540 2131 3541 2129 3541 111 3541 2131 3542 111 3542 113 3542 2132 3543 2129 3543 2131 3543 2132 3544 2130 3544 2129 3544 2132 3545 2133 3545 2128 3545 2132 3546 2134 3546 2133 3546 2132 3547 2128 3547 2130 3547 2135 3548 2131 3548 113 3548 2135 3549 2132 3549 2131 3549 2135 3550 113 3550 114 3550 2136 3551 2134 3551 2132 3551 2136 3552 2132 3552 2135 3552 2137 3553 2135 3553 114 3553 2137 3554 114 3554 296 3554 2138 3555 2136 3555 2135 3555 2138 3556 2135 3556 2137 3556 2138 3557 2139 3557 2134 3557 2138 3558 2134 3558 2136 3558 2140 3559 2137 3559 296 3559 2140 3560 296 3560 71 3560 2141 3561 2139 3561 2138 3561 2141 3562 2137 3562 2140 3562 2141 3563 2142 3563 2139 3563 2141 3564 2138 3564 2137 3564 2143 3565 2140 3565 71 3565 2143 3566 2141 3566 2140 3566 2143 3567 71 3567 73 3567 2144 3568 2143 3568 73 3568 2144 3569 73 3569 64 3569 2145 3570 2146 3570 2142 3570 2145 3571 2142 3571 2141 3571 2145 3572 2141 3572 2143 3572 2145 3573 2143 3573 2144 3573 2147 3574 2146 3574 2145 3574 2147 3575 2145 3575 2144 3575 2148 3576 2144 3576 64 3576 2149 3577 2148 3577 64 3577 2149 3578 64 3578 55 3578 2150 3579 2151 3579 2146 3579 2150 3580 2146 3580 2147 3580 2150 3581 2147 3581 2144 3581 2150 3582 2144 3582 2148 3582 2152 3583 2151 3583 2150 3583 2152 3584 2148 3584 2149 3584 2152 3585 2150 3585 2148 3585 2153 3586 2149 3586 55 3586 2153 3587 2152 3587 2149 3587 2154 3588 2155 3588 2151 3588 2154 3589 2152 3589 2153 3589 2154 3590 2151 3590 2152 3590 2156 3591 2153 3591 55 3591 2156 3592 55 3592 41 3592 2157 3593 2155 3593 2154 3593 2157 3594 2154 3594 2153 3594 2157 3595 2153 3595 2156 3595 2158 3596 2156 3596 41 3596 2159 3597 2160 3597 2155 3597 2159 3598 2155 3598 2157 3598 2159 3599 2157 3599 2156 3599 2159 3600 2156 3600 2158 3600 2161 3601 2159 3601 2158 3601 2161 3602 2158 3602 41 3602 2161 3603 41 3603 30 3603 2162 3604 2161 3604 30 3604 2163 3605 2160 3605 2159 3605 2163 3606 2159 3606 2161 3606 2164 3607 2165 3607 2160 3607 2164 3608 2160 3608 2163 3608 2164 3609 2161 3609 2162 3609 2164 3610 2163 3610 2161 3610 2166 3611 30 3611 21 3611 2166 3612 2162 3612 30 3612 2167 3613 2166 3613 21 3613 2168 3614 2165 3614 2164 3614 2168 3615 2164 3615 2162 3615 2168 3616 2162 3616 2166 3616 2169 3617 2170 3617 2165 3617 2169 3618 2165 3618 2168 3618 2169 3619 2166 3619 2167 3619 2169 3620 2168 3620 2166 3620 2171 3621 21 3621 15 3621 2171 3622 2167 3622 21 3622 2172 3623 2169 3623 2167 3623 2172 3624 2167 3624 2171 3624 2172 3625 2170 3625 2169 3625 2173 3626 15 3626 0 3626 2173 3627 2171 3627 15 3627 2174 3628 2172 3628 2171 3628 2174 3629 2170 3629 2172 3629 2174 3630 2171 3630 2173 3630 2174 3631 2175 3631 2170 3631 2176 3632 2173 3632 0 3632 2176 3633 0 3633 2 3633 2176 3634 2 3634 456 3634 2177 3635 2174 3635 2173 3635 2177 3636 2173 3636 2176 3636 2177 3637 2175 3637 2174 3637 2177 3638 2178 3638 2175 3638 2179 3639 2176 3639 456 3639 2180 3640 2177 3640 2176 3640 2180 3641 2178 3641 2177 3641 2180 3642 2176 3642 2179 3642 2180 3643 2181 3643 2178 3643 2182 3644 2179 3644 456 3644 2182 3645 456 3645 458 3645 2182 3646 2180 3646 2179 3646 2183 3647 2181 3647 2180 3647 2183 3648 2180 3648 2182 3648 2183 3649 2184 3649 2181 3649 2185 3650 458 3650 280 3650 2185 3651 2182 3651 458 3651 2186 3652 280 3652 277 3652 2186 3653 2185 3653 280 3653 2187 3654 2182 3654 2185 3654 2187 3655 2183 3655 2182 3655 2187 3656 2184 3656 2183 3656 2187 3657 2185 3657 2186 3657 2187 3658 2188 3658 2184 3658 2189 3659 2187 3659 2186 3659 2189 3660 2188 3660 2187 3660 2190 3661 2186 3661 277 3661 2191 3662 277 3662 275 3662 2191 3663 2190 3663 277 3663 2192 3664 2189 3664 2186 3664 2192 3665 2188 3665 2189 3665 2192 3666 2193 3666 2188 3666 2192 3667 2186 3667 2190 3667 2194 3668 2190 3668 2191 3668 2194 3669 2193 3669 2192 3669 2194 3670 2192 3670 2190 3670 2195 3671 2191 3671 275 3671 2196 3672 2197 3672 2193 3672 2196 3673 2194 3673 2191 3673 2196 3674 2193 3674 2194 3674 2196 3675 2191 3675 2195 3675 2198 3676 275 3676 272 3676 2198 3677 2195 3677 275 3677 2198 3678 2196 3678 2195 3678 2199 3679 2198 3679 272 3679 2200 3680 2197 3680 2196 3680 2200 3681 2196 3681 2198 3681 2201 3682 2202 3682 2197 3682 2201 3683 2197 3683 2200 3683 2201 3684 2198 3684 2199 3684 2201 3685 2200 3685 2198 3685 2203 3686 272 3686 269 3686 2203 3687 2199 3687 272 3687 2203 3688 2201 3688 2199 3688 2204 3689 2203 3689 269 3689 2205 3690 2202 3690 2201 3690 2205 3691 2201 3691 2203 3691 2205 3692 2203 3692 2204 3692 2206 3693 2207 3693 2202 3693 2206 3694 2202 3694 2205 3694 2206 3695 2205 3695 2204 3695 2208 3696 269 3696 441 3696 2208 3697 2204 3697 269 3697 2209 3698 2210 3698 2207 3698 2209 3699 2207 3699 2206 3699 2209 3700 2206 3700 2204 3700 2209 3701 2204 3701 2208 3701 2211 3702 441 3702 427 3702 2211 3703 2208 3703 441 3703 2212 3704 2208 3704 2211 3704 2212 3705 2210 3705 2209 3705 2212 3706 2209 3706 2208 3706 2213 3707 427 3707 428 3707 2213 3708 2211 3708 427 3708 2214 3709 2211 3709 2213 3709 2214 3710 2215 3710 2210 3710 2214 3711 2212 3711 2211 3711 2214 3712 2210 3712 2212 3712 2216 3713 428 3713 252 3713 2216 3714 2213 3714 428 3714 2217 3715 2215 3715 2214 3715 2217 3716 2213 3716 2216 3716 2217 3717 2218 3717 2215 3717 2217 3718 2214 3718 2213 3718 2219 3719 252 3719 249 3719 2219 3720 2216 3720 252 3720 2220 3721 2218 3721 2217 3721 2220 3722 2216 3722 2219 3722 2220 3723 2221 3723 2218 3723 2220 3724 2217 3724 2216 3724 2222 3725 249 3725 246 3725 2222 3726 2219 3726 249 3726 2223 3727 2222 3727 246 3727 2223 3728 246 3728 244 3728 2224 3729 2219 3729 2222 3729 2224 3730 2220 3730 2219 3730 2224 3731 2221 3731 2220 3731 2224 3732 2222 3732 2223 3732 2224 3733 2225 3733 2221 3733 2226 3734 2224 3734 2223 3734 2226 3735 2225 3735 2224 3735 2227 3736 2223 3736 244 3736 2228 3737 244 3737 241 3737 2228 3738 2227 3738 244 3738 2229 3739 2226 3739 2223 3739 2229 3740 2225 3740 2226 3740 2229 3741 2223 3741 2227 3741 2229 3742 2230 3742 2225 3742 2231 3743 2227 3743 2228 3743 2231 3744 2229 3744 2227 3744 2231 3745 2230 3745 2229 3745 2232 3746 2231 3746 2228 3746 2232 3747 2228 3747 241 3747 2233 3748 2230 3748 2231 3748 2233 3749 2231 3749 2232 3749 2233 3750 2234 3750 2230 3750 2235 3751 241 3751 411 3751 2235 3752 2232 3752 241 3752 2236 3753 2233 3753 2232 3753 2236 3754 2234 3754 2233 3754 2236 3755 2232 3755 2235 3755 2237 3756 2236 3756 2235 3756 2237 3757 2235 3757 411 3757 2238 3758 2234 3758 2236 3758 2238 3759 2236 3759 2237 3759 2238 3760 2239 3760 2234 3760 2240 3761 411 3761 405 3761 2240 3762 2237 3762 411 3762 2241 3763 2240 3763 405 3763 2242 3764 2238 3764 2237 3764 2242 3765 2239 3765 2238 3765 2242 3766 2237 3766 2240 3766 2243 3767 2244 3767 2239 3767 2243 3768 2240 3768 2241 3768 2243 3769 2239 3769 2242 3769 2243 3770 2242 3770 2240 3770 2245 3771 405 3771 406 3771 2245 3772 2241 3772 405 3772 2246 3773 2245 3773 406 3773 2247 3774 2244 3774 2243 3774 2247 3775 2243 3775 2241 3775 2247 3776 2241 3776 2245 3776 2247 3777 2245 3777 2246 3777 2248 3778 2249 3778 2244 3778 2248 3779 2244 3779 2247 3779 2248 3780 2247 3780 2246 3780 2250 3781 406 3781 224 3781 2250 3782 2246 3782 406 3782 2251 3783 2249 3783 2248 3783 2251 3784 2248 3784 2246 3784 2251 3785 2246 3785 2250 3785 2252 3786 224 3786 222 3786 2252 3787 2012 3787 2015 3787 2252 3788 222 3788 2012 3788 2252 3789 2250 3789 224 3789 2252 3790 2251 3790 2250 3790 2253 3791 2014 3791 2249 3791 2253 3792 2249 3792 2251 3792 2253 3793 2252 3793 2015 3793 2253 3794 2015 3794 2014 3794 2253 3795 2251 3795 2252 3795 2254 3796 2255 3796 2256 3796 2257 3797 2258 3797 2254 3797 2259 3798 2260 3798 2257 3798 2261 3799 2262 3799 2259 3799 2263 3800 2264 3800 2261 3800 2265 3801 2266 3801 2263 3801 2267 3802 2268 3802 2265 3802 2269 3803 2270 3803 2267 3803 2271 3804 2272 3804 2269 3804 2273 3805 2274 3805 2271 3805 2275 3806 2276 3806 2273 3806 2277 3807 2278 3807 2275 3807 2279 3808 2280 3808 2281 3808 2282 3809 2279 3809 2283 3809 2284 3810 2282 3810 2285 3810 2286 3811 2284 3811 2287 3811 2288 3812 2286 3812 2289 3812 2290 3813 2288 3813 2291 3813 2292 3814 2290 3814 2293 3814 2294 3815 2292 3815 2295 3815 2296 3816 2294 3816 2297 3816 2298 3817 2296 3817 2299 3817 2300 3818 2298 3818 2301 3818 2302 3819 2300 3819 2303 3819 2304 3820 2305 3820 2306 3820 2307 3821 2305 3821 2304 3821 2308 3822 2302 3822 2307 3822 2309 3823 2304 3823 2306 3823 2309 3824 2306 3824 2310 3824 2311 3825 2304 3825 2309 3825 2311 3826 2309 3826 2312 3826 2311 3827 2312 3827 2308 3827 2311 3828 2308 3828 2307 3828 2311 3829 2307 3829 2304 3829 2313 3830 2309 3830 2310 3830 2313 3831 2312 3831 2309 3831 2313 3832 2256 3832 2255 3832 2313 3833 2310 3833 2256 3833 2314 3834 2255 3834 2312 3834 2314 3835 2313 3835 2255 3835 2314 3836 2312 3836 2313 3836 2315 3837 2255 3837 2254 3837 2315 3838 2254 3838 2258 3838 2316 3839 2315 3839 2258 3839 2316 3840 2255 3840 2315 3840 2316 3841 2258 3841 2255 3841 2317 3842 2258 3842 2257 3842 2317 3843 2257 3843 2260 3843 2318 3844 2317 3844 2260 3844 2318 3845 2258 3845 2317 3845 2318 3846 2260 3846 2258 3846 2319 3847 2260 3847 2259 3847 2319 3848 2259 3848 2262 3848 2320 3849 2260 3849 2319 3849 2320 3850 2262 3850 2260 3850 2320 3851 2319 3851 2262 3851 2321 3852 2262 3852 2261 3852 2321 3853 2261 3853 2264 3853 2322 3854 2264 3854 2262 3854 2322 3855 2321 3855 2264 3855 2322 3856 2262 3856 2321 3856 2323 3857 2264 3857 2263 3857 2323 3858 2263 3858 2266 3858 2324 3859 2266 3859 2264 3859 2324 3860 2264 3860 2323 3860 2324 3861 2323 3861 2266 3861 2325 3862 2266 3862 2265 3862 2325 3863 2265 3863 2268 3863 2326 3864 2266 3864 2325 3864 2326 3865 2325 3865 2268 3865 2326 3866 2268 3866 2266 3866 2327 3867 2268 3867 2267 3867 2327 3868 2267 3868 2270 3868 2328 3869 2327 3869 2270 3869 2328 3870 2268 3870 2327 3870 2328 3871 2270 3871 2268 3871 2329 3872 2270 3872 2269 3872 2329 3873 2269 3873 2272 3873 2330 3874 2272 3874 2270 3874 2330 3875 2329 3875 2272 3875 2330 3876 2270 3876 2329 3876 2331 3877 2272 3877 2271 3877 2331 3878 2271 3878 2274 3878 2332 3879 2274 3879 2272 3879 2332 3880 2331 3880 2274 3880 2332 3881 2272 3881 2331 3881 2333 3882 2274 3882 2273 3882 2333 3883 2273 3883 2276 3883 2334 3884 2274 3884 2333 3884 2334 3885 2276 3885 2274 3885 2334 3886 2333 3886 2276 3886 2335 3887 2276 3887 2275 3887 2335 3888 2275 3888 2278 3888 2336 3889 2335 3889 2278 3889 2336 3890 2276 3890 2335 3890 2336 3891 2278 3891 2276 3891 2337 3892 2278 3892 2277 3892 2338 3893 2339 3893 2278 3893 2338 3894 2278 3894 2337 3894 2340 3895 2337 3895 2277 3895 2340 3896 2339 3896 2338 3896 2340 3897 2338 3897 2337 3897 2340 3898 2277 3898 2341 3898 2342 3899 2340 3899 2341 3899 2343 3900 2340 3900 2342 3900 2343 3901 2344 3901 2339 3901 2343 3902 2339 3902 2340 3902 2345 3903 2342 3903 2341 3903 2345 3904 2343 3904 2342 3904 2345 3905 2344 3905 2343 3905 2345 3906 2341 3906 2346 3906 2347 3907 2345 3907 2346 3907 2348 3908 2345 3908 2347 3908 2348 3909 2344 3909 2345 3909 2348 3910 2349 3910 2344 3910 2350 3911 2347 3911 2346 3911 2350 3912 2348 3912 2347 3912 2350 3913 2349 3913 2348 3913 2350 3914 2346 3914 2351 3914 2352 3915 2350 3915 2351 3915 2353 3916 2350 3916 2352 3916 2353 3917 2349 3917 2350 3917 2353 3918 2354 3918 2349 3918 2355 3919 2352 3919 2351 3919 2355 3920 2353 3920 2352 3920 2355 3921 2351 3921 2356 3921 2355 3922 2354 3922 2353 3922 2357 3923 2355 3923 2356 3923 2358 3924 2355 3924 2357 3924 2358 3925 2359 3925 2354 3925 2358 3926 2354 3926 2355 3926 2360 3927 2356 3927 2361 3927 2360 3928 2357 3928 2356 3928 2360 3929 2359 3929 2358 3929 2360 3930 2358 3930 2357 3930 2362 3931 2360 3931 2361 3931 2363 3932 2364 3932 2359 3932 2363 3933 2359 3933 2360 3933 2363 3934 2360 3934 2362 3934 2365 3935 2362 3935 2361 3935 2365 3936 2364 3936 2363 3936 2365 3937 2363 3937 2362 3937 2365 3938 2361 3938 2366 3938 2367 3939 2365 3939 2366 3939 2368 3940 2369 3940 2364 3940 2368 3941 2364 3941 2365 3941 2368 3942 2365 3942 2367 3942 2370 3943 2367 3943 2366 3943 2370 3944 2369 3944 2368 3944 2370 3945 2368 3945 2367 3945 2370 3946 2366 3946 2371 3946 2372 3947 2370 3947 2371 3947 2373 3948 2374 3948 2369 3948 2373 3949 2369 3949 2370 3949 2373 3950 2370 3950 2372 3950 2375 3951 2372 3951 2371 3951 2375 3952 2374 3952 2373 3952 2375 3953 2373 3953 2372 3953 2375 3954 2371 3954 2376 3954 2377 3955 2375 3955 2376 3955 2378 3956 2379 3956 2374 3956 2378 3957 2374 3957 2375 3957 2378 3958 2375 3958 2377 3958 2380 3959 2377 3959 2376 3959 2380 3960 2379 3960 2378 3960 2380 3961 2378 3961 2377 3961 2380 3962 2376 3962 2381 3962 2382 3963 2380 3963 2381 3963 2383 3964 2384 3964 2379 3964 2383 3965 2379 3965 2380 3965 2383 3966 2380 3966 2382 3966 2385 3967 2382 3967 2381 3967 2385 3968 2381 3968 2386 3968 2385 3969 2384 3969 2383 3969 2385 3970 2383 3970 2382 3970 2387 3971 2385 3971 2386 3971 2388 3972 2389 3972 2384 3972 2388 3973 2384 3973 2385 3973 2388 3974 2385 3974 2387 3974 2390 3975 2387 3975 2386 3975 2390 3976 2386 3976 2391 3976 2390 3977 2389 3977 2388 3977 2390 3978 2388 3978 2387 3978 2392 3979 2390 3979 2391 3979 2393 3980 2394 3980 2389 3980 2393 3981 2389 3981 2390 3981 2393 3982 2390 3982 2392 3982 2395 3983 2393 3983 2392 3983 2395 3984 2392 3984 2391 3984 2395 3985 2391 3985 2396 3985 2395 3986 2394 3986 2393 3986 2397 3987 2395 3987 2396 3987 2398 3988 2394 3988 2395 3988 2398 3989 2395 3989 2397 3989 2398 3990 2399 3990 2394 3990 2400 3991 2397 3991 2396 3991 2400 3992 2398 3992 2397 3992 2400 3993 2399 3993 2398 3993 2400 3994 2396 3994 2401 3994 2402 3995 2400 3995 2401 3995 2403 3996 2399 3996 2400 3996 2403 3997 2400 3997 2402 3997 2403 3998 2404 3998 2399 3998 2405 3999 2402 3999 2401 3999 2405 4000 2403 4000 2402 4000 2405 4001 2404 4001 2403 4001 2405 4002 2401 4002 2406 4002 2407 4003 2405 4003 2406 4003 2408 4004 2404 4004 2405 4004 2408 4005 2405 4005 2407 4005 2408 4006 2409 4006 2404 4006 2410 4007 2407 4007 2406 4007 2410 4008 2408 4008 2407 4008 2410 4009 2409 4009 2408 4009 2410 4010 2406 4010 2411 4010 2412 4011 2410 4011 2411 4011 2413 4012 2414 4012 2409 4012 2413 4013 2409 4013 2410 4013 2413 4014 2410 4014 2412 4014 2415 4015 2414 4015 2413 4015 2415 4016 2412 4016 2411 4016 2415 4017 2413 4017 2412 4017 2415 4018 2411 4018 2416 4018 2417 4019 2415 4019 2416 4019 2418 4020 2419 4020 2414 4020 2418 4021 2414 4021 2415 4021 2418 4022 2415 4022 2417 4022 2420 4023 2419 4023 2418 4023 2420 4024 2417 4024 2416 4024 2420 4025 2418 4025 2417 4025 2420 4026 2416 4026 2421 4026 2422 4027 2420 4027 2421 4027 2423 4028 2424 4028 2419 4028 2423 4029 2419 4029 2420 4029 2423 4030 2420 4030 2422 4030 2425 4031 2424 4031 2423 4031 2425 4032 2422 4032 2421 4032 2425 4033 2423 4033 2422 4033 2425 4034 2421 4034 2426 4034 2427 4035 2425 4035 2426 4035 2428 4036 2429 4036 2424 4036 2428 4037 2424 4037 2425 4037 2428 4038 2425 4038 2427 4038 2430 4039 2429 4039 2428 4039 2430 4040 2427 4040 2426 4040 2430 4041 2428 4041 2427 4041 2430 4042 2426 4042 2431 4042 2432 4043 2430 4043 2431 4043 2433 4044 2434 4044 2429 4044 2433 4045 2429 4045 2430 4045 2433 4046 2430 4046 2432 4046 2435 4047 2434 4047 2433 4047 2435 4048 2432 4048 2431 4048 2435 4049 2433 4049 2432 4049 2435 4050 2431 4050 2436 4050 2437 4051 2435 4051 2436 4051 2438 4052 2439 4052 2434 4052 2438 4053 2434 4053 2435 4053 2438 4054 2435 4054 2437 4054 2440 4055 2439 4055 2438 4055 2440 4056 2437 4056 2436 4056 2440 4057 2438 4057 2437 4057 2440 4058 2436 4058 2441 4058 2442 4059 2440 4059 2441 4059 2443 4060 2444 4060 2439 4060 2443 4061 2439 4061 2440 4061 2443 4062 2440 4062 2442 4062 2445 4063 2444 4063 2443 4063 2445 4064 2442 4064 2441 4064 2445 4065 2443 4065 2442 4065 2445 4066 2441 4066 2446 4066 2447 4067 2445 4067 2446 4067 2448 4068 2449 4068 2444 4068 2448 4069 2444 4069 2445 4069 2448 4070 2445 4070 2447 4070 2450 4071 2448 4071 2447 4071 2450 4072 2446 4072 2451 4072 2450 4073 2449 4073 2448 4073 2450 4074 2447 4074 2446 4074 2452 4075 2450 4075 2451 4075 2453 4076 2449 4076 2450 4076 2453 4077 2454 4077 2449 4077 2453 4078 2450 4078 2452 4078 2455 4079 2452 4079 2451 4079 2455 4080 2453 4080 2452 4080 2455 4081 2454 4081 2453 4081 2455 4082 2451 4082 2456 4082 2457 4083 2455 4083 2456 4083 2458 4084 2454 4084 2455 4084 2458 4085 2455 4085 2457 4085 2458 4086 2459 4086 2454 4086 2460 4087 2457 4087 2456 4087 2460 4088 2458 4088 2457 4088 2460 4089 2459 4089 2458 4089 2460 4090 2456 4090 2461 4090 2462 4091 2460 4091 2461 4091 2463 4092 2464 4092 2459 4092 2463 4093 2459 4093 2460 4093 2463 4094 2460 4094 2462 4094 2465 4095 2464 4095 2463 4095 2465 4096 2462 4096 2461 4096 2465 4097 2463 4097 2462 4097 2465 4098 2461 4098 2466 4098 2467 4099 2465 4099 2466 4099 2468 4100 2280 4100 2464 4100 2468 4101 2465 4101 2467 4101 2468 4102 2464 4102 2465 4102 2469 4103 2280 4103 2468 4103 2469 4104 2467 4104 2466 4104 2469 4105 2468 4105 2467 4105 2469 4106 2281 4106 2280 4106 2469 4107 2466 4107 2281 4107 2470 4108 2279 4108 2281 4108 2470 4109 2283 4109 2279 4109 2470 4110 2281 4110 2283 4110 2471 4111 2285 4111 2282 4111 2471 4112 2282 4112 2283 4112 2471 4113 2283 4113 2285 4113 2472 4114 2287 4114 2284 4114 2472 4115 2284 4115 2285 4115 2472 4116 2285 4116 2287 4116 2473 4117 2287 4117 2289 4117 2473 4118 2289 4118 2286 4118 2473 4119 2286 4119 2287 4119 2474 4120 2289 4120 2291 4120 2474 4121 2291 4121 2288 4121 2474 4122 2288 4122 2289 4122 2475 4123 2291 4123 2293 4123 2475 4124 2290 4124 2291 4124 2475 4125 2293 4125 2290 4125 2476 4126 2293 4126 2295 4126 2477 4127 2292 4127 2293 4127 2477 4128 2295 4128 2292 4128 2477 4129 2293 4129 2476 4129 2477 4130 2476 4130 2295 4130 2478 4131 2295 4131 2297 4131 2479 4132 2297 4132 2294 4132 2479 4133 2294 4133 2295 4133 2479 4134 2295 4134 2478 4134 2479 4135 2478 4135 2297 4135 2480 4136 2297 4136 2299 4136 2481 4137 2299 4137 2296 4137 2481 4138 2296 4138 2297 4138 2481 4139 2297 4139 2480 4139 2481 4140 2480 4140 2299 4140 2482 4141 2299 4141 2301 4141 2483 4142 2298 4142 2299 4142 2483 4143 2301 4143 2298 4143 2483 4144 2299 4144 2482 4144 2483 4145 2482 4145 2301 4145 2484 4146 2301 4146 2303 4146 2485 4147 2300 4147 2301 4147 2485 4148 2303 4148 2300 4148 2485 4149 2301 4149 2484 4149 2485 4150 2484 4150 2303 4150 2486 4151 2303 4151 2305 4151 2487 4152 2302 4152 2303 4152 2487 4153 2307 4153 2302 4153 2487 4154 2305 4154 2307 4154 2487 4155 2303 4155 2486 4155 2487 4156 2486 4156 2305 4156 2488 4157 2489 4157 2490 4157 2488 4158 2490 4158 2491 4158 2492 4159 2491 4159 2493 4159 2492 4160 2488 4160 2491 4160 2494 4161 2493 4161 2495 4161 2494 4162 2495 4162 2496 4162 2494 4163 2492 4163 2493 4163 2497 4164 2494 4164 2496 4164 2498 4165 2496 4165 2499 4165 2498 4166 2497 4166 2496 4166 2500 4167 2499 4167 2501 4167 2500 4168 2498 4168 2499 4168 2502 4169 2501 4169 2503 4169 2502 4170 2503 4170 2490 4170 2502 4171 2500 4171 2501 4171 2489 4172 2502 4172 2490 4172 2491 4173 2490 4173 2504 4173 2491 4174 2504 4174 2505 4174 2493 4175 2491 4175 2505 4175 2506 4176 2493 4176 2505 4176 2495 4177 2493 4177 2506 4177 2507 4178 2495 4178 2506 4178 2496 4179 2495 4179 2507 4179 2508 4180 2496 4180 2507 4180 2499 4181 2496 4181 2508 4181 2509 4182 2499 4182 2508 4182 2501 4183 2499 4183 2509 4183 2510 4184 2501 4184 2509 4184 2503 4185 2501 4185 2510 4185 2504 4186 2503 4186 2510 4186 2490 4187 2503 4187 2504 4187 2511 4188 2512 4188 2513 4188 2514 4189 2512 4189 2511 4189 2515 4190 2511 4190 2516 4190 2515 4191 2514 4191 2511 4191 2517 4192 2515 4192 2516 4192 2518 4193 2515 4193 2517 4193 2519 4194 2517 4194 2520 4194 2519 4195 2518 4195 2517 4195 2521 4196 2519 4196 2520 4196 2522 4197 2519 4197 2521 4197 2523 4198 2521 4198 2524 4198 2523 4199 2522 4199 2521 4199 2525 4200 2523 4200 2524 4200 2526 4201 2523 4201 2525 4201 2527 4202 2525 4202 2528 4202 2527 4203 2526 4203 2525 4203 2529 4204 2527 4204 2528 4204 2530 4205 2527 4205 2529 4205 2531 4206 2529 4206 2532 4206 2531 4207 2530 4207 2529 4207 2533 4208 2531 4208 2532 4208 2534 4209 2531 4209 2533 4209 2512 4210 2533 4210 2513 4210 2512 4211 2534 4211 2533 4211 2535 4212 2536 4212 2537 4212 2538 4213 2536 4213 2535 4213 2539 4214 2535 4214 2540 4214 2539 4215 2538 4215 2535 4215 2541 4216 2539 4216 2540 4216 2542 4217 2539 4217 2541 4217 2543 4218 2541 4218 2544 4218 2543 4219 2542 4219 2541 4219 2545 4220 2543 4220 2544 4220 2546 4221 2543 4221 2545 4221 2547 4222 2545 4222 2548 4222 2547 4223 2546 4223 2545 4223 2549 4224 2547 4224 2548 4224 2550 4225 2547 4225 2549 4225 2551 4226 2549 4226 2552 4226 2551 4227 2550 4227 2549 4227 2553 4228 2551 4228 2552 4228 2554 4229 2551 4229 2553 4229 2555 4230 2553 4230 2556 4230 2555 4231 2554 4231 2553 4231 2557 4232 2555 4232 2556 4232 2558 4233 2555 4233 2557 4233 2536 4234 2557 4234 2537 4234 2536 4235 2558 4235 2557 4235 2559 4236 2560 4236 2561 4236 2559 4237 2561 4237 2562 4237 2563 4238 2562 4238 2564 4238 2563 4239 2559 4239 2562 4239 2565 4240 2564 4240 2566 4240 2565 4241 2563 4241 2564 4241 2567 4242 2568 4242 2569 4242 2567 4243 2566 4243 2568 4243 2567 4244 2565 4244 2566 4244 2570 4245 2567 4245 2569 4245 2571 4246 2569 4246 2572 4246 2571 4247 2570 4247 2569 4247 2573 4248 2572 4248 2574 4248 2573 4249 2571 4249 2572 4249 2560 4250 2574 4250 2561 4250 2560 4251 2573 4251 2574 4251 2575 4252 2576 4252 2577 4252 2575 4253 2577 4253 2578 4253 2579 4254 2578 4254 2580 4254 2579 4255 2575 4255 2578 4255 2581 4256 2580 4256 2582 4256 2581 4257 2579 4257 2580 4257 2583 4258 2582 4258 2584 4258 2583 4259 2581 4259 2582 4259 2585 4260 2584 4260 2586 4260 2585 4261 2583 4261 2584 4261 2587 4262 2586 4262 2588 4262 2587 4263 2588 4263 2589 4263 2587 4264 2585 4264 2586 4264 2590 4265 2587 4265 2589 4265 2576 4266 2589 4266 2577 4266 2576 4267 2590 4267 2589 4267 2591 4268 2592 4268 2593 4268 2594 4269 2592 4269 2591 4269 2595 4270 2591 4270 2596 4270 2595 4271 2594 4271 2591 4271 2597 4272 2595 4272 2596 4272 2598 4273 2595 4273 2597 4273 2599 4274 2597 4274 2600 4274 2599 4275 2598 4275 2597 4275 2601 4276 2599 4276 2600 4276 2602 4277 2599 4277 2601 4277 2603 4278 2601 4278 2604 4278 2603 4279 2602 4279 2601 4279 2605 4280 2603 4280 2604 4280 2606 4281 2603 4281 2605 4281 2607 4282 2605 4282 2608 4282 2607 4283 2606 4283 2605 4283 2609 4284 2607 4284 2608 4284 2610 4285 2607 4285 2609 4285 2611 4286 2609 4286 2612 4286 2611 4287 2610 4287 2609 4287 2613 4288 2611 4288 2612 4288 2614 4289 2611 4289 2613 4289 2592 4290 2613 4290 2593 4290 2592 4291 2614 4291 2613 4291 2615 4292 2616 4292 2583 4292 2583 4293 2616 4293 2581 4293 2617 4294 2618 4294 2619 4294 2620 4295 2618 4295 2615 4295 2619 4296 2618 4296 2620 4296 2615 4297 2618 4297 2616 4297 2581 4298 2621 4298 2579 4298 2616 4299 2621 4299 2581 4299 2622 4300 2623 4300 2617 4300 2616 4301 2623 4301 2621 4301 2618 4302 2623 4302 2616 4302 2617 4303 2623 4303 2618 4303 2579 4304 2624 4304 2575 4304 2621 4305 2624 4305 2579 4305 2625 4306 2626 4306 2627 4306 2627 4307 2626 4307 2622 4307 2622 4308 2626 4308 2623 4308 2623 4309 2626 4309 2621 4309 2621 4310 2626 4310 2624 4310 2575 4311 2628 4311 2576 4311 2624 4312 2628 4312 2575 4312 2626 4313 2628 4313 2624 4313 2625 4314 2629 4314 2626 4314 2626 4315 2629 4315 2628 4315 2576 4316 2630 4316 2590 4316 2628 4317 2630 4317 2576 4317 2631 4318 2632 4318 2625 4318 2628 4319 2632 4319 2630 4319 2625 4320 2632 4320 2629 4320 2629 4321 2632 4321 2628 4321 2590 4322 2633 4322 2587 4322 2630 4323 2633 4323 2590 4323 2634 4324 2635 4324 2631 4324 2631 4325 2635 4325 2632 4325 2632 4326 2635 4326 2630 4326 2630 4327 2635 4327 2633 4327 2587 4328 2636 4328 2585 4328 2585 4329 2636 4329 2583 4329 2583 4330 2636 4330 2615 4330 2633 4331 2636 4331 2587 4331 2615 4332 2637 4332 2620 4332 2620 4333 2637 4333 2619 4333 2619 4334 2637 4334 2638 4334 2638 4335 2637 4335 2634 4335 2636 4336 2637 4336 2615 4336 2634 4337 2637 4337 2635 4337 2635 4338 2637 4338 2633 4338 2633 4339 2637 4339 2636 4339 2596 4340 2593 4340 2597 4340 2591 4341 2593 4341 2596 4341 2597 4342 2601 4342 2600 4342 2593 4343 2601 4343 2597 4343 2613 4344 2605 4344 2593 4344 2612 4345 2605 4345 2613 4345 2601 4346 2605 4346 2604 4346 2593 4347 2605 4347 2601 4347 2609 4348 2608 4348 2612 4348 2612 4349 2608 4349 2605 4349 2617 4350 2639 4350 2640 4350 2619 4351 2639 4351 2617 4351 2622 4352 2617 4352 2640 4352 2641 4353 2639 4353 2619 4353 2638 4354 2641 4354 2619 4354 2627 4355 2622 4355 2640 4355 2642 4356 2627 4356 2640 4356 2625 4357 2627 4357 2642 4357 2643 4358 2638 4358 2634 4358 2643 4359 2634 4359 2631 4359 2643 4360 2641 4360 2638 4360 2644 4361 2631 4361 2625 4361 2644 4362 2625 4362 2642 4362 2644 4363 2643 4363 2631 4363 2641 4364 2614 4364 2592 4364 2639 4365 2592 4365 2594 4365 2639 4366 2641 4366 2592 4366 2641 4367 2611 4367 2614 4367 2643 4368 2610 4368 2611 4368 2643 4369 2611 4369 2641 4369 2607 4370 2644 4370 2606 4370 2607 4371 2643 4371 2644 4371 2610 4372 2643 4372 2607 4372 2603 4373 2606 4373 2644 4373 2603 4374 2644 4374 2642 4374 2602 4375 2603 4375 2642 4375 2642 4376 2599 4376 2602 4376 2640 4377 2598 4377 2599 4377 2640 4378 2599 4378 2642 4378 2595 4379 2598 4379 2640 4379 2595 4380 2640 4380 2639 4380 2594 4381 2595 4381 2639 4381 2532 4382 2494 4382 2533 4382 2529 4383 2492 4383 2532 4383 2532 4384 2492 4384 2494 4384 2533 4385 2497 4385 2513 4385 2494 4386 2497 4386 2533 4386 2497 4387 2511 4387 2513 4387 2529 4388 2528 4388 2492 4388 2528 4389 2488 4389 2492 4389 2497 4390 2498 4390 2511 4390 2498 4391 2516 4391 2511 4391 2528 4392 2525 4392 2488 4392 2525 4393 2489 4393 2488 4393 2498 4394 2500 4394 2516 4394 2500 4395 2517 4395 2516 4395 2525 4396 2524 4396 2489 4396 2502 4397 2520 4397 2500 4397 2500 4398 2520 4398 2517 4398 2489 4399 2521 4399 2502 4399 2524 4400 2521 4400 2489 4400 2502 4401 2521 4401 2520 4401 2566 4402 2552 4402 2549 4402 2564 4403 2553 4403 2552 4403 2564 4404 2552 4404 2566 4404 2568 4405 2549 4405 2548 4405 2568 4406 2566 4406 2549 4406 2556 4407 2553 4407 2564 4407 2545 4408 2568 4408 2548 4408 2562 4409 2556 4409 2564 4409 2569 4410 2568 4410 2545 4410 2544 4411 2569 4411 2545 4411 2557 4412 2556 4412 2562 4412 2561 4413 2557 4413 2562 4413 2572 4414 2569 4414 2544 4414 2541 4415 2572 4415 2544 4415 2537 4416 2557 4416 2561 4416 2535 4417 2561 4417 2574 4417 2535 4418 2537 4418 2561 4418 2540 4419 2574 4419 2572 4419 2540 4420 2572 4420 2541 4420 2540 4421 2535 4421 2574 4421 2538 4422 2522 4422 2536 4422 2536 4423 2523 4423 2558 4423 2522 4424 2523 4424 2536 4424 2523 4425 2526 4425 2558 4425 2555 4426 2527 4426 2554 4426 2558 4427 2527 4427 2555 4427 2554 4428 2527 4428 2530 4428 2558 4429 2526 4429 2527 4429 2531 4430 2554 4430 2530 4430 2531 4431 2551 4431 2554 4431 2534 4432 2550 4432 2531 4432 2531 4433 2550 4433 2551 4433 2514 4434 2546 4434 2512 4434 2512 4435 2547 4435 2534 4435 2546 4436 2547 4436 2512 4436 2547 4437 2550 4437 2534 4437 2543 4438 2515 4438 2542 4438 2546 4439 2515 4439 2543 4439 2542 4440 2515 4440 2518 4440 2546 4441 2514 4441 2515 4441 2522 4442 2538 4442 2519 4442 2538 4443 2539 4443 2519 4443 2519 4444 2542 4444 2518 4444 2539 4445 2542 4445 2519 4445 2507 4446 2509 4446 2508 4446 2506 4447 2509 4447 2507 4447 2505 4448 2509 4448 2506 4448 2504 4449 2510 4449 2505 4449 2505 4450 2510 4450 2509 4450 2049 4451 2263 4451 2044 4451 2044 4452 2261 4452 2039 4452 2263 4453 2261 4453 2044 4453 2054 4454 2265 4454 2049 4454 2049 4455 2265 4455 2263 4455 2039 4456 2259 4456 2034 4456 2261 4457 2259 4457 2039 4457 2057 4458 2267 4458 2054 4458 2054 4459 2267 4459 2265 4459 2034 4460 2257 4460 2030 4460 2259 4461 2257 4461 2034 4461 2060 4462 2269 4462 2057 4462 2057 4463 2269 4463 2267 4463 2030 4464 2254 4464 2025 4464 2257 4465 2254 4465 2030 4465 2063 4466 2271 4466 2060 4466 2060 4467 2271 4467 2269 4467 2025 4468 2256 4468 2021 4468 2254 4469 2256 4469 2025 4469 2067 4470 2273 4470 2063 4470 2063 4471 2273 4471 2271 4471 2021 4472 2310 4472 2018 4472 2256 4473 2310 4473 2021 4473 2072 4474 2275 4474 2067 4474 2067 4475 2275 4475 2273 4475 2018 4476 2306 4476 2013 4476 2310 4477 2306 4477 2018 4477 2306 4478 2014 4478 2013 4478 2076 4479 2277 4479 2072 4479 2072 4480 2277 4480 2275 4480 2076 4481 2081 4481 2277 4481 2306 4482 2305 4482 2014 4482 2305 4483 2249 4483 2014 4483 2081 4484 2341 4484 2277 4484 2081 4485 2086 4485 2341 4485 2305 4486 2303 4486 2249 4486 2303 4487 2244 4487 2249 4487 2086 4488 2346 4488 2341 4488 2086 4489 2091 4489 2346 4489 2303 4490 2301 4490 2244 4490 2301 4491 2239 4491 2244 4491 2091 4492 2351 4492 2346 4492 2091 4493 2094 4493 2351 4493 2301 4494 2299 4494 2239 4494 2299 4495 2234 4495 2239 4495 2094 4496 2356 4496 2351 4496 2094 4497 2097 4497 2356 4497 2299 4498 2297 4498 2234 4498 2297 4499 2230 4499 2234 4499 2097 4500 2361 4500 2356 4500 2097 4501 2100 4501 2361 4501 2297 4502 2295 4502 2230 4502 2295 4503 2225 4503 2230 4503 2100 4504 2366 4504 2361 4504 2295 4505 2293 4505 2225 4505 2100 4506 2104 4506 2366 4506 2104 4507 2371 4507 2366 4507 2293 4508 2221 4508 2225 4508 2293 4509 2291 4509 2221 4509 2104 4510 2109 4510 2371 4510 2109 4511 2376 4511 2371 4511 2291 4512 2218 4512 2221 4512 2291 4513 2289 4513 2218 4513 2109 4514 2113 4514 2376 4514 2113 4515 2381 4515 2376 4515 2289 4516 2215 4516 2218 4516 2289 4517 2287 4517 2215 4517 2113 4518 2118 4518 2381 4518 2118 4519 2386 4519 2381 4519 2287 4520 2210 4520 2215 4520 2287 4521 2285 4521 2210 4521 2118 4522 2123 4522 2386 4522 2123 4523 2391 4523 2386 4523 2285 4524 2207 4524 2210 4524 2285 4525 2283 4525 2207 4525 2123 4526 2128 4526 2391 4526 2128 4527 2396 4527 2391 4527 2283 4528 2202 4528 2207 4528 2283 4529 2281 4529 2202 4529 2128 4530 2133 4530 2396 4530 2133 4531 2401 4531 2396 4531 2281 4532 2197 4532 2202 4532 2133 4533 2134 4533 2401 4533 2281 4534 2193 4534 2197 4534 2466 4535 2193 4535 2281 4535 2401 4536 2139 4536 2406 4536 2134 4537 2139 4537 2401 4537 2466 4538 2188 4538 2193 4538 2461 4539 2188 4539 2466 4539 2406 4540 2142 4540 2411 4540 2139 4541 2142 4541 2406 4541 2456 4542 2184 4542 2461 4542 2461 4543 2184 4543 2188 4543 2142 4544 2146 4544 2411 4544 2411 4545 2146 4545 2416 4545 2456 4546 2181 4546 2184 4546 2451 4547 2181 4547 2456 4547 2146 4548 2151 4548 2416 4548 2416 4549 2151 4549 2421 4549 2451 4550 2178 4550 2181 4550 2446 4551 2178 4551 2451 4551 2151 4552 2155 4552 2421 4552 2421 4553 2155 4553 2426 4553 2446 4554 2175 4554 2178 4554 2441 4555 2175 4555 2446 4555 2155 4556 2160 4556 2426 4556 2426 4557 2160 4557 2431 4557 2441 4558 2170 4558 2175 4558 2436 4559 2170 4559 2441 4559 2160 4560 2165 4560 2431 4560 2436 4561 2165 4561 2170 4561 2431 4562 2165 4562 2436 4562 1882 4563 2264 4563 2266 4563 1881 4564 1882 4564 2266 4564 1881 4565 2266 4565 2268 4565 1883 4566 2264 4566 1882 4566 1883 4567 2262 4567 2264 4567 1880 4568 1881 4568 2268 4568 1880 4569 2268 4569 2270 4569 1884 4570 2262 4570 1883 4570 2260 4571 2262 4571 1884 4571 1879 4572 1880 4572 2270 4572 1879 4573 2270 4573 2272 4573 1885 4574 2260 4574 1884 4574 2258 4575 2260 4575 1885 4575 1878 4576 1879 4576 2272 4576 1886 4577 2258 4577 1885 4577 2274 4578 1878 4578 2272 4578 2255 4579 2258 4579 1886 4579 1877 4580 1878 4580 2274 4580 1887 4581 2255 4581 1886 4581 2276 4582 1877 4582 2274 4582 2312 4583 2255 4583 1887 4583 1876 4584 1877 4584 2276 4584 1888 4585 2312 4585 1887 4585 2278 4586 1876 4586 2276 4586 2308 4587 2312 4587 1888 4587 1875 4588 1876 4588 2278 4588 1889 4589 2308 4589 1888 4589 2339 4590 1875 4590 2278 4590 2302 4591 2308 4591 1889 4591 1874 4592 1875 4592 2339 4592 1890 4593 2302 4593 1889 4593 2344 4594 1874 4594 2339 4594 2300 4595 2302 4595 1890 4595 1873 4596 1874 4596 2344 4596 1891 4597 2300 4597 1890 4597 2349 4598 1873 4598 2344 4598 2298 4599 2300 4599 1891 4599 1872 4600 1873 4600 2349 4600 1892 4601 2298 4601 1891 4601 2354 4602 1872 4602 2349 4602 2296 4603 2298 4603 1892 4603 1871 4604 1872 4604 2354 4604 1893 4605 2296 4605 1892 4605 2359 4606 1871 4606 2354 4606 2294 4607 2296 4607 1893 4607 1869 4608 1871 4608 2359 4608 1894 4609 2294 4609 1893 4609 2364 4610 1869 4610 2359 4610 2292 4611 2294 4611 1894 4611 1870 4612 1869 4612 2364 4612 1895 4613 2292 4613 1894 4613 2369 4614 1870 4614 2364 4614 2290 4615 2292 4615 1895 4615 1920 4616 1870 4616 2369 4616 1896 4617 2290 4617 1895 4617 2374 4618 1920 4618 2369 4618 2288 4619 2290 4619 1896 4619 1919 4620 1920 4620 2374 4620 1897 4621 2288 4621 1896 4621 2379 4622 1919 4622 2374 4622 2286 4623 2288 4623 1897 4623 1918 4624 1919 4624 2379 4624 1898 4625 2286 4625 1897 4625 2384 4626 1918 4626 2379 4626 2284 4627 2286 4627 1898 4627 1917 4628 1918 4628 2384 4628 1899 4629 2284 4629 1898 4629 2389 4630 1917 4630 2384 4630 2282 4631 2284 4631 1899 4631 1916 4632 1917 4632 2389 4632 1900 4633 2282 4633 1899 4633 2394 4634 1916 4634 2389 4634 2279 4635 2282 4635 1900 4635 1915 4636 1916 4636 2394 4636 1901 4637 2279 4637 1900 4637 2399 4638 1915 4638 2394 4638 2280 4639 2279 4639 1901 4639 1902 4640 2280 4640 1901 4640 2404 4641 1915 4641 2399 4641 2404 4642 1914 4642 1915 4642 2464 4643 2280 4643 1902 4643 1903 4644 2464 4644 1902 4644 2409 4645 1914 4645 2404 4645 2409 4646 1913 4646 1914 4646 2459 4647 2464 4647 1903 4647 1904 4648 2459 4648 1903 4648 2414 4649 1913 4649 2409 4649 2414 4650 1912 4650 1913 4650 2454 4651 2459 4651 1904 4651 1905 4652 2454 4652 1904 4652 2419 4653 1912 4653 2414 4653 2419 4654 1911 4654 1912 4654 2449 4655 2454 4655 1905 4655 1906 4656 2449 4656 1905 4656 2424 4657 1910 4657 1911 4657 2424 4658 1911 4658 2419 4658 2444 4659 1906 4659 1907 4659 2444 4660 2449 4660 1906 4660 2429 4661 1910 4661 2424 4661 2429 4662 1909 4662 1910 4662 2439 4663 1907 4663 1908 4663 2439 4664 2444 4664 1907 4664 2434 4665 1909 4665 2429 4665 2434 4666 2439 4666 1908 4666 2434 4667 1908 4667 1909 4667 2565 4668 1673 4668 1672 4668 2565 4669 1672 4669 1671 4669 2563 4670 1671 4670 1670 4670 2563 4671 2565 4671 1671 4671 2567 4672 1674 4672 1673 4672 2567 4673 1673 4673 2565 4673 1675 4674 1674 4674 2567 4674 1669 4675 2563 4675 1670 4675 2559 4676 2563 4676 1669 4676 2570 4677 1675 4677 2567 4677 1676 4678 1675 4678 2570 4678 1668 4679 2559 4679 1669 4679 1677 4680 2570 4680 2571 4680 1677 4681 1676 4681 2570 4681 1667 4682 2560 4682 2559 4682 1667 4683 2559 4683 1668 4683 1678 4684 1677 4684 2571 4684 1681 4685 2560 4685 1667 4685 1679 4686 2571 4686 2573 4686 1679 4687 1678 4687 2571 4687 1680 4688 2573 4688 2560 4688 1680 4689 1679 4689 2573 4689 1680 4690 2560 4690 1681 4690 1924 4691 1955 4691 1513 4691 1924 4692 1510 4692 1923 4692 1513 4693 1510 4693 1924 4693 1955 4694 1515 4694 1513 4694 1923 4695 1512 4695 1922 4695 1510 4696 1512 4696 1923 4696 1955 4697 1959 4697 1515 4697 1959 4698 1517 4698 1515 4698 1922 4699 1541 4699 1921 4699 1512 4700 1541 4700 1922 4700 1959 4701 1963 4701 1517 4701 1963 4702 1519 4702 1517 4702 1921 4703 1538 4703 1946 4703 1541 4704 1538 4704 1921 4704 1963 4705 1967 4705 1519 4705 1967 4706 1521 4706 1519 4706 1538 4707 2011 4707 1946 4707 1538 4708 1537 4708 2011 4708 1967 4709 1971 4709 1521 4709 1971 4710 1561 4710 1521 4710 1537 4711 1941 4711 2011 4711 1537 4712 1535 4712 1941 4712 1971 4713 1975 4713 1561 4713 1975 4714 1566 4714 1561 4714 1535 4715 1940 4715 1941 4715 1535 4716 1533 4716 1940 4716 1975 4717 1979 4717 1566 4717 1979 4718 1571 4718 1566 4718 1533 4719 1939 4719 1940 4719 1533 4720 1531 4720 1939 4720 1979 4721 1926 4721 1571 4721 1926 4722 1576 4722 1571 4722 1531 4723 1938 4723 1939 4723 1531 4724 1529 4724 1938 4724 1926 4725 1925 4725 1576 4725 1925 4726 1581 4726 1576 4726 1529 4727 1937 4727 1938 4727 1529 4728 1527 4728 1937 4728 1925 4729 1927 4729 1581 4729 1927 4730 1586 4730 1581 4730 1527 4731 1936 4731 1937 4731 1527 4732 1525 4732 1936 4732 1927 4733 1928 4733 1586 4733 1928 4734 1591 4734 1586 4734 1525 4735 1935 4735 1936 4735 1525 4736 1621 4736 1935 4736 1928 4737 1929 4737 1591 4737 1929 4738 1596 4738 1591 4738 1621 4739 1934 4739 1935 4739 1621 4740 1616 4740 1934 4740 1929 4741 1930 4741 1596 4741 1930 4742 1601 4742 1596 4742 1611 4743 1933 4743 1616 4743 1616 4744 1933 4744 1934 4744 1601 4745 1931 4745 1606 4745 1930 4746 1931 4746 1601 4746 1606 4747 1932 4747 1611 4747 1931 4748 1932 4748 1606 4748 1611 4749 1932 4749 1933 4749 1472 4750 1514 4750 1516 4750 1470 4751 1511 4751 1514 4751 1470 4752 1514 4752 1472 4752 1474 4753 1516 4753 1518 4753 1474 4754 1518 4754 1520 4754 1474 4755 1472 4755 1516 4755 1468 4756 1543 4756 1511 4756 1468 4757 1511 4757 1470 4757 1476 4758 1520 4758 1522 4758 1476 4759 1474 4759 1520 4759 1466 4760 1544 4760 1543 4760 1466 4761 1543 4761 1468 4761 1478 4762 1476 4762 1522 4762 1559 4763 1478 4763 1522 4763 1534 4764 1544 4764 1466 4764 1464 4765 1534 4765 1466 4765 1480 4766 1478 4766 1559 4766 1564 4767 1480 4767 1559 4767 1532 4768 1534 4768 1464 4768 1508 4769 1532 4769 1464 4769 1482 4770 1480 4770 1564 4770 1569 4771 1482 4771 1564 4771 1530 4772 1532 4772 1508 4772 1506 4773 1530 4773 1508 4773 1484 4774 1482 4774 1569 4774 1574 4775 1484 4775 1569 4775 1528 4776 1530 4776 1506 4776 1504 4777 1528 4777 1506 4777 1579 4778 1484 4778 1574 4778 1579 4779 1486 4779 1484 4779 1526 4780 1528 4780 1504 4780 1502 4781 1526 4781 1504 4781 1523 4782 1526 4782 1502 4782 1584 4783 1486 4783 1579 4783 1584 4784 1488 4784 1486 4784 1589 4785 1488 4785 1584 4785 1589 4786 1490 4786 1488 4786 1524 4787 1523 4787 1502 4787 1524 4788 1502 4788 1500 4788 1594 4789 1490 4789 1589 4789 1594 4790 1492 4790 1490 4790 1619 4791 1524 4791 1500 4791 1619 4792 1500 4792 1498 4792 1599 4793 1492 4793 1594 4793 1614 4794 1498 4794 1496 4794 1614 4795 1619 4795 1498 4795 1609 4796 1614 4796 1496 4796 1609 4797 1496 4797 1494 4797 1604 4798 1609 4798 1494 4798 1604 4799 1494 4799 1492 4799 1604 4800 1492 4800 1599 4800 1078 4801 1341 4801 1074 4801 1083 4802 1346 4802 1078 4802 1078 4803 1346 4803 1341 4803 1074 4804 1336 4804 1071 4804 1341 4805 1336 4805 1074 4805 1087 4806 1351 4806 1083 4806 1083 4807 1351 4807 1346 4807 1071 4808 1331 4808 1068 4808 1336 4809 1331 4809 1071 4809 1092 4810 1356 4810 1087 4810 1087 4811 1356 4811 1351 4811 1068 4812 1326 4812 1065 4812 1331 4813 1326 4813 1068 4813 1097 4814 1361 4814 1092 4814 1092 4815 1361 4815 1356 4815 1065 4816 1321 4816 1060 4816 1326 4817 1321 4817 1065 4817 1102 4818 1366 4818 1097 4818 1097 4819 1366 4819 1361 4819 1060 4820 1316 4820 1055 4820 1321 4821 1316 4821 1060 4821 1105 4822 1371 4822 1102 4822 1102 4823 1371 4823 1366 4823 1055 4824 1252 4824 1050 4824 1316 4825 1252 4825 1055 4825 1108 4826 1376 4826 1105 4826 1105 4827 1376 4827 1371 4827 1108 4828 1113 4828 1376 4828 1050 4829 1250 4829 1046 4829 1252 4830 1250 4830 1050 4830 1250 4831 1041 4831 1046 4831 1113 4832 1381 4832 1376 4832 1113 4833 1116 4833 1381 4833 1250 4834 1248 4834 1041 4834 1248 4835 1037 4835 1041 4835 1116 4836 1386 4836 1381 4836 1116 4837 1120 4837 1386 4837 1248 4838 1246 4838 1037 4838 1246 4839 1034 4839 1037 4839 1120 4840 1391 4840 1386 4840 1120 4841 1125 4841 1391 4841 1246 4842 1244 4842 1034 4842 1244 4843 1031 4843 1034 4843 1125 4844 1396 4844 1391 4844 1125 4845 1129 4845 1396 4845 1244 4846 1242 4846 1031 4846 1242 4847 1028 4847 1031 4847 1129 4848 1401 4848 1396 4848 1129 4849 1134 4849 1401 4849 1242 4850 1240 4850 1028 4850 1240 4851 1023 4851 1028 4851 1134 4852 1406 4852 1401 4852 1134 4853 1139 4853 1406 4853 1240 4854 1238 4854 1023 4854 1139 4855 1411 4855 1406 4855 1238 4856 1018 4856 1023 4856 1238 4857 1236 4857 1018 4857 1139 4858 1144 4858 1411 4858 1144 4859 1416 4859 1411 4859 1236 4860 1013 4860 1018 4860 1236 4861 1234 4861 1013 4861 1144 4862 1147 4862 1416 4862 1147 4863 1421 4863 1416 4863 1234 4864 1008 4864 1013 4864 1234 4865 1232 4865 1008 4865 1147 4866 1152 4866 1421 4866 1152 4867 1426 4867 1421 4867 1232 4868 1004 4868 1008 4868 1232 4869 1229 4869 1004 4869 1152 4870 1155 4870 1426 4870 1155 4871 1431 4871 1426 4871 1229 4872 999 4872 1004 4872 1229 4873 1231 4873 999 4873 1155 4874 1158 4874 1431 4874 1158 4875 1436 4875 1431 4875 1231 4876 995 4876 999 4876 1231 4877 1285 4877 995 4877 1158 4878 1162 4878 1436 4878 1162 4879 1441 4879 1436 4879 1285 4880 990 4880 995 4880 1285 4881 1281 4881 990 4881 1162 4882 1167 4882 1441 4882 1281 4883 991 4883 990 4883 1167 4884 1171 4884 1441 4884 1441 4885 1171 4885 1256 4885 1280 4886 1228 4886 1281 4886 1281 4887 1228 4887 991 4887 1171 4888 1176 4888 1256 4888 1256 4889 1176 4889 1258 4889 1278 4890 1223 4890 1280 4890 1280 4891 1223 4891 1228 4891 1258 4892 1181 4892 1260 4892 1176 4893 1181 4893 1258 4893 1276 4894 1218 4894 1278 4894 1278 4895 1218 4895 1223 4895 1260 4896 1186 4896 1262 4896 1181 4897 1186 4897 1260 4897 1276 4898 1213 4898 1218 4898 1274 4899 1213 4899 1276 4899 1262 4900 1187 4900 1264 4900 1186 4901 1187 4901 1262 4901 1272 4902 1208 4902 1274 4902 1274 4903 1208 4903 1213 4903 1264 4904 1192 4904 1266 4904 1187 4905 1192 4905 1264 4905 1270 4906 1204 4906 1272 4906 1272 4907 1204 4907 1208 4907 1266 4908 1195 4908 1268 4908 1192 4909 1195 4909 1266 4909 1268 4910 1199 4910 1270 4910 1195 4911 1199 4911 1268 4911 1270 4912 1199 4912 1204 4912 871 4913 1339 4913 1344 4913 870 4914 871 4914 1344 4914 870 4915 1344 4915 1349 4915 872 4916 1339 4916 871 4916 872 4917 1334 4917 1339 4917 869 4918 870 4918 1349 4918 869 4919 1349 4919 1354 4919 873 4920 1334 4920 872 4920 1329 4921 1334 4921 873 4921 868 4922 869 4922 1354 4922 868 4923 1354 4923 1359 4923 874 4924 1329 4924 873 4924 1324 4925 1329 4925 874 4925 867 4926 1359 4926 1364 4926 867 4927 868 4927 1359 4927 875 4928 1324 4928 874 4928 1319 4929 1324 4929 875 4929 866 4930 1364 4930 1369 4930 866 4931 867 4931 1364 4931 876 4932 1319 4932 875 4932 1314 4933 1319 4933 876 4933 865 4934 1369 4934 1374 4934 865 4935 866 4935 1369 4935 877 4936 1314 4936 876 4936 1253 4937 1314 4937 877 4937 864 4938 1374 4938 1379 4938 864 4939 865 4939 1374 4939 878 4940 1253 4940 877 4940 1251 4941 1253 4941 878 4941 1384 4942 864 4942 1379 4942 863 4943 864 4943 1384 4943 879 4944 1251 4944 878 4944 1249 4945 1251 4945 879 4945 1389 4946 863 4946 1384 4946 862 4947 863 4947 1389 4947 880 4948 1249 4948 879 4948 1247 4949 1249 4949 880 4949 1394 4950 862 4950 1389 4950 861 4951 862 4951 1394 4951 881 4952 1247 4952 880 4952 1245 4953 1247 4953 881 4953 1399 4954 861 4954 1394 4954 860 4955 861 4955 1399 4955 882 4956 1245 4956 881 4956 1243 4957 1245 4957 882 4957 1404 4958 860 4958 1399 4958 859 4959 860 4959 1404 4959 883 4960 1243 4960 882 4960 1241 4961 1243 4961 883 4961 1409 4962 859 4962 1404 4962 858 4963 859 4963 1409 4963 832 4964 1241 4964 883 4964 1239 4965 1241 4965 832 4965 1414 4966 858 4966 1409 4966 857 4967 858 4967 1414 4967 833 4968 1239 4968 832 4968 1237 4969 1239 4969 833 4969 1419 4970 857 4970 1414 4970 856 4971 857 4971 1419 4971 834 4972 1237 4972 833 4972 1235 4973 1237 4973 834 4973 1424 4974 856 4974 1419 4974 855 4975 856 4975 1424 4975 835 4976 1235 4976 834 4976 1233 4977 1235 4977 835 4977 1429 4978 855 4978 1424 4978 854 4979 855 4979 1429 4979 836 4980 1233 4980 835 4980 1230 4981 1233 4981 836 4981 1434 4982 854 4982 1429 4982 853 4983 854 4983 1434 4983 837 4984 1230 4984 836 4984 1287 4985 1230 4985 837 4985 1439 4986 853 4986 1434 4986 852 4987 853 4987 1439 4987 838 4988 1287 4988 837 4988 1283 4989 1287 4989 838 4989 1255 4990 852 4990 1439 4990 851 4991 852 4991 1255 4991 839 4992 1283 4992 838 4992 1277 4993 1283 4993 839 4993 1254 4994 851 4994 1255 4994 850 4995 851 4995 1254 4995 840 4996 1277 4996 839 4996 1275 4997 1277 4997 840 4997 1257 4998 850 4998 1254 4998 849 4999 850 4999 1257 4999 841 5000 1275 5000 840 5000 1273 5001 1275 5001 841 5001 842 5002 1273 5002 841 5002 1259 5003 848 5003 849 5003 1259 5004 849 5004 1257 5004 1271 5005 1273 5005 842 5005 843 5006 1271 5006 842 5006 1261 5007 847 5007 848 5007 1261 5008 848 5008 1259 5008 1269 5009 843 5009 844 5009 1269 5010 1271 5010 843 5010 1263 5011 846 5011 847 5011 1263 5012 847 5012 1261 5012 1267 5013 1269 5013 844 5013 1267 5014 844 5014 845 5014 1265 5015 846 5015 1263 5015 1265 5016 1267 5016 845 5016 1265 5017 845 5017 846 5017 2582 5018 679 5018 678 5018 2582 5019 678 5019 677 5019 2580 5020 680 5020 679 5020 2580 5021 679 5021 2582 5021 2584 5022 677 5022 676 5022 2584 5023 2582 5023 677 5023 675 5024 2584 5024 676 5024 681 5025 680 5025 2580 5025 2578 5026 681 5026 2580 5026 2586 5027 2584 5027 675 5027 674 5028 2586 5028 675 5028 682 5029 681 5029 2578 5029 673 5030 2588 5030 2586 5030 673 5031 2586 5031 674 5031 668 5032 2578 5032 2577 5032 668 5033 682 5033 2578 5033 672 5034 2588 5034 673 5034 669 5035 668 5035 2577 5035 671 5036 2589 5036 2588 5036 671 5037 2588 5037 672 5037 670 5038 2577 5038 2589 5038 670 5039 669 5039 2577 5039 670 5040 2589 5040 671 5040 938 5041 572 5041 934 5041 934 5042 567 5042 930 5042 572 5043 567 5043 934 5043 938 5044 577 5044 572 5044 938 5045 942 5045 577 5045 567 5046 562 5046 930 5046 562 5047 926 5047 930 5047 942 5048 582 5048 577 5048 942 5049 946 5049 582 5049 562 5050 522 5050 926 5050 522 5051 922 5051 926 5051 946 5052 587 5052 582 5052 946 5053 950 5053 587 5053 522 5054 520 5054 922 5054 520 5055 918 5055 922 5055 950 5056 592 5056 587 5056 950 5057 954 5057 592 5057 520 5058 518 5058 918 5058 518 5059 914 5059 918 5059 954 5060 597 5060 592 5060 954 5061 958 5061 597 5061 518 5062 516 5062 914 5062 516 5063 910 5063 914 5063 958 5064 602 5064 597 5064 958 5065 962 5065 602 5065 516 5066 514 5066 910 5066 514 5067 887 5067 910 5067 962 5068 607 5068 602 5068 962 5069 966 5069 607 5069 514 5070 511 5070 887 5070 511 5071 886 5071 887 5071 966 5072 612 5072 607 5072 966 5073 970 5073 612 5073 511 5074 513 5074 886 5074 513 5075 885 5075 886 5075 970 5076 617 5076 612 5076 970 5077 889 5077 617 5077 513 5078 543 5078 885 5078 543 5079 884 5079 885 5079 889 5080 622 5080 617 5080 889 5081 888 5081 622 5081 543 5082 539 5082 884 5082 539 5083 901 5083 884 5083 888 5084 526 5084 622 5084 888 5085 890 5085 526 5085 538 5086 896 5086 539 5086 539 5087 896 5087 901 5087 890 5088 528 5088 526 5088 890 5089 891 5089 528 5089 891 5090 530 5090 528 5090 538 5091 895 5091 896 5091 536 5092 895 5092 538 5092 891 5093 892 5093 530 5093 892 5094 532 5094 530 5094 536 5095 894 5095 895 5095 534 5096 894 5096 536 5096 534 5097 893 5097 894 5097 532 5098 893 5098 534 5098 892 5099 893 5099 532 5099 2645 5100 2646 5100 2647 5100 2648 5101 2649 5101 2650 5101 2647 5102 698 5102 2651 5102 694 5103 698 5103 2647 5103 698 5104 702 5104 2649 5104 698 5105 2649 5105 2651 5105 2649 5106 701 5106 2650 5106 702 5107 701 5107 2649 5107 2648 5108 2650 5108 701 5108 703 5109 2648 5109 701 5109 2648 5110 704 5110 2645 5110 703 5111 704 5111 2648 5111 2646 5112 2645 5112 704 5112 697 5113 2646 5113 704 5113 2646 5114 694 5114 2647 5114 697 5115 694 5115 2646 5115 2652 5116 2653 5116 2654 5116 2655 5117 2656 5117 2657 5117 2658 5118 2656 5118 2655 5118 2659 5119 2658 5119 2655 5119 2660 5120 2661 5120 2652 5120 2660 5121 2652 5121 2654 5121 2655 5122 2653 5122 2652 5122 2655 5123 2652 5123 2659 5123 686 5124 820 5124 2655 5124 2657 5125 686 5125 2655 5125 2655 5126 689 5126 2653 5126 820 5127 689 5127 2655 5127 2654 5128 2653 5128 689 5128 690 5129 2654 5129 689 5129 690 5130 696 5130 2660 5130 2654 5131 690 5131 2660 5131 695 5132 2661 5132 2660 5132 695 5133 2660 5133 696 5133 819 5134 2661 5134 695 5134 2652 5135 2661 5135 819 5135 819 5136 693 5136 2659 5136 2652 5137 819 5137 2659 5137 2658 5138 2659 5138 693 5138 692 5139 2658 5139 693 5139 687 5140 2658 5140 692 5140 2656 5141 2658 5141 687 5141 686 5142 2657 5142 2656 5142 686 5143 2656 5143 687 5143 2662 5144 2663 5144 2664 5144 2665 5145 2662 5145 2664 5145 794 5146 818 5146 2665 5146 2664 5147 794 5147 2665 5147 816 5148 2662 5148 2665 5148 816 5149 2665 5149 818 5149 2662 5150 792 5150 2663 5150 816 5151 792 5151 2662 5151 2664 5152 2663 5152 792 5152 794 5153 2664 5153 792 5153 2666 5154 2667 5154 2668 5154 2669 5155 2666 5155 2668 5155 2670 5156 2669 5156 2668 5156 2671 5157 2667 5157 2666 5157 2672 5158 2669 5158 2670 5158 2673 5159 2672 5159 2670 5159 2674 5160 2675 5160 2671 5160 2676 5161 2672 5161 2673 5161 2677 5162 2675 5162 2674 5162 2678 5163 2677 5163 2674 5163 2679 5164 2677 5164 2678 5164 2680 5165 2675 5165 2681 5165 2680 5166 2667 5166 2671 5166 2680 5167 2671 5167 2675 5167 2682 5168 2678 5168 2683 5168 2682 5169 2679 5169 2678 5169 2684 5170 2681 5170 2685 5170 2684 5171 2680 5171 2681 5171 2686 5172 2685 5172 2687 5172 2686 5173 2684 5173 2685 5173 2688 5174 2687 5174 2689 5174 2688 5175 2686 5175 2687 5175 786 5176 793 5176 2676 5176 2673 5177 786 5177 2676 5177 796 5178 2672 5178 2676 5178 796 5179 2676 5179 793 5179 791 5180 2669 5180 2672 5180 791 5181 2672 5181 796 5181 2666 5182 2669 5182 791 5182 790 5183 2666 5183 791 5183 790 5184 789 5184 2671 5184 2666 5185 790 5185 2671 5185 788 5186 2674 5186 2671 5186 788 5187 2671 5187 789 5187 2678 5188 2674 5188 788 5188 795 5189 2678 5189 788 5189 2683 5190 2678 5190 795 5190 797 5191 2683 5191 795 5191 797 5192 813 5192 2682 5192 2683 5193 797 5193 2682 5193 805 5194 2679 5194 2682 5194 805 5195 2682 5195 813 5195 800 5196 2677 5196 2679 5196 800 5197 2679 5197 805 5197 2675 5198 2677 5198 800 5198 799 5199 2675 5199 800 5199 799 5200 798 5200 2681 5200 2675 5201 799 5201 2681 5201 804 5202 2685 5202 2681 5202 804 5203 2681 5203 798 5203 2687 5204 2685 5204 804 5204 812 5205 2687 5205 804 5205 2689 5206 2687 5206 812 5206 815 5207 2689 5207 812 5207 815 5208 817 5208 2688 5208 2689 5209 815 5209 2688 5209 814 5210 2686 5210 2688 5210 814 5211 2688 5211 817 5211 811 5212 2684 5212 2686 5212 811 5213 2686 5213 814 5213 2680 5214 2684 5214 811 5214 801 5215 2680 5215 811 5215 2680 5216 783 5216 2667 5216 801 5217 783 5217 2680 5217 785 5218 2668 5218 2667 5218 785 5219 2667 5219 783 5219 2670 5220 2668 5220 785 5220 787 5221 2670 5221 785 5221 2673 5222 2670 5222 787 5222 786 5223 2673 5223 787 5223 2690 5224 2691 5224 2692 5224 2693 5225 2690 5225 2692 5225 2694 5226 2693 5226 2695 5226 2694 5227 2695 5227 2696 5227 2694 5228 2690 5228 2693 5228 2697 5229 2696 5229 2698 5229 2697 5230 2698 5230 2699 5230 2697 5231 2694 5231 2696 5231 2700 5232 2697 5232 2701 5232 2700 5233 2701 5233 2702 5233 2700 5234 2694 5234 2697 5234 2703 5235 2702 5235 2704 5235 2703 5236 2704 5236 2705 5236 2703 5237 2700 5237 2702 5237 784 5238 830 5238 2697 5238 2699 5239 784 5239 2697 5239 830 5240 2701 5240 2697 5240 829 5241 2702 5241 2701 5241 829 5242 2701 5242 830 5242 828 5243 2704 5243 2702 5243 828 5244 2702 5244 829 5244 827 5245 2705 5245 2704 5245 827 5246 2704 5246 828 5246 803 5247 2705 5247 827 5247 803 5248 802 5248 2703 5248 2705 5249 803 5249 2703 5249 809 5250 2700 5250 2703 5250 809 5251 2703 5251 802 5251 808 5252 2694 5252 2700 5252 808 5253 2700 5253 809 5253 2690 5254 2694 5254 808 5254 807 5255 2690 5255 808 5255 2690 5256 822 5256 2691 5256 807 5257 822 5257 2690 5257 823 5258 2692 5258 2691 5258 823 5259 2691 5259 822 5259 824 5260 2693 5260 2692 5260 824 5261 2692 5261 823 5261 825 5262 2695 5262 2693 5262 825 5263 2693 5263 824 5263 826 5264 2696 5264 2695 5264 826 5265 2695 5265 825 5265 2696 5266 821 5266 2698 5266 826 5267 821 5267 2696 5267 2699 5268 2698 5268 821 5268 784 5269 2699 5269 821 5269 2706 5270 2707 5270 2708 5270 2709 5271 2707 5271 2706 5271 2710 5272 2707 5272 2711 5272 2710 5273 2708 5273 2707 5273 2712 5274 2710 5274 2711 5274 2709 5275 2713 5275 2707 5275 2707 5276 2713 5276 2714 5276 2707 5277 2714 5277 2715 5277 2707 5278 2716 5278 2711 5278 781 5279 2716 5279 2707 5279 2716 5280 2717 5280 2718 5280 2716 5281 2718 5281 2711 5281 2717 5282 2719 5282 2720 5282 2717 5283 2720 5283 2718 5283 2720 5284 2721 5284 2722 5284 2719 5285 2721 5285 2720 5285 2723 5286 2724 5286 2725 5286 2726 5287 2725 5287 2727 5287 2726 5288 2723 5288 2725 5288 2728 5289 2727 5289 2729 5289 2728 5290 2726 5290 2727 5290 2730 5291 2729 5291 2722 5291 2730 5292 2728 5292 2729 5292 2721 5293 2730 5293 2722 5293 2731 5294 2724 5294 2723 5294 2732 5295 2731 5295 2723 5295 2731 5296 2733 5296 2734 5296 2732 5297 2733 5297 2731 5297 2734 5298 2735 5298 2736 5298 2733 5299 2735 5299 2734 5299 2737 5300 2738 5300 2739 5300 2740 5301 2739 5301 2741 5301 2740 5302 2737 5302 2739 5302 2742 5303 2741 5303 2743 5303 2742 5304 2740 5304 2741 5304 2744 5305 2743 5305 2736 5305 2744 5306 2742 5306 2743 5306 2735 5307 2744 5307 2736 5307 2738 5308 2745 5308 2712 5308 2737 5309 2745 5309 2738 5309 2712 5310 2746 5310 2710 5310 2745 5311 2746 5311 2712 5311 2746 5312 2747 5312 2708 5312 2746 5313 2708 5313 2710 5313 2748 5314 2749 5314 2714 5314 2748 5315 2714 5315 2713 5315 2750 5316 2713 5316 2709 5316 2750 5317 2748 5317 2713 5317 2751 5318 2709 5318 2706 5318 2751 5319 2750 5319 2709 5319 2747 5320 2706 5320 2708 5320 2747 5321 2751 5321 2706 5321 2752 5322 2715 5322 2714 5322 2752 5323 2714 5323 2749 5323 2715 5324 781 5324 2707 5324 2752 5325 781 5325 2715 5325 2753 5326 2754 5326 2755 5326 2756 5327 2757 5327 2754 5327 2756 5328 2754 5328 2753 5328 2758 5329 2759 5329 2757 5329 2758 5330 2757 5330 2756 5330 2760 5331 2761 5331 2759 5331 2760 5332 2759 5332 2758 5332 2762 5333 2763 5333 2761 5333 2762 5334 2761 5334 2760 5334 2764 5335 2765 5335 2763 5335 2764 5336 2763 5336 2762 5336 2766 5337 2767 5337 2765 5337 2766 5338 2765 5338 2764 5338 2768 5339 2769 5339 2767 5339 2768 5340 2767 5340 2766 5340 2770 5341 2769 5341 2768 5341 2771 5342 2772 5342 2773 5342 2774 5343 2772 5343 2771 5343 2774 5344 2775 5344 2772 5344 2776 5345 2775 5345 2774 5345 2776 5346 2774 5346 2777 5346 2778 5347 2775 5347 2776 5347 2779 5348 2775 5348 2778 5348 2779 5349 2780 5349 2775 5349 2781 5350 2780 5350 2779 5350 2781 5351 2782 5351 2780 5351 2783 5352 2784 5352 2782 5352 2783 5353 2782 5353 2781 5353 2785 5354 2784 5354 2783 5354 2786 5355 2787 5355 2784 5355 2786 5356 2784 5356 2785 5356 2788 5357 2770 5357 2787 5357 2788 5358 2787 5358 2786 5358 2788 5359 2769 5359 2770 5359 2789 5360 2790 5360 2769 5360 2789 5361 2769 5361 2788 5361 2791 5362 2792 5362 2790 5362 2791 5363 2790 5363 2789 5363 2793 5364 2794 5364 2792 5364 2793 5365 2792 5365 2791 5365 2795 5366 2796 5366 2794 5366 2795 5367 2794 5367 2793 5367 2797 5368 2798 5368 2796 5368 2797 5369 2796 5369 2795 5369 2799 5370 2800 5370 2798 5370 2799 5371 2798 5371 2797 5371 2801 5372 2800 5372 2799 5372 2801 5373 2802 5373 2800 5373 2803 5374 2804 5374 2805 5374 2803 5375 2805 5375 2802 5375 2803 5376 2802 5376 2801 5376 2806 5377 2807 5377 2804 5377 2806 5378 2804 5378 2803 5378 2808 5379 2809 5379 2807 5379 2808 5380 2807 5380 2806 5380 2810 5381 2811 5381 2809 5381 2810 5382 2809 5382 2808 5382 2812 5383 2811 5383 2810 5383 2812 5384 2813 5384 2811 5384 2814 5385 2815 5385 2813 5385 2814 5386 2813 5386 2812 5386 2816 5387 2817 5387 2815 5387 2816 5388 2815 5388 2814 5388 2818 5389 2819 5389 2820 5389 2818 5390 2820 5390 2817 5390 2818 5391 2817 5391 2816 5391 2821 5392 2822 5392 2823 5392 2821 5393 2823 5393 2824 5393 2821 5394 2824 5394 2825 5394 2826 5395 2827 5395 2819 5395 2826 5396 2819 5396 2818 5396 2828 5397 2829 5397 2830 5397 2828 5398 2830 5398 2827 5398 2828 5399 2827 5399 2826 5399 2831 5400 2832 5400 2829 5400 2831 5401 2829 5401 2828 5401 2833 5402 2834 5402 2832 5402 2833 5403 2832 5403 2831 5403 2835 5404 2834 5404 2833 5404 2835 5405 2836 5405 2834 5405 2837 5406 2836 5406 2835 5406 2837 5407 2838 5407 2836 5407 2839 5408 2838 5408 2837 5408 2839 5409 2840 5409 2838 5409 2841 5410 2840 5410 2839 5410 2841 5411 2842 5411 2840 5411 2843 5412 2844 5412 2845 5412 2846 5413 2842 5413 2841 5413 2847 5414 2845 5414 2848 5414 2847 5415 2843 5415 2845 5415 2849 5416 2848 5416 2850 5416 2849 5417 2847 5417 2848 5417 2851 5418 2842 5418 2846 5418 2851 5419 2852 5419 2842 5419 2853 5420 2850 5420 2854 5420 2853 5421 2849 5421 2850 5421 2855 5422 2852 5422 2851 5422 2855 5423 2856 5423 2852 5423 2857 5424 2854 5424 2858 5424 2857 5425 2853 5425 2854 5425 2859 5426 2856 5426 2855 5426 2860 5427 2856 5427 2859 5427 2860 5428 2861 5428 2856 5428 2862 5429 2861 5429 2860 5429 2862 5430 2863 5430 2861 5430 2864 5431 2863 5431 2862 5431 2864 5432 2865 5432 2863 5432 2866 5433 2865 5433 2864 5433 2866 5434 2867 5434 2865 5434 2868 5435 2867 5435 2866 5435 2869 5436 2867 5436 2868 5436 2869 5437 2870 5437 2867 5437 2871 5438 2870 5438 2869 5438 2871 5439 2872 5439 2873 5439 2871 5440 2873 5440 2870 5440 2874 5441 2875 5441 2876 5441 2877 5442 2872 5442 2871 5442 2877 5443 2878 5443 2879 5443 2877 5444 2879 5444 2872 5444 2880 5445 2874 5445 2876 5445 2880 5446 2876 5446 2881 5446 2882 5447 2878 5447 2877 5447 2882 5448 2883 5448 2884 5448 2882 5449 2884 5449 2878 5449 2885 5450 2880 5450 2881 5450 2885 5451 2881 5451 2886 5451 2887 5452 2885 5452 2886 5452 2887 5453 2886 5453 2888 5453 2887 5454 2888 5454 2889 5454 2890 5455 2821 5455 2825 5455 2890 5456 2883 5456 2882 5456 2890 5457 2825 5457 2891 5457 2890 5458 2891 5458 2883 5458 2892 5459 2887 5459 2889 5459 2892 5460 2889 5460 2893 5460 2894 5461 2821 5461 2890 5461 2894 5462 2895 5462 2821 5462 2896 5463 2892 5463 2893 5463 2896 5464 2893 5464 2897 5464 2896 5465 2897 5465 2898 5465 2899 5466 2895 5466 2894 5466 2899 5467 2900 5467 2895 5467 2901 5468 2896 5468 2898 5468 2901 5469 2898 5469 2857 5469 2901 5470 2857 5470 2858 5470 2901 5471 2858 5471 2902 5471 2903 5472 2900 5472 2899 5472 2903 5473 2904 5473 2900 5473 2905 5474 2901 5474 2902 5474 2905 5475 2902 5475 2906 5475 2907 5476 2904 5476 2903 5476 2907 5477 2908 5477 2904 5477 2909 5478 2906 5478 2910 5478 2909 5479 2905 5479 2906 5479 2911 5480 2912 5480 2908 5480 2911 5481 2908 5481 2907 5481 2913 5482 2910 5482 2912 5482 2913 5483 2909 5483 2910 5483 2913 5484 2912 5484 2911 5484 2914 5485 2915 5485 2916 5485 2914 5486 2917 5486 2915 5486 2918 5487 2919 5487 2915 5487 2918 5488 2915 5488 2917 5488 2920 5489 2916 5489 2921 5489 2920 5490 2914 5490 2916 5490 2922 5491 2923 5491 2919 5491 2922 5492 2919 5492 2918 5492 2924 5493 2920 5493 2921 5493 2925 5494 2923 5494 2922 5494 2926 5495 2921 5495 2927 5495 2926 5496 2924 5496 2921 5496 2928 5497 2929 5497 2923 5497 2928 5498 2923 5498 2925 5498 2930 5499 2927 5499 2931 5499 2930 5500 2926 5500 2927 5500 2932 5501 2933 5501 2929 5501 2932 5502 2929 5502 2928 5502 2934 5503 2931 5503 2935 5503 2934 5504 2930 5504 2931 5504 2936 5505 2935 5505 2937 5505 2936 5506 2934 5506 2935 5506 2938 5507 2939 5507 2933 5507 2938 5508 2933 5508 2932 5508 2940 5509 2936 5509 2937 5509 2941 5510 2942 5510 2939 5510 2941 5511 2939 5511 2938 5511 2943 5512 2937 5512 2944 5512 2943 5513 2940 5513 2937 5513 2945 5514 2942 5514 2941 5514 2946 5515 2944 5515 2947 5515 2946 5516 2943 5516 2944 5516 2948 5517 2949 5517 2942 5517 2948 5518 2942 5518 2945 5518 2950 5519 2947 5519 2951 5519 2950 5520 2946 5520 2947 5520 2952 5521 2953 5521 2949 5521 2952 5522 2949 5522 2948 5522 2954 5523 2950 5523 2951 5523 2954 5524 2951 5524 2955 5524 2956 5525 2954 5525 2955 5525 2957 5526 2958 5526 2953 5526 2957 5527 2953 5527 2952 5527 2959 5528 2955 5528 2960 5528 2959 5529 2956 5529 2955 5529 2961 5530 2958 5530 2957 5530 2961 5531 2962 5531 2958 5531 2963 5532 2960 5532 2964 5532 2963 5533 2959 5533 2960 5533 2965 5534 2962 5534 2961 5534 2966 5535 2964 5535 2967 5535 2966 5536 2963 5536 2964 5536 2968 5537 2962 5537 2965 5537 2968 5538 2969 5538 2962 5538 2970 5539 2967 5539 2971 5539 2970 5540 2966 5540 2967 5540 2972 5541 2970 5541 2971 5541 2973 5542 2969 5542 2968 5542 2973 5543 2974 5543 2969 5543 2975 5544 2971 5544 2976 5544 2975 5545 2972 5545 2971 5545 2977 5546 2974 5546 2973 5546 2978 5547 2976 5547 2979 5547 2978 5548 2975 5548 2976 5548 2980 5549 2981 5549 2974 5549 2980 5550 2974 5550 2977 5550 2982 5551 2979 5551 2983 5551 2982 5552 2978 5552 2979 5552 2984 5553 2985 5553 2981 5553 2984 5554 2981 5554 2980 5554 2986 5555 2982 5555 2983 5555 2986 5556 2983 5556 2987 5556 2988 5557 2987 5557 2989 5557 2988 5558 2986 5558 2987 5558 2990 5559 2985 5559 2984 5559 2991 5560 2989 5560 2992 5560 2991 5561 2988 5561 2989 5561 2993 5562 2994 5562 2985 5562 2993 5563 2985 5563 2990 5563 2995 5564 2992 5564 2996 5564 2995 5565 2991 5565 2992 5565 2997 5566 2996 5566 2998 5566 2997 5567 2995 5567 2996 5567 2999 5568 3000 5568 2994 5568 2999 5569 2994 5569 2993 5569 3001 5570 2998 5570 3002 5570 3001 5571 2997 5571 2998 5571 3003 5572 3002 5572 3004 5572 3003 5573 3001 5573 3002 5573 3005 5574 3006 5574 3000 5574 3005 5575 3000 5575 2999 5575 3007 5576 3004 5576 3008 5576 3007 5577 3003 5577 3004 5577 3009 5578 3007 5578 3008 5578 3009 5579 3008 5579 3010 5579 3011 5580 3012 5580 3006 5580 3011 5581 3006 5581 3005 5581 3013 5582 3009 5582 3010 5582 3013 5583 3010 5583 3014 5583 3015 5584 3014 5584 3016 5584 3015 5585 3013 5585 3014 5585 3017 5586 3016 5586 3018 5586 3017 5587 3015 5587 3016 5587 3019 5588 3012 5588 3011 5588 3019 5589 3020 5589 3012 5589 3021 5590 3018 5590 3022 5590 3021 5591 3017 5591 3018 5591 3023 5592 3022 5592 3024 5592 3023 5593 3021 5593 3022 5593 3025 5594 3023 5594 3024 5594 3025 5595 3024 5595 3026 5595 3027 5596 3020 5596 3019 5596 3027 5597 3028 5597 3020 5597 3029 5598 3026 5598 3030 5598 3029 5599 3025 5599 3026 5599 3031 5600 3029 5600 3030 5600 3032 5601 3031 5601 3030 5601 3033 5602 3034 5602 3035 5602 3033 5603 3035 5603 3028 5603 3033 5604 3028 5604 3027 5604 3036 5605 3031 5605 3032 5605 3037 5606 3036 5606 3032 5606 3038 5607 3036 5607 3037 5607 3039 5608 3038 5608 3037 5608 3040 5609 3041 5609 3034 5609 3040 5610 3034 5610 3033 5610 3042 5611 3038 5611 3039 5611 3043 5612 3042 5612 3039 5612 3044 5613 3042 5613 3043 5613 3045 5614 3046 5614 3047 5614 3045 5615 3047 5615 3041 5615 3045 5616 3041 5616 3040 5616 3048 5617 3049 5617 3044 5617 3048 5618 3044 5618 3043 5618 3050 5619 3051 5619 3046 5619 3050 5620 3046 5620 3045 5620 3052 5621 3053 5621 3049 5621 3052 5622 3049 5622 3048 5622 3054 5623 3055 5623 3051 5623 3054 5624 3051 5624 3050 5624 3056 5625 3057 5625 3053 5625 3056 5626 3053 5626 3052 5626 3058 5627 3059 5627 3055 5627 3058 5628 3055 5628 3054 5628 3060 5629 3061 5629 3057 5629 3060 5630 3057 5630 3056 5630 3062 5631 3063 5631 3059 5631 3062 5632 3059 5632 3058 5632 3064 5633 3065 5633 3063 5633 3064 5634 3063 5634 3062 5634 3066 5635 3061 5635 3060 5635 3066 5636 3067 5636 3061 5636 3068 5637 3065 5637 3064 5637 3069 5638 3065 5638 3068 5638 3069 5639 3070 5639 3065 5639 3071 5640 3072 5640 3073 5640 3071 5641 3073 5641 3067 5641 3071 5642 3067 5642 3066 5642 3074 5643 3070 5643 3069 5643 3074 5644 3075 5644 3070 5644 3076 5645 3075 5645 3074 5645 3076 5646 3077 5646 3075 5646 3078 5647 3079 5647 3072 5647 3078 5648 3072 5648 3071 5648 3080 5649 3077 5649 3076 5649 3081 5650 3077 5650 3080 5650 3081 5651 3082 5651 3077 5651 3083 5652 3082 5652 3081 5652 3084 5653 3082 5653 3083 5653 3085 5654 3086 5654 3079 5654 3085 5655 3079 5655 3078 5655 3087 5656 3084 5656 3083 5656 3088 5657 3084 5657 3087 5657 3089 5658 3090 5658 3086 5658 3089 5659 3086 5659 3085 5659 3091 5660 3088 5660 3087 5660 3092 5661 3088 5661 3091 5661 3093 5662 3092 5662 3091 5662 3094 5663 3095 5663 3090 5663 3094 5664 3090 5664 3089 5664 3096 5665 3092 5665 3093 5665 3097 5666 3093 5666 3098 5666 3097 5667 3096 5667 3093 5667 3099 5668 3100 5668 3095 5668 3099 5669 3095 5669 3094 5669 3101 5670 3097 5670 3098 5670 3102 5671 3098 5671 3103 5671 3102 5672 3101 5672 3098 5672 3104 5673 3103 5673 3105 5673 3104 5674 3102 5674 3103 5674 3106 5675 3100 5675 3099 5675 3107 5676 3104 5676 3105 5676 3108 5677 3105 5677 3109 5677 3108 5678 3107 5678 3105 5678 3110 5679 3111 5679 3100 5679 3110 5680 3100 5680 3106 5680 3112 5681 3108 5681 3109 5681 3112 5682 3109 5682 3113 5682 3114 5683 3112 5683 3113 5683 3114 5684 3113 5684 3115 5684 3116 5685 3111 5685 3110 5685 3116 5686 3117 5686 3111 5686 3118 5687 3114 5687 3115 5687 3119 5688 3118 5688 3115 5688 3119 5689 3115 5689 3120 5689 3121 5690 3122 5690 3117 5690 3121 5691 3117 5691 3116 5691 3123 5692 3119 5692 3120 5692 3123 5693 3120 5693 3124 5693 3125 5694 3123 5694 3124 5694 3125 5695 3124 5695 3126 5695 3127 5696 3128 5696 3122 5696 3127 5697 3122 5697 3121 5697 3129 5698 3125 5698 3126 5698 3130 5699 3128 5699 3127 5699 3131 5700 3129 5700 3126 5700 3131 5701 3126 5701 3132 5701 3133 5702 3131 5702 3132 5702 3133 5703 3132 5703 3134 5703 3135 5704 3136 5704 3128 5704 3135 5705 3128 5705 3130 5705 3137 5706 3133 5706 3134 5706 3137 5707 3134 5707 3138 5707 3139 5708 3138 5708 3140 5708 3139 5709 3137 5709 3138 5709 3141 5710 3142 5710 3143 5710 3141 5711 3143 5711 3136 5711 3141 5712 3136 5712 3135 5712 3144 5713 3139 5713 3140 5713 3144 5714 3140 5714 3145 5714 3146 5715 3147 5715 3142 5715 3146 5716 3142 5716 3141 5716 3148 5717 3144 5717 3145 5717 3148 5718 3145 5718 3149 5718 3148 5719 3149 5719 3150 5719 3151 5720 3147 5720 3146 5720 3151 5721 3152 5721 3147 5721 3153 5722 3148 5722 3150 5722 3153 5723 3150 5723 3154 5723 3155 5724 3154 5724 3156 5724 3155 5725 3153 5725 3154 5725 3157 5726 3152 5726 3151 5726 3157 5727 3158 5727 3152 5727 3159 5728 3155 5728 3156 5728 3160 5729 3159 5729 3156 5729 3160 5730 3156 5730 3161 5730 3160 5731 3161 5731 3162 5731 3163 5732 3158 5732 3157 5732 3163 5733 3164 5733 3165 5733 3163 5734 3165 5734 3158 5734 3166 5735 3160 5735 3162 5735 3166 5736 3162 5736 3167 5736 3168 5737 3164 5737 3163 5737 3168 5738 3169 5738 3164 5738 3170 5739 3166 5739 3167 5739 3170 5740 3167 5740 3171 5740 3172 5741 3169 5741 3168 5741 3172 5742 3173 5742 3169 5742 3174 5743 3171 5743 3175 5743 3174 5744 3170 5744 3171 5744 3176 5745 3173 5745 3172 5745 3176 5746 3177 5746 3173 5746 3178 5747 3174 5747 3175 5747 3178 5748 3175 5748 3179 5748 3180 5749 3177 5749 3176 5749 3180 5750 3181 5750 3182 5750 3180 5751 3182 5751 3177 5751 3183 5752 3178 5752 3179 5752 3183 5753 3179 5753 3184 5753 3185 5754 3181 5754 3180 5754 3185 5755 3186 5755 3181 5755 3187 5756 3183 5756 3184 5756 3187 5757 3184 5757 3188 5757 3187 5758 3188 5758 3189 5758 3190 5759 3187 5759 3189 5759 3190 5760 3189 5760 3191 5760 3192 5761 3186 5761 3185 5761 3192 5762 3193 5762 3194 5762 3192 5763 3194 5763 3186 5763 3195 5764 3190 5764 3191 5764 3195 5765 3191 5765 3196 5765 3197 5766 3193 5766 3192 5766 3197 5767 3198 5767 3193 5767 3199 5768 3195 5768 3196 5768 3199 5769 3196 5769 3200 5769 3201 5770 3198 5770 3197 5770 3201 5771 3202 5771 3198 5771 3203 5772 3200 5772 3204 5772 3203 5773 3199 5773 3200 5773 3205 5774 3206 5774 3202 5774 3205 5775 3202 5775 3201 5775 3207 5776 3203 5776 3204 5776 3207 5777 3204 5777 3208 5777 3207 5778 3208 5778 3209 5778 3210 5779 3206 5779 3205 5779 3210 5780 3211 5780 3206 5780 3212 5781 3209 5781 3213 5781 3212 5782 3207 5782 3209 5782 3214 5783 3211 5783 3210 5783 3214 5784 3215 5784 3211 5784 3216 5785 3215 5785 3214 5785 3216 5786 3213 5786 3215 5786 3216 5787 3212 5787 3213 5787 2795 5788 3049 5788 3053 5788 2797 5789 3057 5789 3061 5789 2797 5790 3053 5790 3057 5790 2797 5791 2795 5791 3053 5791 2799 5792 3061 5792 3067 5792 2799 5793 2797 5793 3061 5793 2801 5794 2799 5794 3067 5794 2803 5795 3067 5795 3073 5795 2803 5796 2801 5796 3067 5796 2806 5797 3073 5797 3072 5797 2806 5798 2803 5798 3073 5798 2808 5799 3072 5799 3079 5799 2808 5800 2806 5800 3072 5800 2810 5801 3079 5801 3086 5801 2810 5802 2808 5802 3079 5802 2812 5803 2810 5803 3086 5803 2814 5804 3086 5804 3090 5804 2814 5805 2812 5805 3086 5805 2816 5806 3090 5806 3095 5806 2816 5807 2814 5807 3090 5807 2818 5808 2816 5808 3095 5808 2826 5809 3095 5809 3100 5809 2826 5810 2818 5810 3095 5810 2828 5811 2826 5811 3100 5811 2828 5812 3100 5812 3111 5812 2831 5813 2828 5813 3111 5813 2833 5814 2831 5814 3111 5814 2833 5815 3111 5815 3117 5815 2835 5816 2833 5816 3117 5816 2835 5817 3117 5817 3122 5817 2837 5818 2835 5818 3122 5818 2839 5819 2837 5819 3122 5819 2839 5820 3122 5820 3128 5820 2841 5821 2839 5821 3128 5821 2841 5822 3128 5822 3136 5822 2846 5823 2841 5823 3136 5823 2846 5824 3136 5824 3143 5824 2851 5825 3143 5825 3142 5825 2851 5826 2846 5826 3143 5826 2855 5827 3142 5827 3147 5827 2855 5828 2851 5828 3142 5828 2859 5829 2855 5829 3147 5829 2859 5830 3147 5830 3152 5830 2860 5831 2859 5831 3152 5831 2862 5832 3152 5832 3158 5832 2862 5833 2860 5833 3152 5833 2864 5834 3158 5834 3165 5834 2864 5835 2862 5835 3158 5835 2866 5836 2864 5836 3165 5836 2866 5837 3165 5837 3164 5837 2868 5838 3164 5838 3169 5838 2868 5839 2866 5839 3164 5839 2869 5840 3173 5840 3177 5840 2869 5841 3169 5841 3173 5841 2869 5842 2868 5842 3169 5842 2871 5843 3177 5843 3182 5843 2871 5844 2869 5844 3177 5844 2877 5845 3182 5845 3181 5845 2877 5846 2871 5846 3182 5846 2882 5847 3181 5847 3186 5847 2882 5848 2877 5848 3181 5848 2890 5849 3194 5849 3193 5849 2890 5850 3186 5850 3194 5850 2890 5851 2882 5851 3186 5851 2894 5852 3193 5852 3198 5852 2894 5853 2890 5853 3193 5853 2899 5854 3198 5854 3202 5854 2899 5855 2894 5855 3198 5855 2903 5856 2899 5856 3202 5856 2903 5857 3202 5857 3206 5857 2907 5858 2903 5858 3206 5858 2907 5859 3206 5859 3211 5859 2911 5860 2907 5860 3211 5860 2911 5861 3211 5861 3215 5861 2913 5862 3215 5862 3213 5862 2913 5863 2911 5863 3215 5863 2909 5864 3213 5864 3209 5864 2909 5865 2913 5865 3213 5865 2905 5866 3209 5866 3208 5866 2905 5867 2909 5867 3209 5867 2901 5868 3208 5868 3204 5868 2901 5869 2905 5869 3208 5869 2896 5870 2901 5870 3204 5870 2896 5871 3204 5871 3200 5871 2892 5872 3196 5872 3191 5872 2892 5873 3200 5873 3196 5873 2892 5874 2896 5874 3200 5874 2887 5875 3191 5875 3189 5875 2887 5876 2892 5876 3191 5876 2885 5877 3189 5877 3188 5877 2885 5878 2887 5878 3189 5878 2880 5879 3184 5879 3179 5879 2880 5880 3188 5880 3184 5880 2880 5881 2885 5881 3188 5881 2874 5882 3179 5882 3175 5882 2874 5883 2880 5883 3179 5883 2875 5884 3175 5884 3171 5884 2875 5885 2874 5885 3175 5885 2876 5886 3171 5886 3167 5886 2876 5887 2875 5887 3171 5887 2881 5888 3167 5888 3162 5888 2881 5889 2876 5889 3167 5889 2886 5890 3162 5890 3161 5890 2886 5891 2881 5891 3162 5891 2888 5892 3161 5892 3156 5892 2888 5893 2886 5893 3161 5893 2889 5894 2888 5894 3156 5894 2889 5895 3156 5895 3154 5895 2893 5896 2889 5896 3154 5896 2893 5897 3154 5897 3150 5897 2897 5898 2893 5898 3150 5898 2897 5899 3150 5899 3149 5899 2898 5900 2897 5900 3149 5900 2898 5901 3149 5901 3145 5901 2857 5902 3140 5902 3138 5902 2857 5903 3145 5903 3140 5903 2857 5904 2898 5904 3145 5904 2853 5905 3138 5905 3134 5905 2853 5906 2857 5906 3138 5906 2849 5907 2853 5907 3134 5907 2847 5908 2849 5908 3134 5908 2847 5909 3134 5909 3132 5909 2843 5910 2847 5910 3132 5910 2843 5911 3132 5911 3126 5911 2844 5912 2843 5912 3126 5912 2844 5913 3126 5913 3124 5913 2845 5914 2844 5914 3124 5914 2845 5915 3124 5915 3120 5915 2848 5916 2845 5916 3120 5916 2848 5917 3120 5917 3115 5917 2850 5918 2848 5918 3115 5918 2850 5919 3115 5919 3113 5919 2854 5920 2850 5920 3113 5920 2858 5921 2854 5921 3113 5921 2858 5922 3113 5922 3109 5922 2902 5923 2858 5923 3109 5923 2902 5924 3109 5924 3105 5924 2906 5925 2902 5925 3105 5925 2906 5926 3105 5926 3103 5926 2910 5927 2906 5927 3103 5927 2910 5928 3103 5928 3098 5928 2912 5929 2910 5929 3098 5929 2908 5930 2912 5930 3098 5930 2908 5931 3098 5931 3093 5931 2904 5932 2908 5932 3093 5932 2904 5933 3093 5933 3091 5933 2900 5934 2904 5934 3091 5934 2895 5935 2900 5935 3091 5935 2895 5936 3091 5936 3087 5936 2821 5937 2895 5937 3087 5937 2822 5938 2821 5938 3087 5938 2822 5939 3087 5939 3083 5939 706 5940 3163 5940 3157 5940 706 5941 3168 5941 3163 5941 706 5942 3172 5942 3168 5942 706 5943 3176 5943 3172 5943 3151 5944 706 5944 3157 5944 3146 5945 706 5945 3151 5945 3141 5946 706 5946 3146 5946 3135 5947 706 5947 3141 5947 3130 5948 706 5948 3135 5948 3127 5949 706 5949 3130 5949 3121 5950 706 5950 3127 5950 3116 5951 706 5951 3121 5951 3110 5952 706 5952 3116 5952 3106 5953 706 5953 3110 5953 699 5954 2953 5954 2958 5954 699 5955 2949 5955 2953 5955 699 5956 2942 5956 2949 5956 699 5957 2939 5957 2942 5957 699 5958 2933 5958 2939 5958 699 5959 2929 5959 2933 5959 699 5960 2923 5960 2929 5960 699 5961 2919 5961 2923 5961 699 5962 2915 5962 2919 5962 699 5963 2916 5963 2915 5963 699 5964 2921 5964 2916 5964 699 5965 2927 5965 2921 5965 699 5966 2931 5966 2927 5966 699 5967 2935 5967 2931 5967 699 5968 2937 5968 2935 5968 699 5969 2944 5969 2937 5969 699 5970 2947 5970 2944 5970 699 5971 2951 5971 2947 5971 699 5972 2955 5972 2951 5972 699 5973 3106 5973 3099 5973 699 5974 3099 5974 3094 5974 699 5975 3094 5975 3089 5975 699 5976 3089 5976 3085 5976 699 5977 3085 5977 3078 5977 699 5978 3078 5978 3071 5978 699 5979 3071 5979 3066 5979 699 5980 3066 5980 3060 5980 699 5981 3060 5981 3056 5981 699 5982 3056 5982 3052 5982 699 5983 3052 5983 3048 5983 699 5984 3048 5984 3043 5984 699 5985 3043 5985 3039 5985 699 5986 3039 5986 3037 5986 699 5987 3037 5987 3032 5987 699 5988 3032 5988 3030 5988 699 5989 3030 5989 3026 5989 699 5990 3026 5990 3024 5990 699 5991 3024 5991 3022 5991 699 5992 3022 5992 3018 5992 699 5993 3018 5993 3016 5993 699 5994 3016 5994 3014 5994 699 5995 3014 5995 3010 5995 699 5996 3010 5996 3008 5996 699 5997 3008 5997 3004 5997 699 5998 3004 5998 3002 5998 699 5999 3002 5999 2998 5999 699 6000 2998 6000 2996 6000 699 6001 2996 6001 2992 6001 699 6002 2992 6002 2989 6002 699 6003 2989 6003 2987 6003 699 6004 2987 6004 2983 6004 699 6005 2983 6005 2979 6005 699 6006 2979 6006 2976 6006 699 6007 2976 6007 2971 6007 699 6008 2971 6008 2967 6008 699 6009 2967 6009 2964 6009 699 6010 2964 6010 2960 6010 699 6011 2960 6011 2955 6011 699 6012 2969 6012 2974 6012 699 6013 2962 6013 2969 6013 699 6014 2958 6014 2962 6014 2981 6015 699 6015 2974 6015 2985 6016 699 6016 2981 6016 2994 6017 699 6017 2985 6017 3000 6018 699 6018 2994 6018 3006 6019 699 6019 3000 6019 3012 6020 699 6020 3006 6020 3020 6021 699 6021 3012 6021 3028 6022 699 6022 3020 6022 3035 6023 699 6023 3028 6023 3034 6024 699 6024 3035 6024 3041 6025 699 6025 3034 6025 3047 6026 699 6026 3041 6026 706 6027 3180 6027 3176 6027 706 6028 3185 6028 3180 6028 706 6029 3192 6029 3185 6029 706 6030 3197 6030 3192 6030 706 6031 3201 6031 3197 6031 706 6032 3205 6032 3201 6032 706 6033 3210 6033 3205 6033 706 6034 3214 6034 3210 6034 706 6035 3216 6035 3214 6035 706 6036 3212 6036 3216 6036 706 6037 3207 6037 3212 6037 706 6038 3203 6038 3207 6038 706 6039 3199 6039 3203 6039 706 6040 3195 6040 3199 6040 706 6041 3190 6041 3195 6041 706 6042 3187 6042 3190 6042 706 6043 3183 6043 3187 6043 3118 6044 699 6044 3114 6044 3114 6045 699 6045 3112 6045 3112 6046 699 6046 3108 6046 3108 6047 699 6047 3107 6047 3107 6048 699 6048 3104 6048 3104 6049 699 6049 3102 6049 3102 6050 699 6050 3101 6050 3101 6051 699 6051 3097 6051 3097 6052 699 6052 3096 6052 3096 6053 699 6053 3092 6053 3092 6054 699 6054 3088 6054 3088 6055 699 6055 3084 6055 3084 6056 699 6056 3082 6056 3082 6057 699 6057 3077 6057 3077 6058 699 6058 3075 6058 3075 6059 699 6059 3070 6059 3070 6060 699 6060 3065 6060 3065 6061 699 6061 3063 6061 3063 6062 699 6062 3059 6062 3059 6063 699 6063 3055 6063 3055 6064 699 6064 3051 6064 3051 6065 699 6065 3046 6065 3046 6066 699 6066 3047 6066 706 6067 3118 6067 3119 6067 706 6068 3119 6068 3123 6068 706 6069 3123 6069 3125 6069 706 6070 3125 6070 3129 6070 706 6071 3129 6071 3131 6071 706 6072 3131 6072 3133 6072 706 6073 3133 6073 3137 6073 706 6074 3137 6074 3139 6074 706 6075 3139 6075 3144 6075 706 6076 3144 6076 3148 6076 706 6077 3148 6077 3153 6077 706 6078 3153 6078 3155 6078 706 6079 3155 6079 3159 6079 706 6080 3159 6080 3160 6080 706 6081 3160 6081 3166 6081 706 6082 3166 6082 3170 6082 706 6083 3170 6083 3174 6083 706 6084 3174 6084 3178 6084 706 6085 3178 6085 3183 6085 2823 6086 3083 6086 3081 6086 2823 6087 2822 6087 3083 6087 2824 6088 3081 6088 3080 6088 2824 6089 2823 6089 3081 6089 2825 6090 3080 6090 3076 6090 2825 6091 2824 6091 3080 6091 2891 6092 3076 6092 3074 6092 2891 6093 2825 6093 3076 6093 2883 6094 3074 6094 3069 6094 2883 6095 2891 6095 3074 6095 2884 6096 2883 6096 3069 6096 2884 6097 3069 6097 3068 6097 2878 6098 2884 6098 3068 6098 2878 6099 3068 6099 3064 6099 2879 6100 2878 6100 3064 6100 2879 6101 3064 6101 3062 6101 2872 6102 2879 6102 3062 6102 2873 6103 2872 6103 3062 6103 2873 6104 3062 6104 3058 6104 2870 6105 2873 6105 3058 6105 2870 6106 3058 6106 3054 6106 2867 6107 2870 6107 3054 6107 2867 6108 3054 6108 3050 6108 2865 6109 2867 6109 3050 6109 2863 6110 2865 6110 3050 6110 2863 6111 3050 6111 3045 6111 2861 6112 2863 6112 3045 6112 2861 6113 3045 6113 3040 6113 2856 6114 2861 6114 3040 6114 2856 6115 3040 6115 3033 6115 2852 6116 2856 6116 3033 6116 2842 6117 2852 6117 3033 6117 2842 6118 3033 6118 3027 6118 2840 6119 2842 6119 3027 6119 2840 6120 3027 6120 3019 6120 2838 6121 3019 6121 3011 6121 2838 6122 2840 6122 3019 6122 2836 6123 3011 6123 3005 6123 2836 6124 2838 6124 3011 6124 2834 6125 2836 6125 3005 6125 2832 6126 3005 6126 2999 6126 2832 6127 2834 6127 3005 6127 2829 6128 2832 6128 2999 6128 2829 6129 2999 6129 2993 6129 2830 6130 2993 6130 2990 6130 2830 6131 2829 6131 2993 6131 2827 6132 2830 6132 2990 6132 2827 6133 2990 6133 2984 6133 2819 6134 2984 6134 2980 6134 2819 6135 2827 6135 2984 6135 2820 6136 2819 6136 2980 6136 2817 6137 2980 6137 2977 6137 2817 6138 2820 6138 2980 6138 2815 6139 2977 6139 2973 6139 2815 6140 2817 6140 2977 6140 2813 6141 2968 6141 2965 6141 2813 6142 2973 6142 2968 6142 2813 6143 2815 6143 2973 6143 2811 6144 2965 6144 2961 6144 2811 6145 2813 6145 2965 6145 2809 6146 2811 6146 2961 6146 2809 6147 2961 6147 2957 6147 2807 6148 2809 6148 2957 6148 2807 6149 2957 6149 2952 6149 2804 6150 2807 6150 2952 6150 2804 6151 2952 6151 2948 6151 2805 6152 2804 6152 2948 6152 2805 6153 2948 6153 2945 6153 2802 6154 2805 6154 2945 6154 2802 6155 2945 6155 2941 6155 2800 6156 2802 6156 2941 6156 2800 6157 2941 6157 2938 6157 2798 6158 2938 6158 2932 6158 2798 6159 2800 6159 2938 6159 2796 6160 2932 6160 2928 6160 2796 6161 2798 6161 2932 6161 2794 6162 2928 6162 2925 6162 2794 6163 2796 6163 2928 6163 2792 6164 2794 6164 2925 6164 2792 6165 2925 6165 2922 6165 2790 6166 2922 6166 2918 6166 2790 6167 2792 6167 2922 6167 2769 6168 2790 6168 2918 6168 2769 6169 2918 6169 2917 6169 2767 6170 2914 6170 2920 6170 2767 6171 2917 6171 2914 6171 2767 6172 2769 6172 2917 6172 2765 6173 2920 6173 2924 6173 2765 6174 2767 6174 2920 6174 2763 6175 2924 6175 2926 6175 2763 6176 2765 6176 2924 6176 2761 6177 2930 6177 2934 6177 2761 6178 2926 6178 2930 6178 2761 6179 2763 6179 2926 6179 2759 6180 2934 6180 2936 6180 2759 6181 2761 6181 2934 6181 2757 6182 2759 6182 2936 6182 2757 6183 2940 6183 2943 6183 2757 6184 2936 6184 2940 6184 2754 6185 2943 6185 2946 6185 2754 6186 2757 6186 2943 6186 2755 6187 2946 6187 2950 6187 2755 6188 2754 6188 2946 6188 2753 6189 2950 6189 2954 6189 2753 6190 2755 6190 2950 6190 2756 6191 2956 6191 2959 6191 2756 6192 2954 6192 2956 6192 2756 6193 2753 6193 2954 6193 2758 6194 2959 6194 2963 6194 2758 6195 2756 6195 2959 6195 2760 6196 2758 6196 2963 6196 2760 6197 2966 6197 2970 6197 2760 6198 2963 6198 2966 6198 2762 6199 2970 6199 2972 6199 2762 6200 2760 6200 2970 6200 2764 6201 2972 6201 2975 6201 2764 6202 2762 6202 2972 6202 2766 6203 2975 6203 2978 6203 2766 6204 2764 6204 2975 6204 2768 6205 2766 6205 2978 6205 2768 6206 2978 6206 2982 6206 2770 6207 2986 6207 2988 6207 2770 6208 2982 6208 2986 6208 2770 6209 2768 6209 2982 6209 2787 6210 2988 6210 2991 6210 2787 6211 2770 6211 2988 6211 2784 6212 2991 6212 2995 6212 2784 6213 2787 6213 2991 6213 2782 6214 2995 6214 2997 6214 2782 6215 2784 6215 2995 6215 2780 6216 2997 6216 3001 6216 2780 6217 2782 6217 2997 6217 2780 6218 3001 6218 3003 6218 2775 6219 2780 6219 3003 6219 2775 6220 3003 6220 3007 6220 2772 6221 2775 6221 3007 6221 2772 6222 3007 6222 3009 6222 2773 6223 2772 6223 3009 6223 2773 6224 3009 6224 3013 6224 2771 6225 2773 6225 3013 6225 2771 6226 3013 6226 3015 6226 2774 6227 2771 6227 3015 6227 2774 6228 3015 6228 3017 6228 2777 6229 2774 6229 3017 6229 2777 6230 3017 6230 3021 6230 2776 6231 2777 6231 3021 6231 2776 6232 3021 6232 3023 6232 2778 6233 2776 6233 3023 6233 2778 6234 3023 6234 3025 6234 2779 6235 2778 6235 3025 6235 2779 6236 3025 6236 3029 6236 2781 6237 2779 6237 3029 6237 2781 6238 3029 6238 3031 6238 2783 6239 2781 6239 3031 6239 2783 6240 3031 6240 3036 6240 2785 6241 2783 6241 3036 6241 2786 6242 3036 6242 3038 6242 2786 6243 2785 6243 3036 6243 2788 6244 3038 6244 3042 6244 2788 6245 2786 6245 3038 6245 2789 6246 3042 6246 3044 6246 2789 6247 2788 6247 3042 6247 2791 6248 2789 6248 3044 6248 2793 6249 3044 6249 3049 6249 2793 6250 2791 6250 3044 6250 2795 6251 2793 6251 3049 6251 503 6252 570 6252 575 6252 505 6253 575 6253 580 6253 505 6254 503 6254 575 6254 501 6255 560 6255 565 6255 501 6256 565 6256 570 6256 501 6257 570 6257 503 6257 507 6258 580 6258 585 6258 507 6259 505 6259 580 6259 499 6260 523 6260 560 6260 499 6261 560 6261 501 6261 509 6262 585 6262 590 6262 509 6263 507 6263 585 6263 497 6264 523 6264 499 6264 595 6265 509 6265 590 6265 521 6266 523 6266 497 6266 465 6267 509 6267 595 6267 495 6268 521 6268 497 6268 600 6269 465 6269 595 6269 519 6270 521 6270 495 6270 467 6271 465 6271 600 6271 493 6272 519 6272 495 6272 605 6273 467 6273 600 6273 517 6274 519 6274 493 6274 469 6275 467 6275 605 6275 491 6276 517 6276 493 6276 610 6277 469 6277 605 6277 515 6278 517 6278 491 6278 471 6279 469 6279 610 6279 615 6280 471 6280 610 6280 512 6281 515 6281 491 6281 512 6282 491 6282 489 6282 473 6283 471 6283 615 6283 620 6284 473 6284 615 6284 545 6285 512 6285 489 6285 545 6286 489 6286 487 6286 525 6287 473 6287 620 6287 525 6288 475 6288 473 6288 541 6289 545 6289 487 6289 541 6290 487 6290 485 6290 524 6291 475 6291 525 6291 524 6292 477 6292 475 6292 535 6293 541 6293 485 6293 535 6294 485 6294 483 6294 527 6295 477 6295 524 6295 527 6296 479 6296 477 6296 533 6297 535 6297 483 6297 529 6298 481 6298 479 6298 529 6299 479 6299 527 6299 531 6300 483 6300 481 6300 531 6301 533 6301 483 6301 531 6302 481 6302 529 6302</p>
        </triangles>
      </mesh>
    </geometry>
  </library_geometries>
  <library_materials>
    <material id="mat_Part__Feature108" name="Part__Feature108">
      <instance_effect url="#effect_Part__Feature108"/>
    </material>
    <material id="mat_Part__Feature109" name="Part__Feature109">
      <instance_effect url="#effect_Part__Feature109"/>
    </material>
  </library_materials>
  <library_visual_scenes>
    <visual_scene id="scene">
      <node id="node0" name="node0">
        <instance_geometry url="#geometry0">
          <bind_material>
            <technique_common>
              <instance_material symbol="ref_Part__Feature108" target="#mat_Part__Feature108"/>
            </technique_common>
          </bind_material>
        </instance_geometry>
      </node>
      <node id="node1" name="node1">
        <instance_geometry url="#geometry1">
          <bind_material>
            <technique_common>
              <instance_material symbol="ref_Part__Feature109" target="#mat_Part__Feature109"/>
            </technique_common>
          </bind_material>
        </instance_geometry>
      </node>
    </visual_scene>
  </library_visual_scenes>
  <scene>
    <instance_visual_scene url="#scene"/>
  </scene>
</COLLADA>
