<COLLADA xmlns="http://www.collada.org/2005/11/COLLADASchema" version="1.4.1">
  <asset>
    <contributor/>
    <created>2026-06-17T16:05:25.090561</created>
    <modified>2026-06-17T16:05:25.090561</modified>
    <unit name="meter" meter="1.0"/>
    <up_axis>Z_UP</up_axis>
  </asset>
  <library_effects>
    <effect id="effect_Part__Feature" name="effect_Part__Feature">
      <profile_COMMON>
        <technique sid="common">
          <phong>
            <emission>
              <color>0.0 0.0 0.0 1.0</color>
            </emission>
            <ambient>
              <color>0.0 0.0 0.0 1.0</color>
            </ambient>
            <diffuse>
              <color>0.15294116735458374 0.15294116735458374 0.15294116735458374 1.0</color>
            </diffuse>
            <specular>
              <color>1 1 1 1.0</color>
            </specular>
            <shininess>
              <float>0.0</float>
            </shininess>
            <reflective>
              <color>0.0 0.0 0.0 1.0</color>
            </reflective>
            <reflectivity>
              <float>0.0</float>
            </reflectivity>
            <transparent>
              <color>0.0 0.0 0.0 1.0</color>
            </transparent>
            <transparency>
              <float>1.0</float>
            </transparency>
          </phong>
        </technique>
        <extra>
          <technique profile="GOOGLEEARTH">
            <double_sided>0</double_sided>
          </technique>
        </extra>
      </profile_COMMON>
    </effect>
    <effect id="effect_Part__Feature001" name="effect_Part__Feature001">
      <profile_COMMON>
        <technique sid="common">
          <phong>
            <emission>
              <color>0.0 0.0 0.0 1.0</color>
            </emission>
            <ambient>
              <color>0.0 0.0 0.0 1.0</color>
            </ambient>
            <diffuse>
              <color>0.6274510025978088 0.6274510025978088 0.6274510025978088 1.0</color>
            </diffuse>
            <specular>
              <color>1 1 1 1.0</color>
            </specular>
            <shininess>
              <float>0.0</float>
            </shininess>
            <reflective>
              <color>0.0 0.0 0.0 1.0</color>
            </reflective>
            <reflectivity>
              <float>0.0</float>
            </reflectivity>
            <transparent>
              <color>0.0 0.0 0.0 1.0</color>
            </transparent>
            <transparency>
              <float>1.0</float>
            </transparency>
          </phong>
        </technique>
        <extra>
          <technique profile="GOOGLEEARTH">
            <double_sided>0</double_sided>
          </technique>
        </extra>
      </profile_COMMON>
    </effect>
  </library_effects>
  <library_geometries>
    <geometry id="geometry0" name="wheel_assm v2">
      <mesh>
        <source id="cubeverts-array0">
          <float_array count="5934" id="cubeverts-array0-array">0.1625 0.04624749 -0.1703326 0.164 0.0495892 -0.168433 0.164 0.04625899 -0.1708107 0.1625 0.04957118 -0.167943 0.1614019 0.04562893 -0.1694253 0.161 0.04478394 -0.168186 0.161 0.04800245 -0.165872 0.1614019 0.04890816 -0.1670677 0.1625 0.04280883 -0.1725535 0.164 0.04281499 -0.1730204 0.1614019 0.04223625 -0.1716166 0.161 0.0414541 -0.1703366 0.1625 0.03926373 -0.1746003 0.164 0.03926566 -0.1750566 0.1614019 0.03873857 -0.1736359 0.161 0.03802119 -0.1723186 0.1625 0.03562102 -0.1764678 0.164 0.03561974 -0.1769143 0.1614019 0.03514458 -0.1754785 0.161 0.03449376 -0.174127 0.1625 0.03188975 -0.1781514 0.164 0.03188618 -0.1785889 0.1614019 0.03146322 -0.1771396 0.161 0.03088057 -0.1757574 0.1625 0.0280792 -0.179647 0.164 0.02807419 -0.1800764 0.1614019 0.02770363 -0.1786151 0.161 0.0271906 -0.1772056 0.1625 0.02419883 -0.1809507 0.164 0.02419313 -0.181373 0.1614019 0.02387517 -0.1799014 0.161 0.02343304 -0.178468 0.1625 0.02025831 -0.1820594 0.164 0.02025255 -0.1824755 0.1614019 0.01998735 -0.1809953 0.161 0.01961721 -0.1795416 0.1625 0.01626742 -0.1829703 0.164 0.01626216 -0.1833813 0.1614019 0.01604984 -0.181894 0.161 0.01184886 -0.181112 0.161 0.01575262 -0.1804237 0.1625 0.01223608 -0.1836811 0.164 0.01223175 -0.1840882 0.1614019 0.01207242 -0.1825953 0.1625 0.008174329 -0.1841901 0.164 0.008171256 -0.1845943 0.1614019 0.008064996 -0.1830975 0.161 0.007915644 -0.1816049 0.1625 0.004092251 -0.184496 0.164 0.00409066 -0.1848985 0.1625 -1.005411e-17 -0.1845981 0.1614019 0.004037517 -0.1833993 0.161 -1.065814e-17 -0.182 0.161 0.003962748 -0.1819012 0.1614019 -9.919639e-18 -0.1835 0.164 -1.065814e-17 -0.185 0.1625 -0.004028362 -0.1844992 0.164 -0.004048083 -0.1849006 0.1614019 -0.003974482 -0.1834024 0.161 -0.003962748 -0.1819012 0.1625 -0.008047019 -0.1842028 0.164 -0.008086414 -0.1846027 0.1614019 -0.007939388 -0.18311 0.161 -0.007915644 -0.1816049 0.1625 -0.01204629 -0.1837095 0.164 -0.01210526 -0.1841071 0.1614019 -0.01188517 -0.1826233 0.161 -0.01184886 -0.181112 0.1625 -0.01601654 -0.1830206 0.164 -0.01609495 -0.1834148 0.1614019 -0.01580232 -0.1819436 0.161 -0.01575262 -0.1804237 0.1625 -0.01994821 -0.1821377 0.164 -0.02004586 -0.1825276 0.1614019 -0.01968139 -0.1810725 0.161 -0.01961721 -0.1795416 0.1625 -0.02383181 -0.181063 0.164 -0.02394849 -0.1814476 0.164 -0.02779341 -0.1801774 0.1614019 -0.02351306 -0.1800122 0.161 -0.02343304 -0.178468 0.1625 -0.02765801 -0.179799 0.1614019 -0.02728808 -0.1787651 0.161 -0.0271906 -0.1772056 0.1625 -0.03141757 -0.1783487 0.164 -0.03157138 -0.1787201 0.1614019 -0.03099736 -0.1773342 0.161 -0.03088057 -0.1757574 0.1625 -0.03510145 -0.1767158 0.164 -0.0352733 -0.1770791 0.1614019 -0.03463196 -0.1757231 0.161 -0.03449376 -0.174127 0.1625 -0.03870076 -0.174904 0.164 -0.03889023 -0.1752585 0.1614019 -0.03818314 -0.1739356 0.161 -0.03802119 -0.1723186 0.1625 -0.04220685 -0.1729179 0.164 -0.04241348 -0.1732626 0.1614019 -0.04164232 -0.171976 0.161 -0.0414541 -0.1703366 0.1625 -0.04561125 -0.1707621 0.164 -0.04583455 -0.1710962 0.1614019 -0.04500119 -0.169849 0.161 -0.04478394 -0.168186 0.1625 -0.04890577 -0.1684418 0.164 -0.04914519 -0.1687646 0.1614019 -0.04825164 -0.1675598 0.161 -0.04800245 -0.165872 0.1625 -0.05208247 -0.1659627 0.164 -0.05233744 -0.1662734 0.1614019 -0.05138586 -0.1651138 0.161 -0.05110162 -0.1634005 0.1625 -0.0551337 -0.1633307 0.164 -0.05540361 -0.1636285 0.1614019 -0.05439627 -0.162517 0.161 -0.05407373 -0.1607776 0.1625 -0.0580521 -0.1605521 0.164 -0.05833631 -0.1608363 0.1614019 -0.05727565 -0.1597757 0.161 -0.05691142 -0.1580098 0.1625 -0.06083066 -0.1576337 0.164 -0.06112847 -0.1579036 0.1625 -0.0615556 -0.1568231 0.164 -0.06377336 -0.1548374 0.1614019 -0.06001704 -0.1568963 0.161 -0.0596076 -0.155104 0.1614019 -0.06073228 -0.1560966 0.1625 -0.06346267 -0.1545825 0.1625 -0.06418686 -0.1536873 0.164 -0.06626462 -0.1516452 0.1614019 -0.06261385 -0.1538858 0.161 -0.0621556 -0.1520674 0.1614019 -0.06332835 -0.1530027 0.1625 -0.0659418 -0.1514058 0.1625 -0.06665855 -0.1504242 0.164 -0.06859624 -0.1483345 0.1614019 -0.06505981 -0.1507516 0.161 -0.06454907 -0.1489076 0.1614019 -0.06576698 -0.1497832 0.1625 -0.06826205 -0.1481113 0.1625 -0.06896452 -0.147042 0.164 -0.07076261 -0.1449135 0.1614019 -0.06734904 -0.1475012 0.161 -0.06678206 -0.1456324 0.1614019 -0.0680421 -0.1464462 0.1625 -0.07041787 -0.1447068 0.1625 -0.07109902 -0.143549 0.164 -0.07275851 -0.1413902 0.1614019 -0.06947602 -0.1441423 0.161 -0.06884902 -0.14225 0.1614019 -0.07014806 -0.143 0.1625 -0.07240404 -0.1412008 0.1625 -0.07305676 -0.139954 0.164 -0.07457912 -0.1377733 0.1614019 -0.07143562 -0.1406831 0.161 -0.07074481 -0.1387688 0.1614019 -0.07207961 -0.1394531 0.1625 -0.07421578 -0.1376015 0.1625 -0.07483288 -0.1362659 0.164 -0.07622006 -0.1340714 0.1614019 -0.07322313 -0.137132 0.161 -0.07246471 -0.1351973 0.1614019 -0.07383198 -0.1358143 0.1625 -0.07584873 -0.1339176 0.1625 -0.07642294 -0.1324938 0.164 -0.07767738 -0.1302934 0.1614019 -0.07483424 -0.1334974 0.161 -0.07400446 -0.1315446 0.1614019 -0.07540077 -0.1320926 0.1625 -0.07729896 -0.130158 0.1614019 -0.07626507 -0.1297881 0.161 -0.07536022 -0.1278197 0.1625 -0.07782301 -0.1286471 0.164 -0.07894758 -0.1264485 0.1614019 -0.07678211 -0.1282974 0.1625 -0.07856296 -0.1263318 0.1614019 -0.07751217 -0.1260131 0.161 -0.07652863 -0.1240318 0.1625 -0.0790296 -0.1247355 0.164 -0.08002758 -0.1225459 0.1614019 -0.07797256 -0.1244381 0.1625 -0.0796377 -0.1224482 0.1614019 -0.07857253 -0.1221814 0.161 -0.07750677 -0.1201904 0.1625 -0.0800397 -0.1207685 0.164 -0.08091479 -0.1185949 0.1614019 -0.07896916 -0.1205242 0.1625 -0.08052058 -0.1185165 0.1614019 -0.07944361 -0.1183023 0.161 -0.07829221 -0.116305 0.1625 -0.08085082 -0.1167562 0.164 -0.08160706 -0.1146053 0.1614019 -0.07976942 -0.1165655 0.1625 -0.08120949 -0.1145463 0.1614019 -0.0801233 -0.1143852 0.161 -0.07888302 -0.1123853 0.1625 -0.08146093 -0.1127084 0.164 -0.08210274 -0.1105864 0.1614019 -0.08037138 -0.1125718 0.1625 -0.08170275 -0.110547 0.1614019 -0.08060996 -0.1104394 0.161 -0.0792777 -0.108441 0.1625 -0.08186852 -0.1086352 0.164 -0.08240063 -0.1065481 0.1614019 -0.08077351 -0.1085531 0.1625 -0.08199918 -0.1065284 0.1614019 -0.08090244 -0.1064745 0.161 -0.07947529 -0.104482 0.1625 -0.08207256 -0.1045468 0.164 -0.0825 -0.1025 0.1614019 -0.08097482 -0.1045194 0.1625 -0.08209808 -0.1025 0.1614019 -0.081 -0.1025 0.161 -0.07947529 -0.100518 0.1625 -0.08207256 -0.1004532 0.164 -0.08239852 -0.09840934 0.1614019 -0.08097482 -0.1004806 0.1625 -0.08199709 -0.09842927 0.1614019 -0.08090037 -0.09848372 0.161 -0.0792777 -0.09655896 0.1625 -0.08186852 -0.0963648 0.164 -0.08209434 -0.09432874 0.1614019 -0.08077351 -0.09644686 0.1625 -0.08169439 -0.09436855 0.1614019 -0.08060172 -0.09447731 0.161 -0.07888302 -0.09261468 0.1625 -0.08146093 -0.09229162 0.164 -0.0815882 -0.09026825 0.1614019 -0.08037138 -0.09242816 0.1625 -0.08119072 -0.09032784 0.1614019 -0.08010477 -0.09049065 0.161 -0.07829221 -0.08869497 0.1625 -0.08085082 -0.08824382 0.164 -0.08088135 -0.08623785 0.1614019 -0.07976942 -0.08843449 0.1625 -0.08048731 -0.08631707 0.1614019 -0.07941077 -0.08653352 0.161 -0.07750677 -0.08480959 0.1625 -0.0800397 -0.08423146 0.164 -0.07997552 -0.08224744 0.1614019 -0.07896916 -0.08447581 0.1625 -0.0795859 -0.08234612 0.1614019 -0.07852142 -0.08261568 0.161 -0.07652863 -0.08096819 0.1625 -0.0790296 -0.08026452 0.164 -0.07887296 -0.07830687 0.1614019 -0.07797256 -0.08056192 0.1625 -0.0784887 -0.07842474 0.1614019 -0.0774389 -0.07874675 0.161 -0.07536022 -0.07718031 0.1625 -0.07782301 -0.07635286 0.164 -0.07757635 -0.07442581 0.1614019 -0.07678211 -0.07670258 0.1625 -0.07719841 -0.07456258 0.1614019 -0.07616587 -0.07493626 0.161 -0.07400446 -0.07345539 0.1625 -0.07642294 -0.0725062 0.164 -0.07608891 -0.07061382 0.1614019 -0.07540077 -0.07290738 0.1625 -0.07571822 -0.07076917 0.1614019 -0.07470547 -0.07119357 0.161 -0.07246471 -0.06980267 0.1625 -0.07483288 -0.06873412 0.164 -0.07441428 -0.06688026 0.1614019 -0.07383198 -0.06918575 0.1625 -0.07405174 -0.06705379 0.1614019 -0.07306129 -0.0675279 0.161 -0.07074481 -0.06623125 0.1625 -0.07305676 -0.06504598 0.164 -0.07255659 -0.06323434 0.1614019 -0.07207961 -0.06554694 0.1625 -0.0722031 -0.06342564 0.1614019 -0.07123737 -0.06394826 0.161 -0.06884902 -0.06275 0.1625 -0.07109902 -0.06145096 0.164 -0.0705204 -0.05968501 0.1614019 -0.07014806 -0.062 0.1625 -0.07017683 -0.0598936 0.1614019 -0.06923821 -0.06046346 0.161 -0.06678206 -0.05936757 0.1625 -0.06896452 -0.057958 0.164 -0.06831073 -0.05624101 0.1614019 -0.0680421 -0.05855375 0.1625 -0.06797794 -0.05646637 0.1614019 -0.06706872 -0.05708208 0.161 -0.06454907 -0.05609238 0.1625 -0.06665855 -0.05457577 0.164 -0.06593301 -0.0529108 0.1614019 -0.06576698 -0.05521676 0.1625 -0.06561179 -0.05315239 0.1614019 -0.06473423 -0.05381243 0.161 -0.0621556 -0.05293256 0.1625 -0.06418686 -0.05131269 0.164 -0.06339309 -0.04970259 0.1614019 -0.06332835 -0.05199733 0.1625 -0.06308425 -0.04995981 0.1614019 -0.06224049 -0.05066255 0.161 -0.0596076 -0.04989598 0.1625 -0.0615556 -0.04817686 0.164 -0.06069722 -0.04662427 0.1614019 -0.06073228 -0.04890345 0.1625 -0.06040152 -0.04689648 0.1614019 -0.05959364 -0.04764019 0.161 -0.05691142 -0.04699017 0.1625 -0.05877129 -0.0451761 0.164 -0.05785204 -0.0436834 0.1614019 -0.05798521 -0.04594282 0.1625 -0.05757019 -0.04396995 0.1614019 -0.05680018 -0.0447528 0.161 -0.05407373 -0.04422238 0.1625 -0.05584087 -0.04231785 0.164 -0.05486453 -0.04088723 0.1614019 -0.05509399 -0.0431228 0.1625 -0.05459724 -0.04118739 0.1614019 -0.05386699 -0.04200746 0.161 -0.05110162 -0.04159947 0.1625 -0.05277163 -0.03960923 0.164 -0.05174205 -0.03824263 0.1614019 -0.0520658 -0.0404504 0.1625 -0.05148997 -0.03855568 0.1614019 -0.05080128 -0.03941094 0.161 -0.04800245 -0.03912796 0.1625 -0.04957118 -0.03705695 0.164 -0.04849228 -0.0357561 0.1614019 -0.04890816 -0.03793227 0.1625 -0.04825604 -0.03608126 0.1614019 -0.04761061 -0.03696962 0.161 -0.04478394 -0.03681402 0.1625 -0.04624749 -0.03466739 0.164 -0.04512322 -0.03343377 0.1614019 -0.04562893 -0.03557466 0.1625 -0.04490339 -0.03377024 0.1614019 -0.0443028 -0.03468951 0.161 -0.0414541 -0.03466338 0.1625 -0.04280883 -0.03244646 0.164 -0.04164316 -0.03128134 0.1614019 -0.04223625 -0.03338344 0.1625 -0.04144028 -0.0316283 0.1614019 -0.04088601 -0.03257623 0.161 -0.03802119 -0.03268139 0.1625 -0.03926373 -0.0303997 0.164 -0.03806065 -0.02930412 0.1625 -0.03787522 -0.02966071 0.1614019 -0.03873857 -0.03136405 0.1614019 -0.03736863 -0.03063495 0.161 -0.03449376 -0.03087297 0.1625 -0.03562102 -0.02853219 0.164 -0.0343845 -0.02750696 0.1625 -0.03421699 -0.02787231 0.1614019 -0.03514458 -0.02952152 0.1614019 -0.03375933 -0.02887047 0.161 -0.03088057 -0.02924264 0.1625 -0.03188975 -0.02684858 0.164 -0.03062377 -0.02589429 0.1625 -0.03047458 -0.0262675 0.1614019 -0.03146322 -0.02786043 0.1614019 -0.03006698 -0.02728712 0.161 -0.0271906 -0.02779444 0.1625 -0.0280792 -0.02535304 0.164 -0.02678771 -0.02447008 0.1625 -0.0266572 -0.02485022 0.1614019 -0.02770363 -0.0263849 0.1614019 -0.02630066 -0.0258888 0.161 -0.02343304 -0.02653196 0.1625 -0.02419883 -0.02404931 0.164 -0.02288574 -0.02323782 0.1625 -0.02277424 -0.02362397 0.1614019 -0.02387517 -0.0250986 0.1614019 -0.02246964 -0.02467895 0.161 -0.01961721 -0.02545835 0.1625 -0.02025831 -0.02294062 0.164 -0.01892747 -0.02220056 0.1625 -0.01883526 -0.02259176 0.1614019 -0.01998735 -0.02400474 0.1614019 -0.01858334 -0.02366055 0.161 -0.01575262 -0.02457629 0.1625 -0.01626742 -0.02202972 0.164 -0.01492264 -0.02136083 0.1625 -0.01484994 -0.02175612 0.1614019 -0.01604984 -0.02310603 0.1614019 -0.01465132 -0.02283609 0.161 -0.01184886 -0.02388795 0.1625 -0.01223608 -0.02131889 0.164 -0.0108811 -0.02072071 0.1625 -0.01082809 -0.02111913 0.1614019 -0.01207242 -0.0224047 0.1614019 -0.01068327 -0.02220761 0.161 -0.007915644 -0.02339505 0.1625 -0.008174329 -0.02080989 0.164 -0.006812796 -0.02028178 0.1625 -0.006779605 -0.02068233 0.1614019 -0.008064996 -0.02190251 0.1614019 -0.006688927 -0.02177666 0.161 -0.003962748 -0.02309883 0.1625 -0.004092251 -0.02050398 0.164 -0.002727728 -0.02004511 0.1625 -0.002714439 -0.02044681 0.1614019 -0.004037517 -0.02160069 0.1614019 -0.002678133 -0.02154429 0.161 -9.642027e-16 -0.023 0.1625 -1.020848e-15 -0.02040192 0.164 0.00136405 -0.02001128 0.1625 0.001357405 -0.02041315 0.1614019 -1.007194e-15 -0.0215 0.1614019 0.001339249 -0.02151107 0.161 0.003962748 -0.02309883 0.1625 0.004092251 -0.02050398 0.164 0.005452473 -0.02018038 0.1625 0.00542591 -0.02058142 0.1614019 0.004037517 -0.02160069 0.1614019 0.005353337 -0.0216771 0.161 0.007915644 -0.02339505 0.1625 0.008174329 -0.02080989 0.164 0.009527483 -0.02055198 0.1625 0.009481067 -0.02095122 0.1614019 0.008064996 -0.02190251 0.1614019 0.009354256 -0.02204195 0.161 0.01184886 -0.02388795 0.1625 0.01223608 -0.02131889 0.164 0.01357905 -0.02112519 0.1625 0.0135129 -0.02152164 0.1614019 0.01207242 -0.0224047 0.1614019 0.01333216 -0.02260473 0.161 0.01575262 -0.02457629 0.1625 0.01626742 -0.02202972 0.164 0.01759722 -0.02189859 0.1625 0.01751149 -0.02229126 0.1614019 0.01604984 -0.02310603 0.1614019 0.01727727 -0.02336407 0.161 0.01961721 -0.02545835 0.1625 0.02025831 -0.02294062 0.164 0.0215721 -0.02287026 0.1625 0.021467 -0.02325821 0.1614019 0.01998735 -0.02400474 0.1614019 0.02117987 -0.02431808 0.161 0.02343304 -0.02653196 0.1625 0.02419883 -0.02404931 0.164 0.0254939 -0.02403784 0.1625 0.0253697 -0.02442009 0.1614019 0.02387517 -0.0250986 0.1614019 0.02503038 -0.02546442 0.161 0.0271906 -0.02779444 0.1625 0.0280792 -0.02535304 0.164 0.02935299 -0.02539843 0.1625 0.02920999 -0.02577406 0.1614019 0.02770363 -0.0263849 0.1614019 0.0288193 -0.02680028 0.161 0.03088057 -0.02924264 0.1625 0.03188975 -0.02684858 0.164 0.03313987 -0.0269487 0.1625 0.03297842 -0.02731677 0.1614019 0.03146322 -0.02786043 0.1614019 0.03253733 -0.02832236 0.161 0.03449376 -0.03087297 0.1625 0.03562102 -0.02853219 0.164 0.03684523 -0.02868483 0.1625 0.03666573 -0.02904444 0.1614019 0.03514458 -0.02952152 0.1614019 0.03617531 -0.03002692 0.161 0.03802119 -0.03268139 0.1625 0.03926373 -0.0303997 0.164 0.04045994 -0.03060255 0.1625 0.04026283 -0.03095282 0.1614019 0.03873857 -0.03136405 0.1614019 0.0397243 -0.03190978 0.161 0.0414541 -0.03466338 0.1625 0.04280883 -0.03244646 0.164 0.04397512 -0.03269714 0.1625 0.04376088 -0.03303721 0.1614019 0.04223625 -0.03338344 0.1614019 0.04317557 -0.03396629 0.161 0.04478394 -0.03681402 0.1625 0.04624749 -0.03466739 0.164 0.04738211 -0.03496345 0.1625 0.04715128 -0.03529248 0.1614019 0.04562893 -0.03557466 0.1614019 0.04652062 -0.03619139 0.161 0.04800245 -0.03912796 0.1625 0.04957118 -0.03705695 0.164 0.05067255 -0.03739591 0.1625 0.05042568 -0.03771308 0.1614019 0.04890816 -0.03793227 0.1614019 0.04975123 -0.03857962 0.161 0.05110162 -0.04159947 0.1625 0.05277163 -0.03960923 0.164 0.05383833 -0.03998852 0.1625 0.05357603 -0.04029307 0.1614019 0.0520658 -0.0404504 0.1614019 0.05285945 -0.0411251 0.161 0.05407373 -0.04422238 0.1625 0.05584087 -0.04231785 0.164 0.05687165 -0.04273492 0.1625 0.05659459 -0.04302608 0.1614019 0.05509399 -0.0431228 0.1614019 0.05583763 -0.04382156 0.161 0.05691142 -0.04699017 0.1625 0.05877129 -0.0451761 0.164 0.05976508 -0.04562835 0.1614019 0.05798521 -0.04594282 0.161 0.0596076 -0.04989598 0.1625 0.0615556 -0.04817686 0.164 0.06251148 -0.04866167 0.1614019 0.06073228 -0.04890345 0.1625 0.06418686 -0.05131269 0.164 0.0651041 -0.05182745 0.1614019 0.06332835 -0.05199733 0.161 0.0621556 -0.05293256 0.1625 0.06665855 -0.05457577 0.164 0.06753654 -0.05511789 0.1614019 0.06576698 -0.05521676 0.161 0.06454907 -0.05609238 0.1625 0.06896452 -0.057958 0.164 0.06980286 -0.05852488 0.1614019 0.0680421 -0.05855375 0.161 0.06678206 -0.05936757 0.1625 0.07109902 -0.06145096 0.164 0.07189745 -0.06204006 0.1614019 0.07014806 -0.062 0.161 0.06884902 -0.06275 0.1625 0.07305676 -0.06504598 0.164 0.07381517 -0.06565477 0.1614019 0.07207961 -0.06554694 0.161 0.07074481 -0.06623125 0.1625 0.07483288 -0.06873412 0.164 0.0755513 -0.06936013 0.1614019 0.07383198 -0.06918575 0.161 0.07246471 -0.06980267 0.1625 0.07642294 -0.0725062 0.164 0.07710157 -0.07314701 0.1614019 0.07540077 -0.07290738 0.161 0.07400446 -0.07345539 0.1625 0.07782301 -0.07635286 0.164 0.07846217 -0.0770061 0.1614019 0.07678211 -0.07670258 0.161 0.07652863 -0.08096819 0.161 0.07536022 -0.07718031 0.1625 0.0790296 -0.08026452 0.164 0.07962974 -0.0809279 0.1614019 0.07797256 -0.08056192 0.1625 0.0800397 -0.08423146 0.164 0.08060141 -0.08490278 0.1614019 0.07896916 -0.08447581 0.161 0.07750677 -0.08480959 0.1625 0.08085082 -0.08824382 0.164 0.08137481 -0.08892094 0.1614019 0.07976942 -0.08843449 0.161 0.07829221 -0.08869497 0.1625 0.08146093 -0.09229162 0.164 0.08194801 -0.09297252 0.1614019 0.08037138 -0.09242816 0.161 0.07888302 -0.09261468 0.1625 0.08186852 -0.0963648 0.164 0.08231963 -0.09704752 0.1614019 0.08077351 -0.09644686 0.161 0.0792777 -0.09655896 0.1625 0.08207256 -0.1004532 0.164 0.08248872 -0.1011359 0.1614019 0.08097482 -0.1004806 0.161 0.07947529 -0.100518 0.1625 0.08207256 -0.1045468 0.164 0.0824549 -0.1052277 0.1614019 0.08097482 -0.1045194 0.161 0.07947529 -0.104482 0.1625 0.08186852 -0.1086352 0.164 0.08221822 -0.1093128 0.1614019 0.08077351 -0.1085531 0.161 0.0792777 -0.108441 0.1625 0.08146093 -0.1127084 0.164 0.08177929 -0.1133811 0.1614019 0.08037138 -0.1125718 0.161 0.07888302 -0.1123853 0.1625 0.08085082 -0.1167562 0.164 0.08113917 -0.1174226 0.1614019 0.07976942 -0.1165655 0.161 0.07829221 -0.116305 0.1625 0.0800397 -0.1207685 0.164 0.08029945 -0.1214275 0.1614019 0.07896916 -0.1205242 0.161 0.07750677 -0.1201904 0.1625 0.0790296 -0.1247355 0.164 0.07926218 -0.1253857 0.1614019 0.07797256 -0.1244381 0.161 0.07652863 -0.1240318 0.1625 0.07782301 -0.1286471 0.164 0.07802992 -0.1292877 0.1614019 0.07678211 -0.1282974 0.161 0.07536022 -0.1278197 0.1625 0.07642294 -0.1324938 0.164 0.07660571 -0.1331238 0.1614019 0.07540077 -0.1320926 0.161 0.07400446 -0.1315446 0.1625 0.07483288 -0.1362659 0.164 0.07499304 -0.1368845 0.1614019 0.07383198 -0.1358143 0.161 0.07246471 -0.1351973 0.1625 0.07305676 -0.139954 0.164 0.07319588 -0.1405606 0.1614019 0.07207961 -0.1394531 0.161 0.07074481 -0.1387688 0.1625 0.07109902 -0.143549 0.164 0.07121866 -0.1441432 0.1614019 0.07014806 -0.143 0.161 0.06884902 -0.14225 0.1625 0.06896452 -0.147042 0.164 0.06906623 -0.1476232 0.1614019 0.0680421 -0.1464462 0.161 0.06678206 -0.1456324 0.1625 0.06665855 -0.1504242 0.164 0.0667439 -0.1509923 0.1614019 0.06576698 -0.1497832 0.161 0.06454907 -0.1489076 0.1625 0.06418686 -0.1536873 0.164 0.06425738 -0.1542421 0.1614019 0.06332835 -0.1530027 0.161 0.0621556 -0.1520674 0.1625 0.0615556 -0.1568231 0.164 0.06161277 -0.1573645 0.1614019 0.06073228 -0.1560966 0.161 0.0596076 -0.155104 0.1625 0.05877129 -0.1598239 0.164 0.0588166 -0.160352 0.1614019 0.05798521 -0.1590572 0.161 0.05691142 -0.1580098 0.1625 0.05584087 -0.1626821 0.164 0.05587573 -0.1631972 0.1614019 0.05509399 -0.1618772 0.161 0.05407373 -0.1607776 0.1625 0.05277163 -0.1653908 0.164 0.05279741 -0.1658931 0.1614019 0.0520658 -0.1645496 0.161 0.05110162 -0.1634005 0.218 -0.0825 -0.1025 0.218 -0.08239852 -0.1065907 0.218 -0.08209434 -0.1106713 0.218 -0.0815882 -0.1147318 0.218 -0.08088135 -0.1187622 0.218 -0.07997552 -0.1227526 0.218 -0.07887296 -0.1266931 0.218 -0.07757635 -0.1305742 0.218 -0.07608891 -0.1343862 0.218 -0.07441428 -0.1381197 0.218 -0.07255659 -0.1417657 0.218 -0.0705204 -0.145315 0.218 -0.06831073 -0.148759 0.218 -0.06593301 -0.1520892 0.218 -0.06339309 -0.1552974 0.218 -0.06069722 -0.1583757 0.218 -0.05785204 -0.1613166 0.218 -0.05486453 -0.1641128 0.218 -0.05174205 -0.1667574 0.218 -0.04849228 -0.1692439 0.218 -0.04512322 -0.1715662 0.218 -0.04164316 -0.1737187 0.218 -0.03806065 -0.1756959 0.218 -0.0343845 -0.177493 0.218 -0.03062377 -0.1791057 0.218 -0.02678771 -0.1805299 0.218 -0.02288574 -0.1817622 0.218 -0.01892747 -0.1827994 0.218 -0.01492264 -0.1836392 0.218 -0.0108811 -0.1842793 0.218 -0.006812796 -0.1847182 0.218 -0.002727728 -0.1849549 0.218 0.00136405 -0.1849887 0.218 0.005452473 -0.1848196 0.218 0.009527483 -0.184448 0.218 0.01357905 -0.1838748 0.218 0.01759722 -0.1831014 0.218 0.0215721 -0.1821297 0.218 0.0254939 -0.1809622 0.218 0.02935299 -0.1796016 0.218 0.03313987 -0.1780513 0.218 0.03684523 -0.1763152 0.218 0.04045994 -0.1743974 0.218 0.04397512 -0.1723029 0.218 0.04738211 -0.1700365 0.218 0.05067255 -0.1676041 0.218 0.05383833 -0.1650115 0.218 0.05687165 -0.1622651 0.218 0.05976508 -0.1593717 0.218 0.06251148 -0.1563383 0.218 0.0651041 -0.1531725 0.218 0.06753654 -0.1498821 0.218 0.06980286 -0.1464751 0.218 0.07189745 -0.1429599 0.218 0.07381517 -0.1393452 0.218 0.0755513 -0.1356399 0.218 0.07710157 -0.131853 0.218 0.07846217 -0.1279939 0.218 0.07962974 -0.1240721 0.218 0.08060141 -0.1200972 0.218 0.08137481 -0.1160791 0.218 0.08194801 -0.1120275 0.218 0.08231963 -0.1079525 0.218 0.08248872 -0.1038641 0.218 0.0824549 -0.09977227 0.218 0.08221822 -0.0956872 0.218 0.08177929 -0.0916189 0.218 0.08113917 -0.08757735 0.218 0.08029945 -0.08357253 0.218 0.07926218 -0.07961426 0.218 0.07802992 -0.0757123 0.218 0.07660571 -0.07187623 0.218 0.07499304 -0.06811549 0.218 0.07319588 -0.06443935 0.218 0.07121866 -0.06085684 0.218 0.06906623 -0.05737678 0.218 0.0667439 -0.05400772 0.218 0.06425738 -0.05075795 0.218 0.06161277 -0.04763547 0.218 0.0588166 -0.04464796 0.218 0.05587573 -0.04180278 0.218 0.05279741 -0.03910691 0.218 0.0495892 -0.03656699 0.218 0.04625899 -0.03418927 0.218 0.04281499 -0.0319796 0.218 0.03926566 -0.02994341 0.218 0.03561974 -0.02808572 0.218 0.03188618 -0.02641109 0.218 0.02807419 -0.02492365 0.218 0.02419313 -0.02362705 0.218 0.02025255 -0.02252448 0.218 0.01626216 -0.02161865 0.218 0.01223175 -0.0209118 0.218 0.008171256 -0.02040566 0.218 0.00409066 -0.02010148 0.218 -1.065814e-17 -0.02 0.218 -0.004048083 -0.02009937 0.218 -0.008086414 -0.02039726 0.218 -0.01210526 -0.02089294 0.218 -0.01609495 -0.02158521 0.218 -0.02004586 -0.02247242 0.218 -0.02394849 -0.02355242 0.218 -0.02779341 -0.02482261 0.218 -0.03157138 -0.02627994 0.218 -0.0352733 -0.02792088 0.218 -0.03889023 -0.0297415 0.218 -0.04241348 -0.03173739 0.218 -0.04583455 -0.03390376 0.218 -0.04914519 -0.03623538 0.218 -0.05233744 -0.03872664 0.218 -0.05540361 -0.04137153 0.218 -0.05833631 -0.04416369 0.218 -0.06112847 -0.04709639 0.218 -0.06377336 -0.05016256 0.218 -0.06626462 -0.05335481 0.218 -0.06859624 -0.05666545 0.218 -0.07076261 -0.06008652 0.218 -0.07275851 -0.06360977 0.218 -0.07457912 -0.06722671 0.218 -0.07622006 -0.07092862 0.218 -0.07767738 -0.07470659 0.218 -0.07894758 -0.07855151 0.218 -0.08002758 -0.08245413 0.218 -0.08091479 -0.08640505 0.218 -0.08160706 -0.09039474 0.218 -0.08210274 -0.09441359 0.218 -0.08240063 -0.09845192 0.161 -0.04834027 -0.1496112 0.161 -0.04585095 -0.1520373 0.161 -0.0507014 -0.1470603 0.161 -0.04324004 -0.1543319 0.161 -0.05292809 -0.1443911 0.161 -0.04051447 -0.1564892 0.161 -0.05501441 -0.1416109 0.161 -0.03768145 -0.1585032 0.161 -0.05695485 -0.138727 0.161 -0.03474851 -0.1603687 0.161 -0.05874426 -0.135747 0.161 -0.03172343 -0.1620808 0.161 -0.06037788 -0.1326788 0.161 -0.02861422 -0.1636349 0.161 -0.06185139 -0.1295306 0.161 -0.02542913 -0.1650269 0.161 -0.06316088 -0.1263108 0.161 -0.02217661 -0.166253 0.161 -0.06430289 -0.1230277 0.161 -0.01886528 -0.1673101 0.161 -0.06527437 -0.1196903 0.161 -0.01550392 -0.1681953 0.161 -0.06607276 -0.1163073 0.161 -0.01210145 -0.1689064 0.161 -0.06669593 -0.1128876 0.161 -0.008666889 -0.1694413 0.161 -0.06714224 -0.1094404 0.161 -0.005209344 -0.1697987 0.161 -0.0674105 -0.1059748 0.161 -0.001737984 -0.1699776 0.161 -0.0675 -0.1025 0.161 0.001737984 -0.1699776 0.161 -0.0674105 -0.09902518 0.161 0.005209344 -0.1697987 0.161 -0.06714224 -0.09555959 0.161 0.008666889 -0.1694413 0.161 -0.06669593 -0.09211239 0.161 0.01210145 -0.1689064 0.161 -0.06607276 -0.08869273 0.161 0.01550392 -0.1681953 0.161 -0.06527437 -0.0853097 0.161 0.01886528 -0.1673101 0.161 -0.06430289 -0.08197225 0.161 0.02217661 -0.166253 0.161 -0.06316088 -0.07868923 0.161 0.02542913 -0.1650269 0.161 -0.06185139 -0.07546936 0.161 0.02861422 -0.1636349 0.161 -0.06037788 -0.07232117 0.161 0.03172343 -0.1620808 0.161 -0.05874426 -0.06925301 0.161 0.03474851 -0.1603687 0.161 -0.05695485 -0.06627301 0.161 0.03768145 -0.1585032 0.161 -0.05501441 -0.06338908 0.161 0.04051447 -0.1564892 0.161 -0.05292809 -0.06060886 0.161 0.04324004 -0.1543319 0.161 -0.0507014 -0.05793973 0.161 0.04585095 -0.1520373 0.161 -0.04834027 -0.05538877 0.161 0.04834027 -0.1496112 0.161 -0.04585095 -0.05296274 0.161 0.0507014 -0.1470603 0.161 -0.04324004 -0.05066807 0.161 0.05292809 -0.1443911 0.161 -0.04051447 -0.04851085 0.161 0.05501441 -0.1416109 0.161 -0.03768145 -0.0464968 0.161 0.05695485 -0.138727 0.161 -0.03474851 -0.04463126 0.161 0.05874426 -0.135747 0.161 -0.03172343 -0.04291918 0.161 0.06037788 -0.1326788 0.161 -0.02861422 -0.0413651 0.161 0.06185139 -0.1295306 0.161 -0.02542913 -0.03997313 0.161 0.06316088 -0.1263108 0.161 -0.02217661 -0.03874698 0.161 0.06430289 -0.1230277 0.161 -0.01886528 -0.03768988 0.161 0.06527437 -0.1196903 0.161 -0.01550392 -0.03680465 0.161 0.06607276 -0.1163073 0.161 -0.01210145 -0.03609364 0.161 0.06669593 -0.1128876 0.161 -0.008666889 -0.03555872 0.161 0.06714224 -0.1094404 0.161 -0.005209344 -0.03520132 0.161 0.0674105 -0.1059748 0.161 -0.001737984 -0.03502238 0.161 0.0675 -0.1025 0.161 0.001737984 -0.03502238 0.161 0.0674105 -0.09902518 0.161 0.005209344 -0.03520132 0.161 0.06714224 -0.09555959 0.161 0.008666889 -0.03555872 0.161 0.06669593 -0.09211239 0.161 0.01210145 -0.03609364 0.161 0.06607276 -0.08869273 0.161 0.01550392 -0.03680465 0.161 0.06527437 -0.0853097 0.161 0.01886528 -0.03768988 0.161 0.06430289 -0.08197225 0.161 0.02217661 -0.03874698 0.161 0.06316088 -0.07868923 0.161 0.02542913 -0.03997313 0.161 0.06185139 -0.07546936 0.161 0.02861422 -0.0413651 0.161 0.06037788 -0.07232117 0.161 0.03172343 -0.04291918 0.161 0.05874426 -0.06925301 0.161 0.03474851 -0.04463126 0.161 0.05695485 -0.06627301 0.161 0.03768145 -0.0464968 0.161 0.05501441 -0.06338908 0.161 0.04051447 -0.04851085 0.161 0.05292809 -0.06060886 0.161 0.04324004 -0.05066807 0.161 0.0507014 -0.05793973 0.161 0.04585095 -0.05296274 0.161 0.04834027 -0.05538877 0.2205981 0.04890816 -0.03793227 0.221 0.04800245 -0.03912796 0.221 0.05110162 -0.04159947 0.2205981 0.0520658 -0.0404504 0.2195 0.05277163 -0.03960923 0.2195 0.04957118 -0.03705695 0.2195 0.04624749 -0.03466739 0.2205981 0.04562893 -0.03557466 0.221 0.04478394 -0.03681402 0.2195 0.04280883 -0.03244646 0.2205981 0.04223625 -0.03338344 0.221 0.0414541 -0.03466338 0.2195 0.03926373 -0.0303997 0.2205981 0.03873857 -0.03136405 0.221 0.03802119 -0.03268139 0.2195 0.03562102 -0.02853219 0.2205981 0.03514458 -0.02952152 0.221 0.03449376 -0.03087297 0.2195 0.03188975 -0.02684858 0.2205981 0.03146322 -0.02786043 0.221 0.03088057 -0.02924264 0.2195 0.0280792 -0.02535304 0.2205981 0.02770363 -0.0263849 0.221 0.0271906 -0.02779444 0.2195 0.02419883 -0.02404931 0.2205981 0.02387517 -0.0250986 0.221 0.02343304 -0.02653196 0.2195 0.02025831 -0.02294062 0.2205981 0.01998735 -0.02400474 0.221 0.01961721 -0.02545835 0.2195 0.01626742 -0.02202972 0.2205981 0.01604984 -0.02310603 0.221 0.01575262 -0.02457629 0.2195 0.01223608 -0.02131889 0.2205981 0.01207242 -0.0224047 0.221 0.01184886 -0.02388795 0.2195 0.008174329 -0.02080989 0.2205981 0.008064996 -0.02190251 0.221 0.007915644 -0.02339505 0.2195 0.004092251 -0.02050398 0.2195 -1.005411e-17 -0.02040192 0.2205981 0.004037517 -0.02160069 0.221 -1.065814e-17 -0.023 0.221 0.003962748 -0.02309883 0.2205981 -9.919639e-18 -0.0215 0.2195 -0.004028362 -0.02050081 0.2205981 -0.003974482 -0.02159757 0.221 -0.003962748 -0.02309883 0.2195 -0.008047019 -0.02079725 0.2205981 -0.007939388 -0.02189004 0.221 -0.007915644 -0.02339505 0.2195 -0.01204629 -0.02129051 0.2205981 -0.01188517 -0.0223767 0.221 -0.01184886 -0.02388795 0.2195 -0.01601654 -0.02197942 0.2205981 -0.01580232 -0.02305639 0.221 -0.01575262 -0.02457629 0.2195 -0.01994821 -0.0228623 0.2205981 -0.01968139 -0.02392747 0.221 -0.01961721 -0.02545835 0.2195 -0.02383181 -0.02393704 0.2205981 -0.02351306 -0.02498783 0.221 -0.02343304 -0.02653196 0.2195 -0.02765801 -0.02520104 0.2205981 -0.02728808 -0.02623493 0.221 -0.0271906 -0.02779444 0.2195 -0.03141757 -0.02665127 0.2205981 -0.03099736 -0.02766576 0.221 -0.03088057 -0.02924264 0.2195 -0.03510145 -0.02828422 0.2205981 -0.03463196 -0.02927687 0.221 -0.03449376 -0.03087297 0.2195 -0.03870076 -0.03009596 0.2205981 -0.03818314 -0.03106438 0.221 -0.03802119 -0.03268139 0.2195 -0.04220685 -0.03208213 0.2205981 -0.04164232 -0.03302398 0.221 -0.0414541 -0.03466338 0.2195 -0.04561125 -0.03423795 0.2205981 -0.04500119 -0.03515096 0.221 -0.04478394 -0.03681402 0.2195 -0.04890577 -0.03655821 0.2205981 -0.04825164 -0.03744019 0.221 -0.04800245 -0.03912796 0.2195 -0.05208247 -0.03903733 0.2205981 -0.05138586 -0.03988615 0.221 -0.05110162 -0.04159947 0.2195 -0.0551337 -0.04166934 0.2205981 -0.05439627 -0.04248296 0.221 -0.05407373 -0.04422238 0.2195 -0.0580521 -0.0444479 0.2205981 -0.05727565 -0.04522435 0.221 -0.05691142 -0.04699017 0.2195 -0.06083066 -0.0473663 0.2195 -0.0615556 -0.04817686 0.2205981 -0.06001704 -0.04810373 0.221 -0.0596076 -0.04989598 0.2205981 -0.06073228 -0.04890345 0.2195 -0.06346267 -0.05041753 0.2195 -0.06418686 -0.05131269 0.2205981 -0.06261385 -0.05111414 0.221 -0.0621556 -0.05293256 0.2205981 -0.06332835 -0.05199733 0.2195 -0.0659418 -0.05359423 0.2195 -0.06665855 -0.05457577 0.2205981 -0.06505981 -0.05424836 0.221 -0.06454907 -0.05609238 0.2205981 -0.06576698 -0.05521676 0.2195 -0.06826205 -0.05688875 0.2195 -0.06896452 -0.057958 0.2205981 -0.06734904 -0.05749881 0.221 -0.06678206 -0.05936757 0.2205981 -0.0680421 -0.05855375 0.2195 -0.07041787 -0.06029315 0.2195 -0.07109902 -0.06145096 0.2205981 -0.06947602 -0.06085768 0.221 -0.06884902 -0.06275 0.2205981 -0.07014806 -0.062 0.2195 -0.07240404 -0.06379924 0.2195 -0.07305676 -0.06504598 0.2205981 -0.07143562 -0.06431686 0.221 -0.07074481 -0.06623125 0.2205981 -0.07207961 -0.06554694 0.2195 -0.07421578 -0.06739855 0.2195 -0.07483288 -0.06873412 0.2205981 -0.07322313 -0.06786803 0.221 -0.07246471 -0.06980267 0.2205981 -0.07383198 -0.06918575 0.2195 -0.07584873 -0.07108243 0.2195 -0.07642294 -0.0725062 0.2205981 -0.07483424 -0.07150264 0.221 -0.07400446 -0.07345539 0.2205981 -0.07540077 -0.07290738 0.2195 -0.07729896 -0.07484199 0.2205981 -0.07626507 -0.07521192 0.221 -0.07536022 -0.07718031 0.2195 -0.07782301 -0.07635286 0.2205981 -0.07678211 -0.07670258 0.2195 -0.07856296 -0.07866819 0.2205981 -0.07751217 -0.07898694 0.221 -0.07652863 -0.08096819 0.2195 -0.0790296 -0.08026452 0.2205981 -0.07797256 -0.08056192 0.2195 -0.0796377 -0.0825518 0.2205981 -0.07857253 -0.0828186 0.221 -0.07750677 -0.08480959 0.2195 -0.0800397 -0.08423146 0.2205981 -0.07896916 -0.08447581 0.2195 -0.08052058 -0.08648346 0.2205981 -0.07944361 -0.08669769 0.221 -0.07829221 -0.08869497 0.2195 -0.08085082 -0.08824382 0.2205981 -0.07976942 -0.08843449 0.2195 -0.08120949 -0.09045371 0.2205981 -0.0801233 -0.09061483 0.221 -0.07888302 -0.09261468 0.2195 -0.08146093 -0.09229162 0.2205981 -0.08037138 -0.09242816 0.2195 -0.08170275 -0.09445298 0.2205981 -0.08060996 -0.09456061 0.221 -0.0792777 -0.09655896 0.2195 -0.08186852 -0.0963648 0.2205981 -0.08077351 -0.09644686 0.2195 -0.08199918 -0.09847164 0.2205981 -0.08090244 -0.09852552 0.221 -0.07947529 -0.100518 0.2195 -0.08207256 -0.1004532 0.2205981 -0.08097482 -0.1004806 0.2195 -0.08209808 -0.1025 0.2205981 -0.081 -0.1025 0.221 -0.07947529 -0.104482 0.2195 -0.08207256 -0.1045468 0.2205981 -0.08097482 -0.1045194 0.2195 -0.08199709 -0.1065707 0.2205981 -0.08090037 -0.1065163 0.221 -0.0792777 -0.108441 0.2195 -0.08186852 -0.1086352 0.2205981 -0.08077351 -0.1085531 0.2195 -0.08169439 -0.1106314 0.2205981 -0.08060172 -0.1105227 0.221 -0.07888302 -0.1123853 0.2195 -0.08146093 -0.1127084 0.2205981 -0.08037138 -0.1125718 0.2195 -0.08119072 -0.1146722 0.2205981 -0.08010477 -0.1145094 0.221 -0.07829221 -0.116305 0.2195 -0.08085082 -0.1167562 0.2205981 -0.07976942 -0.1165655 0.2195 -0.08048731 -0.1186829 0.2205981 -0.07941077 -0.1184665 0.221 -0.07750677 -0.1201904 0.2195 -0.0800397 -0.1207685 0.2205981 -0.07896916 -0.1205242 0.2195 -0.0795859 -0.1226539 0.2205981 -0.07852142 -0.1223843 0.221 -0.07652863 -0.1240318 0.2195 -0.0790296 -0.1247355 0.2205981 -0.07797256 -0.1244381 0.2195 -0.0784887 -0.1265753 0.2205981 -0.0774389 -0.1262533 0.221 -0.07536022 -0.1278197 0.2195 -0.07782301 -0.1286471 0.2205981 -0.07678211 -0.1282974 0.2195 -0.07719841 -0.1304374 0.2205981 -0.07616587 -0.1300638 0.221 -0.07400446 -0.1315446 0.2195 -0.07642294 -0.1324938 0.2205981 -0.07540077 -0.1320926 0.2195 -0.07571822 -0.1342308 0.2205981 -0.07470547 -0.1338064 0.221 -0.07246471 -0.1351973 0.2195 -0.07483288 -0.1362659 0.2205981 -0.07383198 -0.1358143 0.2195 -0.07405174 -0.1379462 0.2205981 -0.07306129 -0.1374721 0.221 -0.07074481 -0.1387688 0.2195 -0.07305676 -0.139954 0.2205981 -0.07207961 -0.1394531 0.2195 -0.0722031 -0.1415744 0.2205981 -0.07123737 -0.1410517 0.221 -0.06884902 -0.14225 0.2195 -0.07109902 -0.143549 0.2205981 -0.07014806 -0.143 0.2195 -0.07017683 -0.1451064 0.2205981 -0.06923821 -0.1445365 0.221 -0.06678206 -0.1456324 0.2195 -0.06896452 -0.147042 0.2205981 -0.0680421 -0.1464462 0.2195 -0.06797794 -0.1485336 0.2205981 -0.06706872 -0.1479179 0.221 -0.06454907 -0.1489076 0.2195 -0.06665855 -0.1504242 0.2205981 -0.06576698 -0.1497832 0.2195 -0.06561179 -0.1518476 0.2205981 -0.06473423 -0.1511876 0.221 -0.0621556 -0.1520674 0.2195 -0.06418686 -0.1536873 0.2205981 -0.06332835 -0.1530027 0.2195 -0.06308425 -0.1550402 0.2205981 -0.06224049 -0.1543374 0.221 -0.0596076 -0.155104 0.2195 -0.0615556 -0.1568231 0.2205981 -0.06073228 -0.1560966 0.2195 -0.06040152 -0.1581035 0.2205981 -0.05959364 -0.1573598 0.221 -0.05691142 -0.1580098 0.2195 -0.05877129 -0.1598239 0.2205981 -0.05798521 -0.1590572 0.2195 -0.05757019 -0.1610301 0.2205981 -0.05680018 -0.1602472 0.221 -0.05407373 -0.1607776 0.2195 -0.05584087 -0.1626821 0.2205981 -0.05509399 -0.1618772 0.2195 -0.05459724 -0.1638126 0.2205981 -0.05386699 -0.1629925 0.221 -0.05110162 -0.1634005 0.2195 -0.05277163 -0.1653908 0.2205981 -0.0520658 -0.1645496 0.2195 -0.05148997 -0.1664443 0.2205981 -0.05080128 -0.1655891 0.221 -0.04800245 -0.165872 0.2195 -0.04957118 -0.167943 0.2205981 -0.04890816 -0.1670677 0.2195 -0.04825604 -0.1689187 0.2205981 -0.04761061 -0.1680304 0.221 -0.04478394 -0.168186 0.2195 -0.04624749 -0.1703326 0.2205981 -0.04562893 -0.1694253 0.2195 -0.04490339 -0.1712298 0.2205981 -0.0443028 -0.1703105 0.221 -0.0414541 -0.1703366 0.2195 -0.04280883 -0.1725535 0.2205981 -0.04223625 -0.1716166 0.2195 -0.04144028 -0.1733717 0.2205981 -0.04088601 -0.1724238 0.221 -0.03802119 -0.1723186 0.2195 -0.03926373 -0.1746003 0.2195 -0.03787522 -0.1753393 0.2205981 -0.03873857 -0.1736359 0.2205981 -0.03736863 -0.1743651 0.221 -0.03449376 -0.174127 0.2195 -0.03562102 -0.1764678 0.2195 -0.03421699 -0.1771277 0.2205981 -0.03514458 -0.1754785 0.2205981 -0.03375933 -0.1761295 0.221 -0.03088057 -0.1757574 0.2195 -0.03188975 -0.1781514 0.2195 -0.03047458 -0.1787325 0.2205981 -0.03146322 -0.1771396 0.2205981 -0.03006698 -0.1777129 0.221 -0.0271906 -0.1772056 0.2195 -0.0280792 -0.179647 0.2195 -0.0266572 -0.1801498 0.2205981 -0.02770363 -0.1786151 0.2205981 -0.02630066 -0.1791112 0.221 -0.02343304 -0.178468 0.2195 -0.02419883 -0.1809507 0.2195 -0.02277424 -0.181376 0.2205981 -0.02387517 -0.1799014 0.2205981 -0.02246964 -0.180321 0.221 -0.01961721 -0.1795416 0.2195 -0.02025831 -0.1820594 0.2195 -0.01883526 -0.1824082 0.2205981 -0.01998735 -0.1809953 0.2205981 -0.01858334 -0.1813394 0.221 -0.01575262 -0.1804237 0.2195 -0.01626742 -0.1829703 0.2195 -0.01484994 -0.1832439 0.2205981 -0.01604984 -0.181894 0.2205981 -0.01465132 -0.1821639 0.221 -0.01184886 -0.181112 0.2195 -0.01223608 -0.1836811 0.2195 -0.01082809 -0.1838809 0.2205981 -0.01207242 -0.1825953 0.2205981 -0.01068327 -0.1827924 0.221 -0.007915644 -0.1816049 0.2195 -0.008174329 -0.1841901 0.2195 -0.006779605 -0.1843177 0.2205981 -0.008064996 -0.1830975 0.2205981 -0.006688927 -0.1832233 0.221 -0.003962748 -0.1819012 0.2195 -0.004092251 -0.184496 0.2195 -0.002714439 -0.1845532 0.2205981 -0.004037517 -0.1833993 0.2205981 -0.002678133 -0.1834557 0.221 -9.642027e-16 -0.182 0.2195 -1.020848e-15 -0.1845981 0.2195 0.001357405 -0.1845869 0.2205981 -1.007194e-15 -0.1835 0.2205981 0.001339249 -0.1834889 0.221 0.003962748 -0.1819012 0.2195 0.004092251 -0.184496 0.2195 0.00542591 -0.1844186 0.2205981 0.004037517 -0.1833993 0.2205981 0.005353337 -0.1833229 0.221 0.007915644 -0.1816049 0.2195 0.008174329 -0.1841901 0.2195 0.009481067 -0.1840488 0.2205981 0.008064996 -0.1830975 0.2205981 0.009354256 -0.1829581 0.221 0.01184886 -0.181112 0.2195 0.01223608 -0.1836811 0.2195 0.0135129 -0.1834784 0.2205981 0.01207242 -0.1825953 0.2205981 0.01333216 -0.1823953 0.221 0.01575262 -0.1804237 0.2195 0.01626742 -0.1829703 0.2195 0.01751149 -0.1827087 0.2205981 0.01604984 -0.181894 0.2205981 0.01727727 -0.1816359 0.221 0.01961721 -0.1795416 0.2195 0.02025831 -0.1820594 0.2195 0.021467 -0.1817418 0.2205981 0.01998735 -0.1809953 0.2205981 0.02117987 -0.1806819 0.221 0.02343304 -0.178468 0.2195 0.02419883 -0.1809507 0.2195 0.0253697 -0.1805799 0.2205981 0.02387517 -0.1799014 0.2205981 0.02503038 -0.1795356 0.221 0.0271906 -0.1772056 0.2195 0.0280792 -0.179647 0.2195 0.02920999 -0.179226 0.2205981 0.02770363 -0.1786151 0.2205981 0.0288193 -0.1781997 0.221 0.03088057 -0.1757574 0.2195 0.03188975 -0.1781514 0.2195 0.03297842 -0.1776832 0.2205981 0.03146322 -0.1771396 0.2205981 0.03253733 -0.1766776 0.221 0.03449376 -0.174127 0.2195 0.03562102 -0.1764678 0.2195 0.03666573 -0.1759556 0.2205981 0.03514458 -0.1754785 0.2205981 0.03617531 -0.1749731 0.221 0.03802119 -0.1723186 0.2195 0.03926373 -0.1746003 0.2195 0.04026283 -0.1740472 0.2205981 0.03873857 -0.1736359 0.2205981 0.0397243 -0.1730902 0.221 0.0414541 -0.1703366 0.2195 0.04280883 -0.1725535 0.2195 0.04376088 -0.1719628 0.2205981 0.04223625 -0.1716166 0.2205981 0.04317557 -0.1710337 0.221 0.04478394 -0.168186 0.2195 0.04624749 -0.1703326 0.2195 0.04715128 -0.1697075 0.2205981 0.04562893 -0.1694253 0.2205981 0.04652062 -0.1688086 0.221 0.04800245 -0.165872 0.2195 0.04957118 -0.167943 0.2195 0.05042568 -0.1672869 0.2205981 0.04890816 -0.1670677 0.2205981 0.04975123 -0.1664204 0.221 0.05110162 -0.1634005 0.2195 0.05277163 -0.1653908 0.2195 0.05357603 -0.1647069 0.2205981 0.0520658 -0.1645496 0.2205981 0.05285945 -0.1638749 0.221 0.05407373 -0.1607776 0.2195 0.05584087 -0.1626821 0.2195 0.05659459 -0.1619739 0.2205981 0.05509399 -0.1618772 0.2205981 0.05583763 -0.1611784 0.221 0.05691142 -0.1580098 0.2195 0.05877129 -0.1598239 0.2205981 0.05798521 -0.1590572 0.2195 0.0615556 -0.1568231 0.2205981 0.06073228 -0.1560966 0.221 0.0596076 -0.155104 0.2195 0.06418686 -0.1536873 0.2205981 0.06332835 -0.1530027 0.221 0.0621556 -0.1520674 0.2195 0.06665855 -0.1504242 0.2205981 0.06576698 -0.1497832 0.221 0.06454907 -0.1489076 0.2195 0.06896452 -0.147042 0.2205981 0.0680421 -0.1464462 0.221 0.06678206 -0.1456324 0.2195 0.07109902 -0.143549 0.2205981 0.07014806 -0.143 0.221 0.06884902 -0.14225 0.2195 0.07305676 -0.139954 0.2205981 0.07207961 -0.1394531 0.221 0.07074481 -0.1387688 0.2195 0.07483288 -0.1362659 0.2205981 0.07383198 -0.1358143 0.221 0.07246471 -0.1351973 0.2195 0.07642294 -0.1324938 0.2205981 0.07540077 -0.1320926 0.221 0.07400446 -0.1315446 0.2195 0.07782301 -0.1286471 0.2205981 0.07678211 -0.1282974 0.221 0.07536022 -0.1278197 0.2195 0.0790296 -0.1247355 0.2205981 0.07797256 -0.1244381 0.221 0.07652863 -0.1240318 0.2195 0.0800397 -0.1207685 0.2205981 0.07896916 -0.1205242 0.221 0.07750677 -0.1201904 0.2195 0.08085082 -0.1167562 0.2205981 0.07976942 -0.1165655 0.221 0.07829221 -0.116305 0.2195 0.08146093 -0.1127084 0.2205981 0.08037138 -0.1125718 0.221 0.07888302 -0.1123853 0.2195 0.08186852 -0.1086352 0.2205981 0.08077351 -0.1085531 0.221 0.0792777 -0.108441 0.2195 0.08207256 -0.1045468 0.2205981 0.08097482 -0.1045194 0.221 0.07947529 -0.104482 0.2195 0.08207256 -0.1004532 0.2205981 0.08097482 -0.1004806 0.221 0.07947529 -0.100518 0.2195 0.08186852 -0.0963648 0.2205981 0.08077351 -0.09644686 0.221 0.0792777 -0.09655896 0.2195 0.08146093 -0.09229162 0.2205981 0.08037138 -0.09242816 0.221 0.07888302 -0.09261468 0.2195 0.08085082 -0.08824382 0.2205981 0.07976942 -0.08843449 0.221 0.07829221 -0.08869497 0.2195 0.0800397 -0.08423146 0.2205981 0.07896916 -0.08447581 0.221 0.07750677 -0.08480959 0.2195 0.0790296 -0.08026452 0.2205981 0.07797256 -0.08056192 0.221 0.07652863 -0.08096819 0.2195 0.07782301 -0.07635286 0.2205981 0.07678211 -0.07670258 0.221 0.07536022 -0.07718031 0.2195 0.07642294 -0.0725062 0.2205981 0.07540077 -0.07290738 0.221 0.07400446 -0.07345539 0.2195 0.07483288 -0.06873412 0.2205981 0.07383198 -0.06918575 0.221 0.07246471 -0.06980267 0.2195 0.07305676 -0.06504598 0.2205981 0.07207961 -0.06554694 0.221 0.07074481 -0.06623125 0.2195 0.07109902 -0.06145096 0.2205981 0.07014806 -0.062 0.221 0.06884902 -0.06275 0.2195 0.06896452 -0.057958 0.2205981 0.0680421 -0.05855375 0.221 0.06678206 -0.05936757 0.2195 0.06665855 -0.05457577 0.2205981 0.06576698 -0.05521676 0.221 0.0621556 -0.05293256 0.221 0.06454907 -0.05609238 0.2195 0.06418686 -0.05131269 0.2205981 0.06332835 -0.05199733 0.2195 0.0615556 -0.04817686 0.2205981 0.06073228 -0.04890345 0.221 0.0596076 -0.04989598 0.2195 0.05877129 -0.0451761 0.2205981 0.05798521 -0.04594282 0.221 0.05691142 -0.04699017 0.2195 0.05584087 -0.04231785 0.2205981 0.05509399 -0.0431228 0.221 0.05407373 -0.04422238 0.221 -0.04834027 -0.1496112 0.221 -0.04585095 -0.1520373 0.221 -0.0507014 -0.1470603 0.221 -0.04324004 -0.1543319 0.221 -0.05292809 -0.1443911 0.221 -0.04051447 -0.1564892 0.221 -0.05501441 -0.1416109 0.221 -0.03768145 -0.1585032 0.221 -0.05695485 -0.138727 0.221 -0.03474851 -0.1603687 0.221 -0.05874426 -0.135747 0.221 -0.03172343 -0.1620808 0.221 -0.06037788 -0.1326788 0.221 -0.02861422 -0.1636349 0.221 -0.06185139 -0.1295306 0.221 -0.02542913 -0.1650269 0.221 -0.06316088 -0.1263108 0.221 -0.02217661 -0.166253 0.221 -0.06430289 -0.1230277 0.221 -0.01886528 -0.1673101 0.221 -0.06527437 -0.1196903 0.221 -0.01550392 -0.1681953 0.221 -0.06607276 -0.1163073 0.221 -0.01210145 -0.1689064 0.221 -0.06669593 -0.1128876 0.221 -0.008666889 -0.1694413 0.221 -0.06714224 -0.1094404 0.221 -0.005209344 -0.1697987 0.221 -0.0674105 -0.1059748 0.221 -0.001737984 -0.1699776 0.221 -0.0675 -0.1025 0.221 0.001737984 -0.1699776 0.221 -0.0674105 -0.09902518 0.221 0.005209344 -0.1697987 0.221 -0.06714224 -0.09555959 0.221 0.008666889 -0.1694413 0.221 -0.06669593 -0.09211239 0.221 0.01210145 -0.1689064 0.221 -0.06607276 -0.08869273 0.221 0.01550392 -0.1681953 0.221 -0.06527437 -0.0853097 0.221 0.01886528 -0.1673101 0.221 -0.06430289 -0.08197225 0.221 0.02217661 -0.166253 0.221 -0.06316088 -0.07868923 0.221 0.02542913 -0.1650269 0.221 -0.06185139 -0.07546936 0.221 0.02861422 -0.1636349 0.221 -0.06037788 -0.07232117 0.221 0.03172343 -0.1620808 0.221 -0.05874426 -0.06925301 0.221 0.03474851 -0.1603687 0.221 -0.05695485 -0.06627301 0.221 0.03768145 -0.1585032 0.221 -0.05501441 -0.06338908 0.221 0.04051447 -0.1564892 0.221 -0.05292809 -0.06060886 0.221 0.04324004 -0.1543319 0.221 -0.0507014 -0.05793973 0.221 0.04585095 -0.1520373 0.221 -0.04834027 -0.05538877 0.221 0.04834027 -0.1496112 0.221 -0.04585095 -0.05296274 0.221 0.0507014 -0.1470603 0.221 -0.04324004 -0.05066807 0.221 0.05292809 -0.1443911 0.221 -0.04051447 -0.04851085 0.221 0.05501441 -0.1416109 0.221 -0.03768145 -0.0464968 0.221 0.05695485 -0.138727 0.221 -0.03474851 -0.04463126 0.221 0.05874426 -0.135747 0.221 -0.03172343 -0.04291918 0.221 0.06037788 -0.1326788 0.221 -0.02861422 -0.0413651 0.221 0.06185139 -0.1295306 0.221 -0.02542913 -0.03997313 0.221 0.06316088 -0.1263108 0.221 -0.02217661 -0.03874698 0.221 0.06430289 -0.1230277 0.221 -0.01886528 -0.03768988 0.221 0.06527437 -0.1196903 0.221 -0.01550392 -0.03680465 0.221 0.06607276 -0.1163073 0.221 -0.01210145 -0.03609364 0.221 0.06669593 -0.1128876 0.221 -0.008666889 -0.03555872 0.221 0.06714224 -0.1094404 0.221 -0.005209344 -0.03520132 0.221 0.0674105 -0.1059748 0.221 -0.001737984 -0.03502238 0.221 0.0675 -0.1025 0.221 0.001737984 -0.03502238 0.221 0.0674105 -0.09902518 0.221 0.005209344 -0.03520132 0.221 0.06714224 -0.09555959 0.221 0.008666889 -0.03555872 0.221 0.06669593 -0.09211239 0.221 0.01210145 -0.03609364 0.221 0.06607276 -0.08869273 0.221 0.01550392 -0.03680465 0.221 0.06527437 -0.0853097 0.221 0.01886528 -0.03768988 0.221 0.06430289 -0.08197225 0.221 0.02217661 -0.03874698 0.221 0.06316088 -0.07868923 0.221 0.02542913 -0.03997313 0.221 0.06185139 -0.07546936 0.221 0.02861422 -0.0413651 0.221 0.06037788 -0.07232117 0.221 0.03172343 -0.04291918 0.221 0.05874426 -0.06925301 0.221 0.03474851 -0.04463126 0.221 0.05695485 -0.06627301 0.221 0.03768145 -0.0464968 0.221 0.05501441 -0.06338908 0.221 0.04051447 -0.04851085 0.221 0.05292809 -0.06060886 0.221 0.04324004 -0.05066807 0.221 0.0507014 -0.05793973 0.221 0.04585095 -0.05296274 0.221 0.04834027 -0.05538877 0.102 0.007491073 -0.1058352 0.102 0.0082 -0.1025 0.146 0.0082 -0.1025 0.146 0.007491073 -0.1058352 0.102 0.005486871 -0.1085938 0.146 0.005486871 -0.1085938 0.102 0.002533939 -0.1102987 0.146 0.002533939 -0.1102987 0.102 -0.0008571334 -0.1106551 0.146 -0.0008571334 -0.1106551 0.102 -0.0041 -0.1096014 0.146 -0.0041 -0.1096014 0.102 -0.006633939 -0.1073198 0.146 -0.006633939 -0.1073198 0.102 -0.00802081 -0.1042049 0.146 -0.00802081 -0.1042049 0.102 -0.00802081 -0.1007951 0.146 -0.00802081 -0.1007951 0.102 -0.006633939 -0.09768016 0.146 -0.006633939 -0.09768016 0.102 -0.0041 -0.09539859 0.146 -0.0041 -0.09539859 0.102 -0.0008571334 -0.09434492 0.146 -0.0008571334 -0.09434492 0.102 0.002533939 -0.09470134 0.146 0.002533939 -0.09470134 0.102 0.005486871 -0.09640621 0.146 0.005486871 -0.09640621 0.102 0.007491073 -0.09916476 0.146 0.007491073 -0.09916476 0.151 -0.0575 -0.1025 0.146 -0.0525 -0.1025 0.146 -0.05238522 -0.1059698 0.156 -0.0625 -0.1025 0.146 -0.05238522 -0.09903024 0.151 -0.05721427 -0.1082252 0.146 -0.05204136 -0.1094243 0.151 -0.05635992 -0.1138934 0.146 -0.05146995 -0.1128486 0.146 -0.05067347 -0.1162277 0.156 -0.06218942 -0.108723 0.151 -0.05494543 -0.1194484 0.146 -0.04965541 -0.1195467 0.156 -0.06126078 -0.1148841 0.151 -0.05298488 -0.124835 0.146 -0.04842021 -0.1227912 0.146 -0.04697329 -0.125947 0.156 -0.0597233 -0.1209222 0.151 -0.05049774 -0.1299996 0.146 -0.04532096 -0.1290002 0.156 -0.05759226 -0.1267772 0.151 -0.04750873 -0.1348909 0.146 -0.04347046 -0.1319375 0.146 -0.04142988 -0.1347462 0.156 -0.05488885 -0.1323909 0.151 -0.04404755 -0.1394603 0.146 -0.03920813 -0.1374138 0.156 -0.05163992 -0.1377075 0.151 -0.04014862 -0.1436623 0.146 -0.03681493 -0.1399287 0.146 -0.03426075 -0.14228 0.156 -0.04787778 -0.1426742 0.151 -0.03585066 -0.1474553 0.146 -0.03155676 -0.1444574 0.156 -0.0436398 -0.1472417 0.151 -0.03119641 -0.1508015 0.146 -0.02871478 -0.1464512 0.146 -0.02574723 -0.1482529 0.156 -0.03896811 -0.1513645 0.151 -0.02623211 -0.1536676 0.146 -0.0226671 -0.1498545 0.156 -0.03390914 -0.1550016 0.151 -0.02100711 -0.1560252 0.146 -0.01948786 -0.1512491 0.146 -0.01622339 -0.1524305 0.156 -0.02851317 -0.158117 0.151 -0.01557333 -0.1578509 0.146 -0.01288799 -0.1533935 0.156 -0.02283381 -0.1606796 0.151 -0.00998477 -0.1591264 0.146 -0.009496228 -0.154134 0.146 -0.006062943 -0.1546487 0.156 -0.01692753 -0.162664 0.151 -0.00429698 -0.1598392 0.146 -0.002603147 -0.1549354 0.156 -0.01085301 -0.1640505 0.151 0.001433515 -0.1599821 0.146 0.0008680321 -0.1549928 0.146 0.004335416 -0.1548207 0.156 -0.004670631 -0.1648252 0.151 0.007149763 -0.1595538 0.146 0.007783842 -0.1544198 0.156 0.001558168 -0.1649806 0.151 0.01279495 -0.1585583 0.146 0.01119823 -0.1537918 0.146 0.01456365 -0.1529396 0.156 0.007771482 -0.164515 0.151 0.01831298 -0.1570058 0.146 0.01786539 -0.1518668 0.156 0.01390756 -0.163433 0.151 0.02364901 -0.1549116 0.146 0.02108901 -0.1505781 0.146 0.02422041 -0.1490792 0.156 0.01990542 -0.1617455 0.151 0.02875 -0.1522965 0.146 0.0272459 -0.1473766 0.156 0.02570544 -0.1594691 0.151 0.03356526 -0.1491864 0.146 0.03015225 -0.1454778 0.146 0.03292676 -0.1433911 0.156 0.03125 -0.1566266 0.151 0.03804694 -0.1456124 0.146 0.03555728 -0.1411255 0.156 0.03648398 -0.1532461 0.151 0.04215048 -0.1416099 0.146 0.03803232 -0.1386911 0.146 0.04034106 -0.1360983 0.156 0.04135537 -0.1493613 0.151 0.04583512 -0.1372188 0.146 0.04247339 -0.1333587 0.156 0.04581574 -0.1450108 0.151 0.04906422 -0.1324825 0.146 0.04442 -0.1304842 0.146 0.04617237 -0.1274872 0.156 0.04982078 -0.1402378 0.151 0.05180571 -0.1274483 0.146 0.04772284 -0.1243811 0.156 0.05333068 -0.1350897 0.151 0.05403233 -0.1221662 0.146 0.04906464 -0.1211792 0.146 0.05019188 -0.1178956 0.156 0.05631055 -0.1296177 0.151 0.05572194 -0.1166886 0.146 0.05109965 -0.1145448 0.156 0.05873079 -0.1238763 0.151 0.05685777 -0.1110699 0.146 0.05178397 -0.1111412 0.146 0.05224185 -0.1076999 0.156 0.06056733 -0.1179223 0.151 0.05742852 -0.1053661 0.146 0.05247129 -0.1042358 0.156 0.06180193 -0.1118151 0.151 0.05742852 -0.09963387 0.146 0.05247129 -0.1007642 0.146 0.05224185 -0.09730011 0.156 0.06242231 -0.1056154 0.151 0.05685777 -0.09393007 0.146 0.05178397 -0.09385879 0.146 0.05109965 -0.09045525 0.156 0.06242231 -0.09938464 0.151 0.05572194 -0.08831145 0.146 0.05019188 -0.08710437 0.156 0.06180193 -0.09318486 0.151 0.05403233 -0.08283384 0.146 0.04906464 -0.08382082 0.146 0.04772284 -0.08061895 0.156 0.06056733 -0.08707766 0.151 0.05180571 -0.07755168 0.146 0.04617237 -0.07751276 0.156 0.05873079 -0.08112374 0.151 0.04906422 -0.07251748 0.146 0.04442 -0.07451583 0.146 0.04247339 -0.07164127 0.156 0.05631055 -0.07538226 0.151 0.04583512 -0.06778125 0.146 0.04034106 -0.06890165 0.156 0.05333068 -0.0699103 0.151 0.04215048 -0.06339007 0.146 0.03803232 -0.06630894 0.146 0.03555728 -0.0638745 0.156 0.04982078 -0.06476222 0.151 0.03804694 -0.05938758 0.146 0.03292676 -0.06160894 0.156 0.04581574 -0.0599892 0.151 0.03356526 -0.05581356 0.146 0.03015225 -0.0595222 0.146 0.0272459 -0.05762338 0.156 0.04135537 -0.05563868 0.151 0.02875 -0.05270354 0.146 0.02422041 -0.0559208 0.156 0.03648398 -0.05175388 0.151 0.02364901 -0.05008841 0.146 0.02108901 -0.0544219 0.146 0.01786539 -0.05313323 0.156 0.03125 -0.04837341 0.151 0.01831298 -0.04799418 0.146 0.01456365 -0.05206043 0.156 0.02570544 -0.04553088 0.151 0.01279495 -0.04644165 0.146 0.01119823 -0.05120819 0.146 0.007783842 -0.05058024 0.156 0.01990542 -0.04325454 0.151 0.007149763 -0.04544625 0.146 0.004335416 -0.05017931 0.156 0.01390756 -0.04156701 0.151 0.001433515 -0.04501787 0.146 0.0008680321 -0.05000718 0.146 -0.002603147 -0.05006458 0.156 0.007771482 -0.04048505 0.151 -0.00429698 -0.04516078 0.146 -0.006062943 -0.05035126 0.156 0.001558168 -0.04001942 0.151 -0.00998477 -0.04587355 0.146 -0.009496228 -0.05086598 0.146 -0.01288799 -0.05160649 0.156 -0.004670631 -0.04017476 0.151 -0.01557333 -0.04714911 0.146 -0.01622339 -0.05256953 0.156 -0.01085301 -0.04094952 0.151 -0.02100711 -0.04897476 0.146 -0.01948786 -0.05375091 0.146 -0.0226671 -0.05514546 0.156 -0.01692753 -0.04233598 0.151 -0.02623211 -0.05133237 0.146 -0.02574723 -0.05674708 0.156 -0.02283381 -0.04432039 0.151 -0.03119641 -0.05419851 0.146 -0.02871478 -0.05854876 0.146 -0.03155676 -0.06054263 0.156 -0.02851317 -0.04688301 0.151 -0.03585066 -0.05754469 0.146 -0.03426075 -0.06271997 0.156 -0.03390914 -0.04999838 0.151 -0.04014862 -0.06133766 0.146 -0.03681493 -0.06507126 0.146 -0.03920813 -0.06758621 0.156 -0.03896811 -0.05363553 0.151 -0.04404755 -0.06553971 0.146 -0.04142988 -0.07025383 0.156 -0.0436398 -0.05775832 0.151 -0.04750873 -0.0701091 0.146 -0.04347046 -0.07306246 0.146 -0.04532096 -0.07599981 0.156 -0.04787778 -0.06232578 0.151 -0.05049774 -0.0750004 0.146 -0.04697329 -0.07905304 0.156 -0.05163992 -0.0672925 0.151 -0.05298488 -0.080165 0.146 -0.04842021 -0.08220879 0.146 -0.04965541 -0.08545328 0.156 -0.05488885 -0.07260912 0.151 -0.05494543 -0.08555157 0.146 -0.05067347 -0.0887723 0.156 -0.05759226 -0.07822282 0.151 -0.05635992 -0.0911066 0.146 -0.05146995 -0.09215136 0.146 -0.05204136 -0.09557566 0.156 -0.0597233 -0.0840778 0.151 -0.05721427 -0.09677485 0.156 -0.06126078 -0.09011587 0.156 -0.06218942 -0.09627701 0.231 -0.0575 -0.1025 0.236 -0.0525 -0.1025 0.236 -0.05238522 -0.09903024 0.226 -0.0625 -0.1025 0.236 -0.05238522 -0.1059698 0.231 -0.05721427 -0.09677485 0.236 -0.05204136 -0.09557566 0.231 -0.05635992 -0.0911066 0.236 -0.05146995 -0.09215136 0.236 -0.05067347 -0.0887723 0.226 -0.06218942 -0.09627701 0.231 -0.05494543 -0.08555157 0.236 -0.04965541 -0.08545328 0.226 -0.06126078 -0.09011587 0.231 -0.05298488 -0.080165 0.236 -0.04842021 -0.08220879 0.236 -0.04697329 -0.07905304 0.226 -0.0597233 -0.0840778 0.231 -0.05049774 -0.0750004 0.236 -0.04532096 -0.07599981 0.226 -0.05759226 -0.07822282 0.231 -0.04750873 -0.0701091 0.236 -0.04347046 -0.07306246 0.236 -0.04142988 -0.07025383 0.226 -0.05488885 -0.07260912 0.231 -0.04404755 -0.06553971 0.236 -0.03920813 -0.06758621 0.226 -0.05163992 -0.0672925 0.231 -0.04014862 -0.06133766 0.236 -0.03681493 -0.06507126 0.236 -0.03426075 -0.06271997 0.226 -0.04787778 -0.06232578 0.231 -0.03585066 -0.05754469 0.236 -0.03155676 -0.06054263 0.226 -0.0436398 -0.05775832 0.231 -0.03119641 -0.05419851 0.236 -0.02871478 -0.05854876 0.236 -0.02574723 -0.05674708 0.226 -0.03896811 -0.05363553 0.231 -0.02623211 -0.05133237 0.236 -0.0226671 -0.05514546 0.226 -0.03390914 -0.04999838 0.231 -0.02100711 -0.04897476 0.236 -0.01948786 -0.05375091 0.236 -0.01622339 -0.05256953 0.226 -0.02851317 -0.04688301 0.231 -0.01557333 -0.04714911 0.236 -0.01288799 -0.05160649 0.226 -0.02283381 -0.04432039 0.231 -0.00998477 -0.04587355 0.236 -0.009496228 -0.05086598 0.236 -0.006062943 -0.05035126 0.226 -0.01692753 -0.04233598 0.231 -0.00429698 -0.04516078 0.236 -0.002603147 -0.05006458 0.226 -0.01085301 -0.04094952 0.231 0.001433515 -0.04501787 0.236 0.0008680321 -0.05000718 0.236 0.004335416 -0.05017931 0.226 -0.004670631 -0.04017476 0.231 0.007149763 -0.04544625 0.236 0.007783842 -0.05058024 0.226 0.001558168 -0.04001942 0.231 0.01279495 -0.04644165 0.236 0.01119823 -0.05120819 0.236 0.01456365 -0.05206043 0.226 0.007771482 -0.04048505 0.231 0.01831298 -0.04799418 0.236 0.01786539 -0.05313323 0.226 0.01390756 -0.04156701 0.231 0.02364901 -0.05008841 0.236 0.02108901 -0.0544219 0.236 0.02422041 -0.0559208 0.226 0.01990542 -0.04325454 0.231 0.02875 -0.05270354 0.236 0.0272459 -0.05762338 0.226 0.02570544 -0.04553088 0.231 0.03356526 -0.05581356 0.236 0.03015225 -0.0595222 0.236 0.03292676 -0.06160894 0.226 0.03125 -0.04837341 0.231 0.03804694 -0.05938758 0.236 0.03555728 -0.0638745 0.226 0.03648398 -0.05175388 0.231 0.04215048 -0.06339007 0.236 0.03803232 -0.06630894 0.236 0.04034106 -0.06890165 0.226 0.04135537 -0.05563868 0.231 0.04583512 -0.06778125 0.236 0.04247339 -0.07164127 0.226 0.04581574 -0.0599892 0.231 0.04906422 -0.07251748 0.236 0.04442 -0.07451583 0.236 0.04617237 -0.07751276 0.226 0.04982078 -0.06476222 0.231 0.05180571 -0.07755168 0.236 0.04772284 -0.08061895 0.226 0.05333068 -0.0699103 0.231 0.05403233 -0.08283384 0.236 0.04906464 -0.08382082 0.236 0.05019188 -0.08710437 0.226 0.05631055 -0.07538226 0.231 0.05572194 -0.08831145 0.236 0.05109965 -0.09045525 0.226 0.05873079 -0.08112374 0.231 0.05685777 -0.09393007 0.236 0.05178397 -0.09385879 0.236 0.05224185 -0.09730011 0.226 0.06056733 -0.08707766 0.231 0.05742852 -0.09963387 0.236 0.05247129 -0.1007642 0.226 0.06180193 -0.09318486 0.231 0.05742852 -0.1053661 0.236 0.05247129 -0.1042358 0.236 0.05224185 -0.1076999 0.226 0.06242231 -0.09938464 0.231 0.05685777 -0.1110699 0.236 0.05178397 -0.1111412 0.236 0.05109965 -0.1145448 0.226 0.06242231 -0.1056154 0.231 0.05572194 -0.1166886 0.236 0.05019188 -0.1178956 0.226 0.06180193 -0.1118151 0.231 0.05403233 -0.1221662 0.236 0.04906464 -0.1211792 0.236 0.04772284 -0.1243811 0.226 0.06056733 -0.1179223 0.231 0.05180571 -0.1274483 0.236 0.04617237 -0.1274872 0.226 0.05873079 -0.1238763 0.231 0.04906422 -0.1324825 0.236 0.04442 -0.1304842 0.236 0.04247339 -0.1333587 0.226 0.05631055 -0.1296177 0.231 0.04583512 -0.1372188 0.236 0.04034106 -0.1360983 0.226 0.05333068 -0.1350897 0.231 0.04215048 -0.1416099 0.236 0.03803232 -0.1386911 0.236 0.03555728 -0.1411255 0.226 0.04982078 -0.1402378 0.231 0.03804694 -0.1456124 0.236 0.03292676 -0.1433911 0.226 0.04581574 -0.1450108 0.231 0.03356526 -0.1491864 0.236 0.03015225 -0.1454778 0.236 0.0272459 -0.1473766 0.226 0.04135537 -0.1493613 0.231 0.02875 -0.1522965 0.236 0.02422041 -0.1490792 0.226 0.03648398 -0.1532461 0.231 0.02364901 -0.1549116 0.236 0.02108901 -0.1505781 0.236 0.01786539 -0.1518668 0.226 0.03125 -0.1566266 0.231 0.01831298 -0.1570058 0.236 0.01456365 -0.1529396 0.226 0.02570544 -0.1594691 0.231 0.01279495 -0.1585583 0.236 0.01119823 -0.1537918 0.236 0.007783842 -0.1544198 0.226 0.01990542 -0.1617455 0.231 0.007149763 -0.1595538 0.236 0.004335416 -0.1548207 0.226 0.01390756 -0.163433 0.231 0.001433515 -0.1599821 0.236 0.0008680321 -0.1549928 0.236 -0.002603147 -0.1549354 0.226 0.007771482 -0.164515 0.231 -0.00429698 -0.1598392 0.236 -0.006062943 -0.1546487 0.226 0.001558168 -0.1649806 0.231 -0.00998477 -0.1591264 0.236 -0.009496228 -0.154134 0.236 -0.01288799 -0.1533935 0.226 -0.004670631 -0.1648252 0.231 -0.01557333 -0.1578509 0.236 -0.01622339 -0.1524305 0.226 -0.01085301 -0.1640505 0.231 -0.02100711 -0.1560252 0.236 -0.01948786 -0.1512491 0.236 -0.0226671 -0.1498545 0.226 -0.01692753 -0.162664 0.231 -0.02623211 -0.1536676 0.236 -0.02574723 -0.1482529 0.226 -0.02283381 -0.1606796 0.231 -0.03119641 -0.1508015 0.236 -0.02871478 -0.1464512 0.236 -0.03155676 -0.1444574 0.226 -0.02851317 -0.158117 0.231 -0.03585066 -0.1474553 0.236 -0.03426075 -0.14228 0.226 -0.03390914 -0.1550016 0.231 -0.04014862 -0.1436623 0.236 -0.03681493 -0.1399287 0.236 -0.03920813 -0.1374138 0.226 -0.03896811 -0.1513645 0.231 -0.04404755 -0.1394603 0.236 -0.04142988 -0.1347462 0.226 -0.0436398 -0.1472417 0.231 -0.04750873 -0.1348909 0.236 -0.04347046 -0.1319375 0.236 -0.04532096 -0.1290002 0.226 -0.04787778 -0.1426742 0.231 -0.05049774 -0.1299996 0.236 -0.04697329 -0.125947 0.226 -0.05163992 -0.1377075 0.231 -0.05298488 -0.124835 0.236 -0.04842021 -0.1227912 0.236 -0.04965541 -0.1195467 0.226 -0.05488885 -0.1323909 0.231 -0.05494543 -0.1194484 0.236 -0.05067347 -0.1162277 0.226 -0.05759226 -0.1267772 0.231 -0.05635992 -0.1138934 0.236 -0.05146995 -0.1128486 0.236 -0.05204136 -0.1094243 0.226 -0.0597233 -0.1209222 0.231 -0.05721427 -0.1082252 0.226 -0.06126078 -0.1148841 0.226 -0.06218942 -0.108723</float_array>
          <technique_common>
            <accessor count="1978" source="#cubeverts-array0-array" stride="3">
              <param type="float" name="X"/>
              <param type="float" name="Y"/>
              <param type="float" name="Z"/>
            </accessor>
          </technique_common>
        </source>
        <source id="cubenormals-array0">
          <float_array count="11856" id="cubenormals-array0-array">-0.2551327 0.5618461 -0.7869157 -0.2626702 0.5632463 -0.783427 -0.9659066 0.1511259 -0.2102032 -0.706993 0.4128353 -0.5742194 -0.7069944 0.4128351 -0.5742179 -0.9659068 0.1511254 -0.2102029 -0.2554139 0.5220976 -0.8137431 -0.2623863 0.5235379 -0.8105934 -0.965907 0.1404592 -0.217474 -0.7069943 0.3836994 -0.5940823 -0.7069951 0.3836994 -0.5940814 -0.9659066 0.1404603 -0.2174749 -0.2557001 0.4810676 -0.8385651 -0.2621008 0.4825189 -0.8357504 -0.9659064 0.1294459 -0.2242063 -0.965907 0.1294443 -0.2242051 -0.7069952 0.3536081 -0.6124697 -0.7069952 0.3536081 -0.6124696 -0.2559931 0.438864 -0.8613164 -0.2618127 0.4402972 -0.858832 -0.9659069 0.1181082 -0.2303783 -0.9659065 0.1181097 -0.2303797 -0.7069952 0.3226426 -0.6293325 -0.7069905 0.3226425 -0.629338 -0.2562764 0.3955835 -0.8819502 -0.2615251 0.396975 -0.8797815 -0.965907 0.1064773 -0.2359793 -0.965907 0.1064774 -0.2359794 -0.7069903 0.2908705 -0.6446386 -0.706996 0.290871 -0.6446323 -0.2565808 0.3513413 -0.900403 -0.2612208 0.3526554 -0.8985533 -0.9659066 0.09458389 -0.2409946 -0.9659071 0.09458264 -0.2409933 -0.706996 0.258375 -0.6583304 -0.7069962 0.258375 -0.6583303 -0.2568831 0.3062354 -0.9166412 -0.2609314 0.3074522 -0.9150891 -0.9659071 0.08245216 -0.245408 -0.9659066 0.08245365 -0.2454097 -0.7069963 0.2252402 -0.6703903 -0.7069927 0.2252395 -0.6703942 -0.2571787 0.2603872 -0.9306222 -0.260632 0.2614823 -0.9293535 -0.7069983 0.1915444 -0.680782 -0.9659068 0.07011805 -0.2492139 -0.9659071 0.0701172 -0.2492128 -0.7069927 0.191543 -0.6807882 -0.2574872 0.2139047 -0.9423084 -0.2603199 0.2148476 -0.9413151 -0.9659067 0.05760853 -0.2523992 -0.965907 0.04495576 -0.2549564 -0.9659069 0.05760812 -0.2523986 -0.7069984 0.1573703 -0.6894837 -0.7069963 0.1573697 -0.6894861 -0.2600136 0.167675 -0.9509353 -0.2577956 0.1669037 -0.9516746 -0.7069962 0.1228069 -0.6964731 -0.9659068 0.04495569 -0.2549566 -0.7069957 0.1228067 -0.6964737 -0.2597004 0.1200771 -0.9581948 -0.2581144 0.1195034 -0.9586949 -0.9659066 0.03219203 -0.2568817 -0.9659068 0.0321914 -0.2568806 -0.7069957 0.08793832 -0.7017292 -0.7069948 0.08793799 -0.7017301 -0.259391 0.07217198 -0.963072 -0.2584319 0.07181244 -0.9633566 -0.2590731 0.02408225 -0.9655575 -0.965907 0.006454701 -0.2588088 -0.965907 0.01934619 -0.2581654 -0.9659066 0.01934701 -0.2581671 -0.7069942 0.05285037 -0.7052419 -0.706995 0.05285069 -0.7052411 -0.7069942 0.01763347 -0.7069994 -0.9659069 0.006454517 -0.2588093 -0.7069969 0.01763199 -0.7069969 -0.2587404 0.02395345 -0.9656498 -0.2587419 -0.02370587 -0.9656556 -0.2587395 -0.02370687 -0.9656562 -0.965974 -0.00644847 -0.2585585 -0.9659075 -0.006353197 -0.2588094 -0.7070003 -0.01735529 -0.7070003 -0.7069987 -0.01735618 -0.7070019 -0.2587404 -0.07105872 -0.9633297 -0.2587395 -0.07105913 -0.9633299 -0.7069979 -0.05202575 -0.7052994 -0.7069988 -0.05202527 -0.7052987 -0.9660383 -0.01930954 -0.2576765 -0.9658433 -0.01906232 -0.2584249 -0.2587428 -0.1182431 -0.9586818 -0.2587405 -0.1182441 -0.9586823 -0.9661003 -0.03210203 -0.2561636 -0.7069998 -0.08657189 -0.701895 -0.9657803 -0.03174954 -0.2574113 -0.7069979 -0.08657312 -0.7018967 -0.7069997 -0.1209066 -0.696802 -0.2587431 -0.1651399 -0.9517252 -0.2587428 -0.16514 -0.9517252 -0.9657192 -0.04437969 -0.2557672 -0.9661603 -0.04479128 -0.2540236 -0.7069991 -0.1209064 -0.6968027 -0.2587454 -0.2116399 -0.9424751 -0.2587432 -0.2116409 -0.9424756 -0.7069986 -0.1549523 -0.6900309 -0.9662178 -0.05734945 -0.2512653 -0.7069991 -0.1549519 -0.6900305 -0.9656605 -0.05692428 -0.2534947 -0.2587453 -0.2576297 -0.9309554 -0.258744 -0.2576303 -0.9309555 -0.258744 -0.3029985 -0.9171932 -0.7069986 -0.1886231 -0.6815968 -0.9656033 -0.06935056 -0.2506009 -0.9662734 -0.06974664 -0.2478938 -0.7069989 -0.188623 -0.6815966 -0.2587489 -0.303 -0.9171914 -0.706994 -0.2218424 -0.6715246 -0.9663267 -0.08195195 -0.2439192 -0.7069989 -0.2218384 -0.6715209 -0.9655485 -0.08162655 -0.2470895 -0.2587489 -0.3476358 -0.9012205 -0.2587425 -0.3476388 -0.9012212 -0.7069941 -0.2545255 -0.6598304 -0.9663778 -0.09393927 -0.2393521 -0.7069995 -0.2545207 -0.6598263 -0.9654956 -0.09372388 -0.2429692 -0.2587504 -0.3914405 -0.8830757 -0.2587424 -0.3914442 -0.8830763 -0.7069971 -0.2865954 -0.6465433 -0.966426 -0.1056776 -0.2342069 -0.7069996 -0.2865931 -0.6465415 -0.9654447 -0.1056093 -0.23825 -0.2587452 -0.4343011 -0.8628056 -0.2587503 -0.4342986 -0.8628052 -0.9664729 -0.1171407 -0.228491 -0.9653952 -0.1172543 -0.232945 -0.706997 -0.317972 -0.6317034 -0.7069971 -0.3179719 -0.6317033 -0.2587455 -0.4761133 -0.8404563 -0.2587453 -0.4761134 -0.8404563 -0.9665174 -0.1283008 -0.222223 -0.7069975 -0.348586 -0.6153393 -0.7069969 -0.3485865 -0.6153396 -0.9653486 -0.1286288 -0.227061 -0.2587454 -0.5167777 -0.8160831 -0.258744 -0.5167784 -0.8160831 -0.7069975 -0.3783583 -0.5974944 -0.7069958 -0.3783584 -0.5974963 -0.9665599 -0.1391307 -0.2154172 -0.9653038 -0.139703 -0.2206163 -0.2587473 -0.556199 -0.7897421 -0.2587441 -0.5562004 -0.7897421 -0.7069958 -0.407222 -0.5782103 -0.9666001 -0.1496075 -0.2080912 -0.9652611 -0.1504514 -0.2136244 -0.706995 -0.4072229 -0.5782107 -0.2587417 -0.5942805 -0.7615008 -0.2587472 -0.5942779 -0.761501 -0.7069998 -0.4350987 -0.5575305 -0.9666381 -0.1597046 -0.2002625 -0.9652203 -0.160845 -0.2061034 -0.7069951 -0.4351037 -0.5575327 -0.7069998 -0.461934 -0.5355075 -0.2587467 -0.6309294 -0.7314221 -0.2587417 -0.6309317 -0.7314218 -0.9666743 -0.1693978 -0.1919511 -0.9651818 -0.1708568 -0.1980707 -0.7069963 -0.4619349 -0.5355114 -0.2587442 -0.6660588 -0.6995835 -0.2587467 -0.6660577 -0.6995837 -0.7069979 -0.4876534 -0.5121994 -0.966708 -0.1786662 -0.1831777 -0.9651452 -0.1804629 -0.189546 -0.7069963 -0.487655 -0.5121999 -0.2587444 -0.6995836 -0.6660586 -0.7069978 -0.5121991 -0.4876538 -0.2587451 -0.6995833 -0.6660587 -0.2469793 -0.7337506 -0.6329386 -0.2588126 -0.7199842 -0.6439245 -0.9667396 -0.1874874 -0.1739625 -0.9651107 -0.1896389 -0.1805508 -0.7069989 -0.5121987 -0.4876525 -0.7070963 -0.527072 -0.4713916 -0.9659259 -0.192918 -0.1725395 -0.7070977 -0.5270689 -0.4713928 -0.2587792 -0.7355779 -0.6260657 -0.2588121 -0.7509514 -0.6075263 -0.2465564 -0.7640099 -0.5962372 -0.9659169 -0.1971213 -0.167773 -0.9667691 -0.1958399 -0.1643297 -0.7070473 -0.5385212 -0.4583439 -0.7070501 -0.5385177 -0.4583437 -0.9659252 -0.2012176 -0.1627879 -0.7070969 -0.5497413 -0.4447456 -0.7070981 -0.5497389 -0.4447466 -0.2587793 -0.7656417 -0.5889195 -0.2461612 -0.7924255 -0.5580919 -0.2588097 -0.7800768 -0.5696471 -0.9667968 -0.2037042 -0.1542999 -0.9659169 -0.205177 -0.1578194 -0.7070496 -0.5605277 -0.4311491 -0.7070512 -0.5605258 -0.431149 -0.7070944 -0.5710675 -0.4170126 -0.7070972 -0.571062 -0.4170151 -0.9659249 -0.2090241 -0.1526364 -0.2587851 -0.7938293 -0.5503321 -0.2588133 -0.807295 -0.5303684 -0.2458013 -0.8189336 -0.518584 -0.9668224 -0.2110624 -0.1438998 -0.7070532 -0.5811619 -0.4028978 -0.9659172 -0.21273 -0.1474783 -0.707055 -0.5811597 -0.402898 -0.7070944 -0.590992 -0.3882603 -0.7070961 -0.5909889 -0.3882619 -0.9659249 -0.2163171 -0.1421125 -0.2587867 -0.8200754 -0.5103976 -0.2454681 -0.8434667 -0.4778171 -0.2588125 -0.8325378 -0.4897927 -0.9668459 -0.2178969 -0.1331542 -0.9659178 -0.2197616 -0.1367757 -0.7070928 -0.609471 -0.3585596 -0.7070572 -0.6003727 -0.3736613 -0.707055 -0.6003754 -0.373661 -0.7070943 -0.6094709 -0.3585566 -0.9659247 -0.2230816 -0.1312407 -0.2587897 -0.8443147 -0.4692127 -0.2588132 -0.8557432 -0.448017 -0.2451693 -0.8659632 -0.4358896 -0.9668671 -0.2241925 -0.122089 -0.9659181 -0.226256 -0.1257389 -0.7070898 -0.6264614 -0.3279785 -0.7070588 -0.6181169 -0.3435104 -0.7070555 -0.618121 -0.3435096 -0.9659243 -0.2293009 -0.1200477 -0.7070911 -0.6264613 -0.3279763 -0.2587881 -0.8664852 -0.4268863 -0.2588092 -0.8768542 -0.4051474 -0.2448924 -0.8863726 -0.3929013 -0.9668862 -0.2299343 -0.1107301 -0.7070591 -0.6343496 -0.3125188 -0.7070618 -0.6343462 -0.3125197 -0.9659184 -0.2321973 -0.1143944 -0.9659245 -0.2349555 -0.1085619 -0.7070926 -0.6419113 -0.296597 -0.7070902 -0.6419152 -0.2965946 -0.2587901 -0.8865384 -0.3835067 -0.2588089 -0.8958192 -0.3612837 -0.2446522 -0.9046402 -0.3489577 -0.9669039 -0.2351062 -0.09910574 -0.9659193 -0.2375676 -0.1027694 -0.7070614 -0.6490273 -0.2807629 -0.7070605 -0.6490284 -0.2807625 -0.7070879 -0.6558012 -0.2644832 -0.7070888 -0.6558 -0.264484 -0.965924 -0.2400399 -0.09680757 -0.2587898 -0.9044198 -0.3391943 -0.966919 -0.2397004 -0.0872435 -0.9659193 -0.2423594 -0.09089419 -0.7070648 -0.6621151 -0.2483202 -0.7070634 -0.6621168 -0.2483196 -0.2588062 -0.9125908 -0.3165395 -0.2444375 -0.9207241 -0.3041669 -0.965924 -0.2445335 -0.08481864 -0.7070888 -0.6680773 -0.2317286 -0.7070884 -0.6680778 -0.2317282 -0.2587954 -0.9200879 -0.2940461 -0.9669325 -0.2437021 -0.07517213 -0.7070637 -0.6735877 -0.2152684 -0.7070665 -0.6735843 -0.21527 -0.96592 -0.2465557 -0.07879645 -0.2442563 -0.9345839 -0.2586346 -0.2588094 -0.9271274 -0.2710211 -0.9659238 -0.2484298 -0.07262056 -0.7070869 -0.6787216 -0.1984062 -0.7070843 -0.6787251 -0.1984037 -0.2587939 -0.9335045 -0.2481837 -0.7070681 -0.6834054 -0.1816918 -0.9659204 -0.2501494 -0.0665054 -0.7070683 -0.683405 -0.1816919 -0.9669436 -0.2471054 -0.06292083 -0.2588055 -0.9393994 -0.22483 -0.2441086 -0.9461852 -0.2124726 -0.9659235 -0.2517186 -0.06024545 -0.7070853 -0.6877061 -0.1645932 -0.7070838 -0.6877078 -0.1645917 -0.2587961 -0.9446357 -0.2017128 -0.9659207 -0.2531313 -0.05405245 -0.7070686 -0.6915544 -0.1476711 -0.7070686 -0.6915542 -0.1476711 -0.9669527 -0.2499004 -0.05051839 -0.243985 -0.9555016 -0.1657952 -0.2588055 -0.9493685 -0.1780986 -0.7070844 -0.6950054 -0.1303809 -0.7070822 -0.695008 -0.1303787 -0.9659232 -0.2543916 -0.0477221 -0.2587977 -0.9534555 -0.1547458 -0.7070708 -0.6980093 -0.1132869 -0.7070726 -0.6980072 -0.1132884 -0.965921 -0.2554939 -0.04146732 -0.9669598 -0.2520817 -0.03799547 -0.2588048 -0.9570151 -0.1309282 -0.243893 -0.9625089 -0.1187132 -0.9659229 -0.2564416 -0.03508314 -0.7070819 -0.7006055 -0.09584907 -0.7070811 -0.7006065 -0.09584823 -0.2587963 -0.9599424 -0.107402 -0.7070733 -0.7027554 -0.07862692 -0.9659213 -0.2572311 -0.02878001 -0.7070734 -0.7027552 -0.078627 -0.9669647 -0.2536437 -0.0253808 -0.2438314 -0.9671897 -0.0713453 -0.258801 -0.9623202 -0.08343775 -0.7070802 -0.7044904 -0.06108138 -0.7070813 -0.7044891 -0.06108257 -0.9659225 -0.257864 -0.02235757 -0.2588014 -0.9640781 -0.05979317 -0.7070763 -0.705781 -0.04377617 -0.7070735 -0.7057839 -0.04377348 -0.9659216 -0.2583384 -0.01602348 -0.966968 -0.2545812 -0.01270548 -0.2438052 -0.9695321 -0.02380021 -0.2588037 -0.9652684 -0.03574064 -0.707077 -0.7066524 -0.02616394 -0.9659223 -0.2586549 -0.009576744 -0.7070779 -0.7066514 -0.02616491 -0.2588005 -0.9658557 -0.01204291 -0.7070763 -0.7070824 -0.008815656 -0.9659221 -0.2588132 -0.003226792 -0.7070768 -0.7070818 -0.008816322 -0.9669688 -0.2548946 0 -0.2434811 -0.9696074 0.02405342 -0.2588005 -0.9658557 0.01204291 -0.7070769 -0.7070817 0.008815648 -0.9659221 -0.2588132 0.003226792 -0.7070762 -0.7070824 0.008816331 -0.2587999 -0.9652602 0.03598904 -0.9659221 -0.2586531 0.009644017 -0.9669687 -0.2545783 0.01270534 -0.7070767 -0.7066458 0.02634766 -0.7070776 -0.706645 0.02634675 -0.2434809 -0.9672222 0.07210059 -0.2587991 -0.9640632 0.0600433 -0.7070764 -0.7057696 0.04395743 -0.7070774 -0.7057686 0.04395632 -0.9659218 -0.2583335 0.01608978 -0.2588015 -0.9622768 0.08393608 -0.7070792 -0.7044595 0.06144758 -0.9659221 -0.2578539 0.02249091 -0.7070771 -0.7044617 0.06144559 -0.9669683 -0.2536301 0.02537944 -0.2434881 -0.9624556 0.1199704 -0.2588 -0.9598859 0.1078967 -0.7070749 -0.7027131 0.07899001 -0.9659217 -0.2572145 0.02891276 -0.7070758 -0.7027123 0.07898892 -0.2587984 -0.9569151 0.131669 -0.7070788 -0.700534 0.09639329 -0.9659222 -0.2564164 0.03528283 -0.7070802 -0.7005329 0.09639145 -0.9669677 -0.2520521 0.03799101 -0.2587961 -0.9533356 0.1554859 -0.2434991 -0.9553206 0.1675432 -0.7070761 -0.6979159 0.1138278 -0.7070767 -0.6979154 0.1138272 -0.9659216 -0.2554593 0.04166437 -0.2588 -0.9491858 0.179078 -0.7070802 -0.6948746 0.1310984 -0.9659224 -0.2543447 0.04798644 -0.7070814 -0.6948732 0.1310996 -0.9669669 -0.2498479 0.05050779 -0.7070768 -0.691393 0.1483853 -0.2587968 -0.9444262 0.2026907 -0.2435169 -0.9458338 0.2147046 -0.7070736 -0.6913968 0.1483826 -0.9659216 -0.2530722 0.05431253 -0.2588031 -0.9391086 0.2260441 -0.7070799 -0.6874983 0.1654813 -0.7070787 -0.6874991 0.165483 -0.9659226 -0.251644 0.06057142 -0.966966 -0.2470228 0.06289981 -0.2587993 -0.9331818 0.2493887 -0.2435316 -0.9340208 0.2613382 -0.7070742 -0.6831641 0.182573 -0.7070746 -0.6831638 0.1825725 -0.9659216 -0.2500592 0.06682735 -0.2588035 -0.9267087 0.2724549 -0.707082 -0.6784187 0.199457 -0.707081 -0.6784194 0.1994585 -0.9659228 -0.2483207 0.07300743 -0.9669647 -0.2435856 0.0751362 -0.2587988 -0.9196294 0.2954741 -0.2435514 -0.9199086 0.3073288 -0.7070751 -0.673242 0.2163104 -0.7070749 -0.673242 0.2163106 -0.9659213 -0.2464287 0.07917675 -0.2588033 -0.9120173 0.3181907 -0.7070824 -0.6676639 0.2329366 -0.7070804 -0.6676649 0.2329394 -0.9659227 -0.2443847 0.08526167 -0.9669632 -0.2395429 0.08718633 -0.2587978 -0.9038035 0.3408267 -0.2435759 -0.9035336 0.352559 -0.7070724 -0.6616584 0.2495132 -0.9659212 -0.2421882 0.09133025 -0.7070735 -0.661657 0.2495138 -0.2588043 -0.8950713 0.3631361 -0.707082 -0.6552579 0.2658423 -0.7070821 -0.6552578 0.2658421 -0.9659228 -0.2398434 0.09730595 -0.9669614 -0.2349054 0.09902092 -0.2587981 -0.8857413 0.3853386 -0.2436041 -0.8849341 0.3969241 -0.7070727 -0.6484351 0.2820994 -0.9659212 -0.2373482 0.1032568 -0.707071 -0.6484373 0.2820985 -0.2588042 -0.8759111 0.4071855 -0.7070808 -0.6412324 0.2980902 -0.9669592 -0.2296849 0.1106102 -0.965923 -0.2347078 0.1091098 -0.7070829 -0.6412293 0.2980916 -0.258797 -0.8654892 0.4288968 -0.2436356 -0.8641579 0.44031 -0.7070726 -0.6336088 0.3139875 -0.9659208 -0.2319228 0.1149302 -0.7070723 -0.6336092 0.3139873 -0.2588063 -0.8545842 0.4502278 -0.7070832 -0.6256183 0.3295982 -0.9659228 -0.2289947 0.1206427 -0.7070821 -0.6256187 0.3296 -0.9669572 -0.2238928 0.1219255 -0.2587984 -0.843097 0.4713925 -0.7070705 -0.6172179 0.345099 -0.243669 -0.8412553 0.4826127 -0.9659207 -0.2259223 0.1263183 -0.707072 -0.6172159 0.3450995 -0.2588076 -0.8311432 0.4921582 -0.9659229 -0.2227135 0.1318773 -0.7070841 -0.6084586 0.360292 -0.707081 -0.6084593 0.3602968 -0.966955 -0.2175439 0.1329386 -0.2587989 -0.8186195 0.5127233 -0.243706 -0.8162827 0.5237271 -0.7070712 -0.5992978 0.3753563 -0.7070683 -0.5992988 0.3753604 -0.9659208 -0.2193625 0.1373939 -0.2588036 -0.8056502 0.5328681 -0.7070845 -0.589793 0.3900972 -0.9659232 -0.2158807 0.142786 -0.7070837 -0.5897942 0.3900968 -0.9669524 -0.2106557 0.1436224 -0.7070698 -0.5798956 0.4046893 -0.2587941 -0.7921161 0.5527908 -0.243748 -0.7893015 0.5635513 -0.7070699 -0.5798954 0.4046894 -0.9659204 -0.2122618 0.1481303 -0.258805 -0.7781619 0.5722622 -0.7070844 -0.56967 0.4189367 -0.9659231 -0.2085157 0.1533421 -0.7070827 -0.5696724 0.418936 -0.9669494 -0.2032435 0.1539512 -0.2587947 -0.7636559 0.5914854 -0.2437932 -0.7603797 0.6019863 -0.7070685 -0.5590614 0.4330179 -0.7070677 -0.5590616 0.433019 -0.9659205 -0.204635 0.1584993 -0.707084 -0.5481389 0.4467392 -0.2588063 -0.7487502 0.6102396 -0.9659233 -0.2006333 0.1635185 -0.7070844 -0.5481383 0.4467393 -0.9669462 -0.1953261 0.1638981 -0.2587952 -0.7333061 0.6287188 -0.2438402 -0.729586 0.6389415 -0.7070687 -0.5368426 0.4602759 -0.7070682 -0.5368428 0.4602765 -0.9659204 -0.1965026 0.1684768 -0.2588059 -0.7174854 0.6467103 -0.7070854 -0.5252498 0.4734375 -0.9659235 -0.1922554 0.1732907 -0.7070854 -0.5252496 0.4734375 -0.9669429 -0.1869233 0.1734393 -0.258794 -0.701142 0.6643987 -0.2438935 -0.6969981 0.6743215 -0.7070671 -0.5132968 0.4863975 -0.7070681 -0.5132967 0.4863962 -0.9659203 -0.1878845 0.178038 -0.2588075 -0.6844475 0.6815793 -0.707085 -0.501064 0.4989647 -0.7070853 -0.501064 0.4989642 -0.9659235 -0.1834026 0.1826342 -0.9669393 -0.178055 0.1825508 -0.2587948 -0.6672453 0.6984332 -0.2439473 -0.6626959 0.7080422 -0.7070667 -0.4884819 0.5113141 -0.96592 -0.1788013 0.187159 -0.7070674 -0.488481 0.511314 -0.2588066 -0.6497164 0.7147641 -0.9669355 -0.1687439 0.1912101 -0.7070862 -0.4756376 0.523257 -0.7070863 -0.4756376 0.5232568 -0.9659236 -0.1740961 0.1915261 -0.2587931 -0.6316973 0.7307425 -0.2440061 -0.6267639 0.7400189 -0.7070665 -0.4624575 0.5349672 -0.96592 -0.1692759 0.1958169 -0.7070662 -0.462458 0.5349672 -0.2588075 -0.6133785 0.7461807 -0.9669315 -0.1590126 0.1993954 -0.7070861 -0.4490358 0.5462563 -0.7070863 -0.4490359 0.5462561 -0.9659237 -0.1643589 0.199944 -0.2587932 -0.594589 0.7612424 -0.2440655 -0.5892909 0.7701741 -0.9659199 -0.1593319 0.2039904 -0.7070654 -0.4352913 0.5572971 -0.707066 -0.4352913 0.5572963 -0.2588057 -0.5755236 0.7757526 -0.7070873 -0.4213226 0.5679039 -0.9659238 -0.1542153 0.2078675 -0.7070867 -0.4213236 0.5679039 -0.9669273 -0.148885 0.2070866 -0.2587907 -0.556008 0.7898623 -0.2441317 -0.5503689 0.7984321 -0.7070647 -0.4070472 0.5782492 -0.7070647 -0.4070472 0.5782492 -0.9659199 -0.1489935 0.2116594 -0.2588058 -0.5362468 0.8034046 -0.7070871 -0.3925694 0.5881472 -0.965924 -0.1436898 0.2152767 -0.7070881 -0.3925678 0.5881471 -0.9669228 -0.1383868 0.2142647 -0.25879 -0.5160515 0.8165284 -0.2442026 -0.5100933 0.8247241 -0.7070637 -0.3777958 0.5977718 -0.7070649 -0.3777961 0.5977703 -0.9659197 -0.138287 0.2188055 -0.2588079 -0.4956426 0.8290699 -0.7070873 -0.3628445 0.6069361 -0.965924 -0.1328098 0.2221538 -0.707088 -0.3628433 0.606936 -0.9669181 -0.1275436 0.2209119 -0.7070637 -0.3476114 0.6158143 -0.2587913 -0.4748206 0.8411733 -0.2442738 -0.4685638 0.8489866 -0.2588082 -0.4538113 0.8526861 -0.7070637 -0.3476113 0.6158144 -0.9659196 -0.1272384 0.2254104 -0.7070886 -0.3322205 0.6242238 -0.965924 -0.121601 0.2284817 -0.966913 -0.1163823 0.2270118 -0.7070884 -0.3322204 0.6242241 -0.244349 -0.4258834 0.8711584 -0.2587908 -0.4324152 0.8637386 -0.258809 -0.4108583 0.874193 -0.7070631 -0.316567 0.6323346 -0.7070631 -0.316567 0.6323346 -0.9659193 -0.1158753 0.231458 -0.7070882 -0.3007762 0.6399688 -0.9659241 -0.1100921 0.2342445 -0.9669079 -0.1049298 0.2325487 -0.707089 -0.3007769 0.6399675 -0.244429 -0.3821564 0.8911852 -0.2587909 -0.3889398 0.884168 -0.2588091 -0.366891 0.8935372 -0.7070618 -0.2847396 0.6472921 -0.7070616 -0.2847395 0.6472923 -0.9659194 -0.104225 0.2369326 -0.7070889 -0.268589 0.6541294 -0.9659243 -0.09830996 0.2394274 -0.9669024 -0.09321535 0.2375089 -0.7070892 -0.2685884 0.6541293 -0.244512 -0.3374904 0.9090182 -0.2587902 -0.3445019 0.9024113 -0.2588087 -0.3220163 0.9106721 -0.7070614 -0.2522076 0.6606478 -0.9659191 -0.09231731 0.2418216 -0.7070608 -0.2522073 0.6606486 -0.9659243 -0.08628526 0.2440185 -0.9668968 -0.08126757 0.2418803 -0.7070889 -0.2357366 0.6666735 -0.7070897 -0.2357373 0.6666724 -0.2587889 -0.2992132 0.9184224 -0.2445968 -0.2919965 0.9246136 -0.7070608 -0.2190517 0.67237 -0.2588097 -0.2763425 0.9255552 -0.965919 -0.08018124 0.2461128 -0.7070606 -0.2190519 0.6723701 -0.9668909 -0.06911584 0.2456523 -0.7070901 -0.202301 0.6775677 -0.9659244 -0.07404704 0.2480065 -0.7070899 -0.2023008 0.6775679 -0.2446859 -0.2457858 0.937933 -0.2587891 -0.2531845 0.9321618 -0.2588093 -0.2299872 0.938149 -0.7070602 -0.1853546 0.6824293 -0.7070906 -0.1683657 0.6867866 -0.9659188 -0.06784684 0.2497952 -0.70706 -0.1853545 0.6824294 -0.7070903 -0.1683664 0.6867868 -0.9659244 -0.0616262 0.2513808 -0.9668848 -0.0567903 0.2488144 -0.258788 -0.2065289 0.9435966 -0.707059 -0.1511985 0.6908014 -0.2447785 -0.1989723 0.9489434 -0.2588086 -0.1830638 0.9484228 -0.707059 -0.1511985 0.6908013 -0.9659188 -0.05534446 0.2528598 -0.7070906 -0.1340147 0.6943074 -0.9659244 -0.0490525 0.2541333 -0.7070908 -0.1340144 0.6943073 -0.9668784 -0.04432142 0.2513595 -0.2587865 -0.1593623 0.9526979 -0.2448751 -0.1516719 0.9576178 -0.2588101 -0.1356861 0.9563506 -0.7070583 -0.1166682 0.6974647 -0.7070584 -0.1166683 0.6974646 -0.9659185 -0.04270511 0.2552991 -0.7070912 -0.09933112 0.700111 -0.7070913 -0.09933087 0.7001109 -0.9659245 -0.03635749 0.2562574 -0.9668719 -0.0317402 0.2532812 -0.2587872 -0.1118028 0.9594422 -0.2449742 -0.1040001 0.9639355 -0.2588102 -0.0879728 0.9619138 -0.7070577 -0.08185002 0.7024029 -0.9659184 -0.02996031 0.2571069 -0.707058 -0.08185023 0.7024027 -0.707091 -0.06440184 0.7041837 -0.707092 -0.06440319 0.7041826 -0.9659247 -0.02357311 0.2577477 -0.9668651 -0.01907766 0.2545738 -0.2587864 -0.06396572 0.9638143 -0.245078 -0.05607532 0.9678804 -0.2588099 -0.04004438 0.965098 -0.7070563 -0.04682891 0.7056049 -0.7070565 -0.04682908 0.7056048 -0.9659184 -0.0171412 0.2582788 -0.7070923 -0.02931501 0.7065133 -0.7070916 -0.02931399 0.706514 -0.9659248 -0.0107296 0.2586005 -0.966858 -0.006365214 0.2552352 -0.2587853 -0.0159704 0.9658028 -0.2451843 -0.008014863 0.9694434 -0.2588108 0.007985889 0.9658951 -0.707056 -0.01169187 0.7070609 -0.7070565 -0.01169225 0.7070604 -0.9659182 -0.004279829 0.2588123 -0.7070921 0.005846186 0.7070974 -0.7070923 0.00584588 0.7070972 -0.9668508 0.006365899 0.2552627 -0.9659247 0.002139729 0.2588141 -0.2587855 0.03206367 0.9654025 -0.707055 0.02347374 0.7067688 -0.2452945 0.04006232 0.9686204 -0.258811 0.05599466 0.9643037 -0.9659181 0.008592308 0.2587054 -0.707055 0.02347372 0.7067689 -0.9668433 0.01908384 0.2546563 -0.7070925 0.04099172 0.705932 -0.9659249 0.01500391 0.2583872 -0.7070924 0.04099174 0.705932 -0.2587849 0.08001867 0.962615 -0.2454077 0.08803814 0.965414 -0.2588114 0.103866 0.9603273 -0.707055 0.05858146 0.704728 -0.9659179 0.02144339 0.257959 -0.7070543 0.05858206 0.7047286 -0.9668355 0.03175734 0.2534179 -0.7070935 0.0760364 0.70302 -0.9659249 0.02783114 0.2573217 -0.7070936 0.07603653 0.7030201 -0.2587846 0.1277764 0.9574464 -0.2455248 0.135795 0.959832 -0.2588118 0.1514802 0.953976 -0.7070537 0.09354499 0.7009454 -0.9659177 0.03424114 0.2565746 -0.7070543 0.09354454 0.7009449 -0.7070934 0.1108929 0.6983707 -0.9668275 0.04435494 0.2515496 -0.7070934 0.1108931 0.6983708 -0.965925 0.04058934 0.2556197 -0.2587841 0.1752172 0.9499104 -0.2456446 0.183214 0.9518883 -0.2588113 0.198719 0.9452658 -0.9659176 0.04695446 0.2545555 -0.7070528 0.1282765 0.6954289 -0.7070529 0.1282765 0.6954289 -0.7070944 0.1454746 0.6919933 -0.965925 0.05324745 0.2532854 -0.7070937 0.1454758 0.6919937 -0.9668193 0.05684554 0.2490565 -0.2587828 0.2222257 0.9400252 -0.2457684 0.2301793 0.9416025 -0.2588126 0.2454678 0.9342171 -0.7070525 0.1626913 0.6881921 -0.7070526 0.1626911 0.6881919 -0.9659174 0.05955175 0.251907 -0.7070945 0.1796977 0.683905 -0.9659251 0.06577351 0.2503249 -0.7070945 0.1796978 0.683905 -0.9668108 0.06919795 0.2459442 -0.2587833 0.2686838 0.9278147 -0.2458952 0.2765757 0.9290003 -0.2588119 0.2916085 0.9208587 -0.7070513 0.1967037 0.6792541 -0.7070517 0.1967033 0.6792538 -0.9659172 0.07200165 0.2486354 -0.7070947 0.2134755 0.6741257 -0.9659252 0.07813691 0.2467451 -0.7070945 0.2134757 0.6741257 -0.9668022 0.08138173 0.2422201 -0.7070506 0.23023 0.6686355 -0.2587819 0.3144783 0.9133101 -0.2460265 0.3222873 0.9141126 -0.2588128 0.3370274 0.9052229 -0.70705 0.2302298 0.6686363 -0.9659172 0.08427365 0.2447487 -0.7070946 0.246725 0.6626795 -0.7070943 0.2467256 0.6626796 -0.9659253 0.09030691 0.2425551 -0.9667933 0.09336638 0.2378937 -0.258782 0.3594939 0.8965467 -0.7070494 0.2631864 0.6563641 -0.2461601 0.3672031 0.8969766 -0.2588141 0.3816151 0.8873473 -0.7070495 0.2631865 0.6563641 -0.9659171 0.09633733 0.2402569 -0.707095 0.2793659 0.6495932 -0.9667841 0.1051226 0.2329758 -0.9659253 0.1022539 0.2377653 -0.7070948 0.2793657 0.6495935 -0.2462967 0.4112124 0.8776344 -0.2587825 0.4036204 0.877566 -0.2588127 0.4252568 0.8672789 -0.9659168 0.108163 0.2351713 -0.7070485 0.2954926 0.6424691 -0.7070493 0.2954917 0.6424686 -0.9667746 0.1166213 0.227478 -0.9659253 0.1139479 0.2323879 -0.707096 0.3113138 0.6349007 -0.7070959 0.311314 0.6349007 -0.246437 0.4542066 0.8561339 -0.2587802 0.4467505 0.8564152 -0.2588128 0.4678482 0.8450645 -0.9659168 0.1197208 0.2295035 -0.7070486 0.3270672 0.6269842 -0.7070483 0.3270676 0.6269845 -0.9667651 0.1278332 0.2214134 -0.9659255 0.1253598 0.2264353 -0.7070959 0.3424933 0.6186386 -0.7070962 0.3424928 0.6186386 -0.2465813 0.4960793 0.832528 -0.2587796 0.4887747 0.8331462 -0.2588127 0.5092812 0.820761 -0.9659166 0.1309826 0.2232681 -0.7070472 0.3578339 0.6099501 -0.7070469 0.3578344 0.6099503 -0.9667553 0.1387309 0.2147975 -0.9659256 0.1364619 0.2199226 -0.707096 0.3728248 0.6008469 -0.7070958 0.3728253 0.6008468 -0.2467289 0.5367274 0.8068758 -0.2587787 0.5295895 0.8078172 -0.2588134 0.5494552 0.7944272 -0.7070462 0.3877152 0.5914072 -0.9659165 0.1419205 0.2164805 -0.7070463 0.3877153 0.5914072 -0.7070963 0.4022358 0.5815679 -0.9659258 0.1472266 0.2128659 -0.9667451 0.1492875 0.2076465 -0.7070971 0.402234 0.5815681 -0.2468796 0.576053 0.7792391 -0.2587786 0.5690955 0.7804896 -0.7070462 0.4166378 0.5714006 -0.2588137 0.5882716 0.7661279 -0.9659163 0.152508 0.2091581 -0.707046 0.4166378 0.5714008 -0.7070978 0.4306496 0.5608509 -0.9659256 0.1576274 0.2052835 -0.7070973 0.4306506 0.5608507 -0.9667347 0.159477 0.1999778 -0.2470364 0.6139565 0.749687 -0.2587782 0.6071945 0.7512316 -0.2588158 0.6256309 0.7359351 -0.7070457 0.44453 0.5499814 -0.9659161 0.1627182 0.2013182 -0.7070447 0.4445311 0.5499817 -0.9659256 0.1676372 0.1971939 -0.7070964 0.4579998 0.5387492 -0.7070971 0.4579984 0.5387496 -0.9667243 0.1692729 0.1918095 -0.2471923 0.6503475 0.7182925 -0.2587795 0.6437899 0.7201166 -0.2588136 0.6614445 0.7039223 -0.7070432 0.4713247 0.527203 -0.9659159 0.1725261 0.1929801 -0.7070443 0.4713233 0.5272027 -0.9659257 0.1772335 0.1886158 -0.7070975 0.4842166 0.5153129 -0.7070978 0.4842157 0.5153132 -0.9667134 0.178652 0.1831629 -0.2473541 0.6851335 0.6851335 -0.2587765 0.6787955 0.68722 -0.9659068 0.1897797 0.1760897 -0.7070431 0.4969514 0.5031196 -0.9659157 0.1819069 0.1841647 -0.7070426 0.496952 0.5031196 -0.2475179 0.7182309 0.6502917 -0.2701624 0.7057926 0.6548809 -0.9659069 0.1897794 0.1760896 -0.7069941 0.5184285 0.4810315 -0.7069949 0.5184276 0.4810312 -0.247689 0.7495576 0.6138514 -0.2699989 0.7375945 0.6189144 -0.9659069 0.1983209 0.1664111 -0.965907 0.1983209 0.166411 -0.7069949 0.5417609 0.4545914 -0.7069941 0.5417619 0.4545915 -0.2478582 0.779039 0.5759033 -0.269834 0.7675644 0.5814074 -0.9659067 0.2063698 0.1563192 -0.9659069 0.2063694 0.1563186 -0.7069941 0.5637479 0.4270219 -0.7069949 0.5637471 0.4270218 -0.2480299 0.8065988 0.536544 -0.2696594 0.7956309 0.5424531 -0.9659069 0.2139047 0.1458375 -0.9659067 0.2139052 0.1458382 -0.7069948 0.5843313 0.3983907 -0.7069955 0.5843306 0.3983907 -0.2482105 0.8321703 0.4958671 -0.2694834 0.8217235 0.5021446 -0.9659067 0.2209086 0.1349947 -0.965907 0.2209081 0.1349941 -0.7069956 0.6034627 0.3687682 -0.7069956 0.6034627 0.3687683 -0.2693089 0.8457749 0.4605838 -0.2483942 0.8556925 0.453972 -0.7069952 0.6210945 0.3382295 -0.9659067 0.2273633 0.1238154 -0.9659067 0.2273631 0.1238152 -0.7069955 0.6210942 0.3382295 -0.2691289 0.8677269 0.4178753 -0.2485776 0.8771073 0.4109646 -0.7069934 0.6371833 0.3068514 -0.9659071 0.2332512 0.1123277 -0.7069953 0.6371811 0.3068515 -0.9659066 0.2332522 0.1123288 -0.2689426 0.8875256 0.3741234 -0.248766 0.8963605 0.3669513 -0.7069952 0.6516848 0.2747082 -0.9659069 0.238561 0.1005618 -0.7069934 0.6516869 0.274708 -0.965907 0.2385603 0.1005612 -0.2687552 0.9051198 0.329437 -0.2489587 0.913406 0.3220391 -0.9659069 0.2473881 0.07630912 -0.9659069 0.243277 0.08854543 -0.7069961 0.6645669 0.2418829 -0.7069952 0.6645679 0.2418827 -0.9659069 0.243277 0.08854552 -0.2491531 0.9282026 0.2763378 -0.2685648 0.9204665 0.2839267 -0.965907 0.2473873 0.07630918 -0.7069961 0.6757975 0.2084568 -0.7069951 0.6757986 0.2084565 -0.2683698 0.9335279 0.237704 -0.2493521 0.9407134 0.2299606 -0.965907 0.2508836 0.06388276 -0.7069935 0.6853511 0.1745108 -0.7069952 0.6853493 0.1745112 -0.9659069 0.2508838 0.06388294 -0.2681703 0.9442701 0.190889 -0.2495541 0.950907 0.1830265 -0.7069955 0.6931956 0.1401331 -0.7069935 0.6931978 0.1401324 -0.965907 0.2537563 0.05129772 -0.9659068 0.2537566 0.05129794 -0.2497583 0.9587606 0.1356424 -0.2679703 0.9526665 0.1435914 -0.9659069 0.2559982 0.03858571 -0.7069955 0.6993188 0.1054059 -0.7069947 0.6993199 0.1054055 -0.9659069 0.2559983 0.03858582 -0.2499673 0.9642532 0.08793329 -0.2677632 0.9586969 0.09593254 -0.7069946 0.7037047 0.07041603 -0.9659069 0.2576035 0.02577703 -0.9659068 0.2576035 0.02577704 -0.7069955 0.7037036 0.0704165 -0.2501825 0.9673717 0.04001065 -0.2675564 0.9623445 0.04802744 -0.9659069 0.2585678 0.01290445 -0.9659069 0.2585682 0.01290464 -0.7069955 0.7063389 0.03525202 -0.7069937 0.7063407 0.03525113 -0.250398 0.9681099 -0.008003832 -0.2673466 0.9636004 0 -0.965907 0.2588896 0 -0.9659069 0.2588896 0 -0.7069938 0.7072198 0 -0.7069938 0.7072198 0 -0.2506148 0.9664663 -0.05599295 -0.267131 0.9624624 -0.04803332 -0.9659069 0.2585682 -0.01290447 -0.9659069 0.2585678 -0.01290462 -0.7069937 0.7063407 -0.0352521 -0.7069955 0.7063389 -0.03525103 -0.2508385 0.9624435 -0.1038392 -0.2669109 0.9589322 -0.09595609 -0.9659069 0.2576035 -0.02577704 -0.9659069 0.2576035 -0.02577703 -0.7069957 0.7037036 -0.07041593 -0.7069945 0.7037047 -0.07041661 -0.2510621 0.9560534 -0.151425 -0.2666899 0.9530177 -0.1436443 -0.9659069 0.2559981 -0.03858578 -0.9659069 0.2559983 -0.03858574 -0.7069946 0.6993198 -0.105406 -0.7069956 0.6993189 -0.1054054 -0.2512941 0.9473107 -0.1986295 -0.2664622 0.9447345 -0.1909829 -0.965907 0.2537563 -0.05129787 -0.9659069 0.2537567 -0.0512978 -0.7069954 0.6931958 -0.140132 -0.7069935 0.6931975 -0.1401335 -0.2515215 0.9362392 -0.2453428 -0.2662359 0.9341016 -0.23785 -0.965907 0.2508835 -0.06388287 -0.965907 0.2508838 -0.06388283 -0.7069935 0.6853509 -0.1745116 -0.7069951 0.6853495 -0.1745104 -0.2517583 0.9228641 -0.2914439 -0.2659987 0.9211466 -0.2841365 -0.965907 0.2473878 -0.07630901 -0.965907 0.2473873 -0.07630905 -0.7069951 0.6757987 -0.2084567 -0.7069954 0.6757984 -0.2084565 -0.2520001 0.9072191 -0.3368227 -0.2657643 0.9058991 -0.3297213 -0.9659067 0.2432775 -0.08854546 -0.965907 0.2432765 -0.0885455 -0.7069952 0.6645678 -0.2418831 -0.7069944 0.6645684 -0.2418839 -0.2522415 0.8893448 -0.3813661 -0.265527 0.8883989 -0.3744901 -0.965907 0.2385601 -0.1005617 -0.9659066 0.2385615 -0.1005617 -0.7069943 0.6516861 -0.2747077 -0.7069944 0.651686 -0.2747076 -0.2524892 0.8692824 -0.4249676 -0.265284 0.8686868 -0.4183393 -0.9659065 0.233253 -0.1123283 -0.9659071 0.2332509 -0.1123282 -0.7069944 0.6371819 -0.3068519 -0.7069943 0.6371821 -0.306852 -0.2527338 0.8470864 -0.467515 -0.2650378 0.8468155 -0.461149 -0.7069941 0.6210955 -0.3382303 -0.9659067 0.2273629 -0.1238155 -0.9659065 0.2273638 -0.1238156 -0.7069962 0.6210942 -0.3382283 -0.2647846 0.822835 -0.5028238 -0.2529867 0.8228071 -0.508907 -0.9659067 0.2209087 -0.1349946 -0.7069962 0.603462 -0.3687682 -0.9659067 0.2209085 -0.1349946 -0.7069969 0.6034616 -0.3687676 -0.2645321 0.7968053 -0.5432532 -0.2532431 0.7965059 -0.5490412 -0.9659068 0.2139051 -0.1458381 -0.7069969 0.5843296 -0.3983896 -0.9659067 0.2139056 -0.1458383 -0.7069969 0.5843297 -0.3983895 -0.2642753 0.768792 -0.5823379 -0.253505 0.7682489 -0.5878171 -0.706997 0.5637454 -0.4270201 -0.9659068 0.20637 -0.1563191 -0.9659066 0.2063703 -0.1563192 -0.7069955 0.5637463 -0.4270216 -0.2640181 0.7388635 -0.61998 -0.2537676 0.7381047 -0.6251428 -0.9659072 0.19832 -0.1664107 -0.9659067 0.1983218 -0.1664113 -0.7069957 0.5417609 -0.4545902 -0.7069942 0.5417615 -0.4545918 -0.2637547 0.7070938 -0.6560882 -0.2540348 0.7061484 -0.6609243 -0.7069941 0.5184275 -0.4810325 -0.7069957 0.518427 -0.4810307 -0.9659067 0.1897805 -0.1760902 -0.9659071 0.1897785 -0.1760894 -0.2634886 0.6735628 -0.6905701 -0.2543029 0.6724594 -0.6950744 -0.7069958 0.4938057 -0.5062735 -0.9659069 0.1807664 -0.1853309 -0.9659066 0.1807671 -0.1853312 -0.706995 0.4938059 -0.5062745 -0.254577 0.6371223 -0.7275066 -0.2632166 0.6383534 -0.7233408 -0.9659072 0.1713028 -0.1941098 -0.706995 0.4679576 -0.5302581 -0.9659069 0.1713042 -0.1941104 -0.7069936 0.4679581 -0.5302597 -0.2548563 0.6002189 -0.7581462 -0.2629449 0.6015487 -0.7543203 -0.9659068 0.1614157 -0.2024082 -0.7069935 0.4409439 -0.5529273 -0.7069931 0.440944 -0.5529278 -0.9659073 0.1614141 -0.2024073 -0 -0.9996988 -0.02454075 -1.911841e-05 -0.9972904 -0.07356569 1.942779e-05 -0.9996924 -0.02479975 -3.794891e-05 -0.9924796 -0.1224097 3.83227e-05 -0.9972332 -0.07433774 -5.620116e-05 -0.9852777 -0.1709619 5.698055e-05 -0.9923205 -0.123693 -7.42186e-05 -0.9757022 -0.2191008 7.506263e-05 -0.984967 -0.1727425 -9.179059e-05 -0.963776 -0.2667132 9.27717e-05 -0.9751902 -0.2213685 -0.0001089604 -0.9495279 -0.3136825 0.0001100667 -0.9630142 -0.2694506 -0.0001256323 -0.932993 -0.3598945 0.0001270307 -0.9484689 -0.3168704 -0.0001419718 -0.91421 -0.4052408 0.0001435391 -0.9315914 -0.3635072 -0.00015781 -0.8932242 -0.4496116 0.0001597099 -0.9124209 -0.4092529 -0.0001733242 -0.8700874 -0.4928975 0.0001753933 -0.8910065 -0.4539905 -0.0001883641 -0.8448536 -0.5349977 0.0001907419 -0.8674001 -0.4976114 0.0002056616 -0.8416593 -0.5400087 -0.0002030339 -0.8175833 -0.5758102 0.0002200507 -0.8138479 -0.5810778 -0.0002173568 -0.7883474 -0.6152304 -0.000231335 -0.7572083 -0.6531734 0.0002340811 -0.7840374 -0.6207137 0.0002476806 -0.7522936 -0.6588279 -0.0002448193 -0.7242471 -0.6895405 -0.0002577342 -0.6895406 -0.724247 0.0002610519 -0.7187001 -0.6953201 -0.0002705686 -0.653173 -0.7572086 0.0002737685 -0.6833426 -0.7300978 -0.0002826228 -0.6152313 -0.7883466 0.0002863269 -0.6462975 -0.7630855 -0.0002944635 -0.575808 -0.8175848 0.0002983755 -0.6076676 -0.7941914 -0.0003060481 -0.5349972 -0.8448538 0.0003098794 -0.5675428 -0.8233439 -0.0003170146 -0.4928987 -0.8700866 0.0003210768 -0.5260178 -0.8504734 -0.000327486 -0.4496124 -0.8932238 0.0003320063 -0.483201 -0.8755094 -0.0003377484 -0.4052413 -0.9142097 0.0003424132 -0.4391981 -0.8983902 -0.000347594 -0.3598945 -0.9329929 0.0003523377 -0.3941113 -0.9190627 -0.0003569473 -0.3136806 -0.9495285 0.0003619317 -0.3480543 -0.9374743 -0.0003659501 -0.2667129 -0.9637759 0.0003710669 -0.3011434 -0.9535788 -0.0003744302 -0.2191012 -0.975702 0.0003799125 -0.2534904 -0.9673378 0.0003881344 -0.2052183 -0.9787161 -0.0003828201 -0.1709618 -0.9852776 0.000396147 -0.1564319 -0.9876887 -0.0003903586 -0.1224116 -0.9924793 0.0004038338 -0.1072686 -0.99423 -0.0003976561 -0.07356379 -0.9972904 0.0004108429 -0.0578406 -0.9983258 -0.0004047071 -0.02454261 -0.9996987 -0.0004176444 0.02479789 -0.9996924 0.0004176434 -0.008267207 -0.9999657 -0.0004175788 0.07433774 -0.997233 0.0004177603 0.04132484 -0.9991456 -0.0004175976 0.1236948 -0.9923202 0.0004177724 0.09081619 -0.9958676 -0.0004175982 0.1727425 -0.9849669 0.0004176775 0.1400838 -0.9901395 -0.0004175744 0.2213688 -0.9751901 0.0004177556 0.1890047 -0.9819762 0.0004177931 0.237463 -0.9713964 -0.000417528 0.2694505 -0.9630142 0.0004178057 0.2853361 -0.9584274 -0.0004175177 0.3168687 -0.9484693 -0.0004175522 0.3635106 -0.93159 0.0004178444 0.3325079 -0.9431003 0.0004175599 0.3788598 -0.925454 -0.0004177626 0.409251 -0.9124217 -0.0004176956 0.4539916 -0.8910059 0.0004176607 0.4242827 -0.9055297 -0.0004176251 0.49761 -0.8674008 0.0004176312 0.4686613 -0.8833778 -0.0004175921 0.5400087 -0.8416593 0.0004177632 0.5118846 -0.8590541 -0.0004175953 0.5810761 -0.8138491 0.0004177155 0.5538505 -0.832616 -0.0004176579 0.6207155 -0.7840357 0.0004177029 0.5944524 -0.8041307 -0.0004175997 0.658829 -0.7522927 0.0004177455 0.633595 -0.7736648 -0.000417623 0.6953182 -0.7187019 0.0004176703 0.6711764 -0.7412975 -0.0004176713 0.7300992 -0.6833411 0.0004176813 0.7071058 -0.7071077 -0.0004175617 0.7630841 -0.6462992 0.0004177439 0.7412988 -0.671175 -0.0004176688 0.7941917 -0.607667 0.0004177094 0.7736649 -0.6335949 -0.0004175884 0.8233446 -0.5675415 0.0004176942 0.8041307 -0.5944524 -0.000417586 0.8504731 -0.5260184 0.0004177575 0.832616 -0.5538505 -0.000417794 0.875509 -0.4832017 0.0004176052 0.8590526 -0.5118871 0.0004175708 0.8833788 -0.4686594 -0.0004176976 0.8983904 -0.4391977 0.0004176898 0.9055297 -0.4242827 -0.0004176654 0.9190633 -0.3941099 0.0004176027 0.9254533 -0.3788613 -0.0004177352 0.9374739 -0.3480554 0.0004175896 0.9431004 -0.3325078 -0.0004177457 0.9535787 -0.3011436 0.0004175808 0.9584274 -0.2853361 -0.0004177276 0.9673374 -0.2534921 -0.0004175837 0.9787169 -0.2052147 0.0004177221 0.9713969 -0.2374613 -0.0004176896 0.9876881 -0.1564354 0.000417648 0.9819757 -0.1890065 0.0004177323 0.9901398 -0.1400819 -0.0004175792 0.99423 -0.1072686 0.0004177054 0.9958676 -0.09081632 -0.0004176527 0.9983258 -0.05783875 0.0004176652 0.9991457 -0.04132483 -0.0004176626 0.9999657 -0.0082672 0.0004176625 0.9999657 0.0082672 -0.0004176651 0.9991457 0.04132483 0.0004176527 0.9983258 0.05783875 -0.0004177055 0.9958676 0.09081632 0.000417579 0.99423 0.1072686 -0.0004177324 0.9901398 0.1400819 0.0004176899 0.9876881 0.1564354 -0.000417648 0.9819757 0.1890065 0.0004175834 0.9787169 0.2052147 -0.0004177227 0.9713969 0.2374613 0.0004177273 0.9673374 0.2534921 -0.0004175805 0.9584274 0.2853361 0.0004177457 0.9535787 0.3011436 -0.0004176049 0.9431002 0.3325084 0.0004177192 0.9374737 0.348056 -0.0004176027 0.9254533 0.3788613 0.000417628 0.9190636 0.3941092 -0.0004177295 0.90553 0.424282 0.0004176553 0.8983907 0.4391969 -0.0004176584 0.8833784 0.4686602 0.0004177024 0.8755086 0.4832025 -0.0004176408 0.8590533 0.5118859 0.0004176724 0.8504726 0.5260192 -0.0004176399 0.832616 0.5538505 0.0004176285 0.8233456 0.5675403 -0.0004176948 0.8041307 0.5944524 0.0004176982 0.7941914 0.6076676 -0.0004176497 0.7736653 0.6335945 0.0004176829 0.7630836 0.6462997 -0.0004176487 0.7412975 0.6711764 -0.000417697 0.7071067 0.7071067 0.0004176391 0.7300996 0.6833406 -0.0004176713 0.6711764 0.7412975 0.0004176399 0.6953188 0.7187014 0.0004176704 0.6588279 0.7522936 -0.0004176726 0.6335939 0.7736657 -0.0004176646 0.5944536 0.8041298 0.0004176584 0.6207155 0.7840357 -0.0004176763 0.5538499 0.8326164 0.0004176722 0.5810767 0.8138487 -0.0004177128 0.5118852 0.8590537 0.0004176111 0.5400084 0.8416595 -0.0004176838 0.4686606 0.8833782 0.0004176355 0.4976114 0.8674 -0.0004176607 0.4242827 0.9055297 0.0004176629 0.4539904 0.8910064 0.0004176775 0.4092526 0.912421 -0.0004176578 0.3788609 0.9254535 0.000417673 0.3635077 0.931591 -0.0004176557 0.3325075 0.9431006 0.0004176628 0.3168691 0.9484692 -0.0004176592 0.2853366 0.9584273 0.0004176982 0.2694505 0.9630142 -0.0004176335 0.2374626 0.9713966 0.000417666 0.2213697 0.9751899 -0.0004176749 0.1890052 0.981976 0.0004176561 0.1727434 0.9849668 -0.000417666 0.1400829 0.9901397 0.0004176795 0.1236925 0.9923205 -0.0004176553 0.09081528 0.9958677 0.0004176493 0.07433774 0.997233 -0.0004176897 0.04132484 0.9991456 0.0004176444 0.02479929 0.9996924 -0.0004176788 -0.008267207 0.9999657 0.0004046004 -0.0245412 0.9996988 -0.0004109497 -0.05783921 0.9983258 0.0003976692 -0.07356473 0.9972904 -0.0004037986 -0.1072686 0.99423 0.0003903449 -0.1224107 0.9924795 -0.0003962449 -0.1564346 0.9876882 0.0003825764 -0.1709618 0.9852776 -0.0003883057 -0.2052151 0.9787169 0.0003744302 -0.2191012 0.975702 -0.0003799316 -0.2534913 0.9673377 -0.0003711772 -0.3011438 0.9535787 0.0003658577 -0.2667125 0.9637761 -0.000361982 -0.3480552 0.937474 0.0003568869 -0.3136819 0.949528 -0.000352395 -0.3941109 0.9190628 0.0003475198 -0.3598949 0.9329928 -0.0003424146 -0.4391966 0.8983909 0.0003377162 -0.4052413 0.9142097 -0.0003320207 -0.4832018 0.875509 0.0003275074 -0.4496112 0.8932243 -0.000321157 -0.5260189 0.8504728 0.0003169535 -0.4928987 0.8700867 -0.0003100302 -0.5675415 0.8233447 0.0003058754 -0.5349969 0.844854 -0.0002983749 -0.6076676 0.7941914 0.0002944519 -0.5758087 0.8175845 -0.0002863031 -0.6462991 0.7630841 0.0002826684 -0.6152319 0.7883462 -0.0002738868 -0.6833407 0.7300996 0.0002704177 -0.6531724 0.7572091 -0.0002610762 -0.7187014 0.6953188 0.000257743 -0.68954 0.7242475 0.0002447144 -0.7242475 0.68954 -0.0002477734 -0.7522936 0.6588279 0.0002313211 -0.7572091 0.6531724 -0.0002340619 -0.7840363 0.620715 0.0002174121 -0.7883467 0.6152313 -0.0002200152 -0.8138483 0.5810774 0.000203105 -0.817584 0.5758093 -0.0002055855 -0.8416593 0.5400087 0.0001884735 -0.8448538 0.5349972 -0.0001906365 -0.8674001 0.4976114 0.0001733353 -0.8700867 0.4928987 -0.0001753964 -0.8910067 0.4539901 0.0001578647 -0.8932247 0.4496105 -0.0001596522 -0.9124209 0.4092529 0.0001419766 -0.9142097 0.4052415 -0.0001435391 -0.9315914 0.3635072 0.0001256323 -0.932993 0.3598945 -0.0001270307 -0.9484689 0.3168704 -0.0001100665 -0.9630142 0.2694506 0.0001089605 -0.9495279 0.3136825 -9.277176e-05 -0.9751902 0.2213685 9.179066e-05 -0.963776 0.2667132 -7.506263e-05 -0.984967 0.1727425 7.42186e-05 -0.9757022 0.2191008 -5.698052e-05 -0.9923205 0.123693 5.620116e-05 -0.9852777 0.1709619 -3.83227e-05 -0.9972332 0.07433774 3.794891e-05 -0.9924796 0.1224097 -1.942779e-05 -0.9996924 0.02479975 1.911841e-05 -0.9972904 0.07356569 0 -0.9996988 0.02454075 -1 0 0 -1 0 0 -1 0 0 -1 0 -0 -1 0 0 -1 0 0 -1 0 0 -1 0 -0 -1 0 0 -1 0 0 -1 0 0 -1 0 -0 -1 0 0 -1 0 0 -1 0 0 -1 0 -0 -1 0 0 -1 0 0 -1 0 0 -1 0 -0 -1 0 0 -1 0 0 -1 0 0 -1 0 -0 -1 0 0 -1 0 0 -1 0 0 -1 0 -0 -1 0 0 -1 0 0 -1 0 0 -1 0 -0 -1 0 0 -1 0 0 -1 0 0 -1 0 -0 -1 0 0 -1 0 0 -1 0 0 -1 0 -0 -1 0 0 -1 0 0 -1 0 -0 -1 0 0 -1 0 0 -1 0 0 -1 0 0 -1 0 -0 -1 0 0 -1 0 0 -1 0 0 -1 0 0 -1 0 0 -1 0 0 -1 0 0 -1 0 0 -1 0 0 -1 0 0 -1 0 0 -1 0 0 -1 0 0 -1 0 0 -1 0 0 -1 0 0 -1 0 0 -1 0 -0 -1 0 0 -1 0 0 -1 0 -0 -1 0 0 -1 0 0 -1 0 0 -1 0 -0 -1 0 0 -1 0 0 -1 0 0 -1 0 0 -1 0 -0 -1 0 0 -1 0 0 -1 0 0 -1 0 -0 -1 0 0 -1 0 0 -1 0 0 -1 0 -0 -1 0 0 -1 0 0 -1 0 0 -1 0 -0 -1 0 0 -1 0 0 -1 0 0 -1 0 -0 -1 0 0 -1 0 0 -1 0 0 -1 0 -0 -1 0 0 -1 0 0 -1 0 0 -1 0 -0 -1 0 0 -1 0 0 -1 0 0 -1 0 -0 -1 0 0 -1 0 0 -1 0 0 -1 0 -0 -1 0 0 -1 0 0 -1 0 0 -1 0 -0 -1 0 0 -1 0 0 -1 0 0 -1 0 -0 -1 0 0 -1 0 0 -1 0 -0 -1 0 0 -1 0 0 -1 0 0 -1 0 0 -1 0 0 -1 0 -0 -1 0 0 -1 0 0 -1 0 0 -1 0 0 -1 0 -0 -1 0 0 -1 0 0 -1 0 0 -1 0 -0 -1 0 0 -1 0 0 -1 0 0 -1 0 -0 -1 0 0 -1 0 0 -1 0 0 -1 0 -0 -1 0 0 -1 0 0 -1 0 0 -1 0 -0 -1 0 0 -1 0 0 -1 0 0 -1 0 -0 -1 0 0 -1 0 0 -1 0 0 -1 0 -0 -1 0 0 -1 0 0 -1 0 0 -1 0 -0 -1 0 0 -1 0 0 -1 0 0 -1 0 -0 -1 0 0 -1 0 0 -1 0 -0 -1 0 0 -1 0 0 -1 0 0 -1 0 -0 -1 0 0 -1 0 0 -1 0 0 -1 0 -0 -1 0 0 -1 0 0 -1 0 0 -1 0 0 -1 0 -0 -1 0 0 -1 0 0 -1 0 0 -1 0 -0 -1 0 0 -1 0 0 -1 0 0 -1 0 0 -1 0 0 -1 0 0 -1 0 0 -1 0 0 -1 0 0 -1 0 0 -1 0 0 -1 0 0 -1 0 0 -1 0 0 -1 0 0 -1 0 0 -1 0 0 -1 0 0 -1 0 0 -1 0 0 -1 0 0 -1 0 -0 -1 0 0 -1 0 0 -1 0 0 -1 0 -0 -1 0 0 -1 0 0 -1 0 0 -1 0 -0 -1 0 0 -1 0 0 -1 0 -0 -1 0 0 -1 0 0 -1 0 0 -1 0 0 -1 0 -0 -1 0 0 -1 0 0 -1 0 0 -1 0 -0 -1 0 0 -1 0 0 -1 0 0 -1 0 -0 -1 0 0 -1 0 0 -1 0 0 -1 0 -0 -1 0 0 -1 0 0 -1 0 0 -1 0 -0 -1 0 0 -1 0 0 -1 0 0 -1 0 -0 -1 0 0 -1 0 0 -1 0 0 -1 0 -0 -1 0 0 -1 0 -0 0.9659069 0.1614151 0.2024081 0.7069945 0.4409441 0.5529259 0.706995 0.440944 0.5529253 0.9659068 0.1614153 0.2024082 0.2551307 0.561847 0.7869157 0.2626649 0.5632466 0.7834286 0.965907 0.1511248 0.2102021 0.706995 0.4128345 0.5742175 0.7069944 0.4128346 0.5742182 0.9659069 0.1511253 0.2102024 0.255415 0.5220972 0.8137431 0.2623846 0.5235369 0.8105946 0.965907 0.1404595 0.2174738 0.7069943 0.383699 0.5940827 0.7069941 0.383699 0.5940829 0.965907 0.1404593 0.2174737 0.2556999 0.4810689 0.8385643 0.2621015 0.4825205 0.8357492 0.9659069 0.1294449 0.224205 0.965907 0.1294447 0.2242049 0.7069941 0.3536097 0.6124701 0.7069947 0.3536097 0.6124693 0.2559891 0.4388634 0.8613179 0.2618127 0.4402975 0.8588318 0.9659068 0.1181085 0.2303788 0.9659069 0.1181082 0.2303786 0.7069947 0.3226408 0.6293341 0.7069949 0.3226408 0.6293339 0.2562825 0.3955843 0.881948 0.2615211 0.3969732 0.8797835 0.965907 0.1064778 0.2359794 0.9659068 0.1064782 0.2359797 0.7069949 0.29087 0.6446338 0.7069944 0.29087 0.6446345 0.2565789 0.3513387 0.9004046 0.2612271 0.3526551 0.8985515 0.9659069 0.09458295 0.2409935 0.9659069 0.09458295 0.2409935 0.7069943 0.2583762 0.6583319 0.7069939 0.2583761 0.6583322 0.2568776 0.3062363 0.9166424 0.2609291 0.307454 0.9150891 0.9659069 0.08245301 0.2454086 0.965907 0.08245285 0.2454085 0.706994 0.22524 0.6703928 0.7069945 0.2252401 0.6703922 0.2571798 0.2603871 0.9306219 0.2606267 0.2614802 0.9293556 0.7069948 0.1915435 0.6807859 0.9659068 0.07011784 0.2492137 0.9659069 0.07011778 0.2492136 0.7069945 0.1915434 0.6807862 0.2574871 0.2139055 0.9423082 0.260321 0.2148488 0.9413145 0.9659069 0.05760847 0.2523989 0.9659068 0.05760841 0.2523988 0.7069948 0.1573711 0.6894872 0.7069945 0.157371 0.6894876 0.2600135 0.1676754 0.9509353 0.2577967 0.1669045 0.9516742 0.9659069 0.04495569 0.2549567 0.9659069 0.04495569 0.2549567 0.7069944 0.1228072 0.6964749 0.7069945 0.1228072 0.6964748 0.2597015 0.1200775 0.9581944 0.2581088 0.1195013 0.9586967 0.9659069 0.03219125 0.2568805 0.9659069 0.03219128 0.2568806 0.7069945 0.08793814 0.7017305 0.7069949 0.08793831 0.70173 0.2593852 0.07217209 0.9630734 0.2584262 0.07181256 0.9633581 0.2590674 0.02407959 0.965559 0.9659069 0.006454342 0.2588091 0.9659069 0.01934683 0.2581657 0.9659069 0.01934692 0.2581658 0.7069942 0.05285037 0.7052419 0.706995 0.05285069 0.7052411 0.7069942 0.01763149 0.7069995 0.9659069 0.006454272 0.2588093 0.7069944 0.01763139 0.7069993 0.258745 0.02395477 0.9656486 0.2587465 -0.02370538 0.9656543 0.2587463 -0.02370546 0.9656544 0.9659736 -0.006448131 0.25856 0.9659075 -0.006353445 0.2588094 0.7069978 -0.01735603 0.7070027 0.7069981 -0.01735585 0.7070025 0.2587462 -0.07105952 0.9633281 0.2587463 -0.07105945 0.963328 0.706998 -0.0520261 0.7052994 0.7069982 -0.05202598 0.7052992 0.9660381 -0.01931021 0.257677 0.9658428 -0.01906268 0.2584265 0.2587462 -0.1182421 0.9586809 0.2587462 -0.1651397 0.9517244 0.2587462 -0.1182421 0.958681 0.9661003 -0.0321014 0.2561636 0.7069979 -0.08657079 0.7018971 0.9657801 -0.03174874 0.2574119 0.706998 -0.08657078 0.701897 0.2587465 -0.1651398 0.9517243 0.7069979 -0.1209069 0.6968038 0.9657192 -0.04437981 0.2557672 0.9661601 -0.04479127 0.2540242 0.7069979 -0.1209069 0.6968037 0.2587465 -0.2116398 0.9424748 0.2587464 -0.2116398 0.9424749 0.706998 -0.1549518 0.6900317 0.9662178 -0.05734962 0.251265 0.7069979 -0.1549519 0.6900318 0.9656603 -0.05692428 0.2534952 0.2587464 -0.2576301 0.930955 0.2587473 -0.2576296 0.9309548 0.706998 -0.1886233 0.6815974 0.9656034 -0.06935047 0.2506006 0.9662734 -0.06974651 0.2478938 0.7069976 -0.1886236 0.6815977 0.2587467 -0.3029996 0.9171922 0.2587467 -0.3476388 0.90122 0.2587473 -0.3029993 0.917192 0.7069975 -0.2218407 0.6715215 0.9663266 -0.08195265 0.2439194 0.7069977 -0.2218406 0.6715214 0.9655485 -0.08162727 0.2470894 0.2587467 -0.3476388 0.90122 0.9663776 -0.09393911 0.239353 0.7069979 -0.2545233 0.6598271 0.9654956 -0.09372373 0.2429695 0.7069975 -0.2545237 0.6598274 0.2587462 -0.3914409 0.8830767 0.2587466 -0.3914407 0.8830767 0.9664263 -0.1056776 0.2342059 0.7069979 -0.286593 0.6465434 0.9654446 -0.1056093 0.2382508 0.7069982 -0.2865928 0.6465433 0.2587462 -0.4343002 0.8628057 0.2587473 -0.4342998 0.8628057 0.7069982 -0.3179722 0.6317018 0.966473 -0.1171404 0.2284906 0.7069975 -0.3179722 0.6317027 0.9653956 -0.1172541 0.232944 0.2587445 -0.4761134 0.8404565 0.2587473 -0.4761121 0.8404565 0.9665176 -0.1283003 0.2222226 0.7069985 -0.3485847 0.6153388 0.7069975 -0.3485857 0.6153395 0.9653488 -0.1286283 0.2270606 0.2587444 -0.5167792 0.8160825 0.2587478 -0.5167775 0.8160824 0.7069986 -0.3783587 0.5974929 0.2587478 -0.5561995 0.7897415 0.9665599 -0.1391311 0.2154171 0.9653039 -0.1397034 0.2206158 0.7069979 -0.3783587 0.5974936 0.2587473 -0.5561994 0.7897418 0.9666 -0.1496073 0.2080912 0.7069978 -0.4072204 0.5782089 0.706997 -0.4072213 0.5782093 0.9652612 -0.1504512 0.2136244 0.2587453 -0.5942805 0.7614995 0.2587472 -0.5942796 0.7614996 0.9666381 -0.1597044 0.2002629 0.9652203 -0.1608448 0.2061035 0.706997 -0.4351021 0.5575315 0.7069979 -0.4351011 0.5575311 0.2587467 -0.6309288 0.7314225 0.2587467 -0.6660579 0.6995835 0.2587452 -0.6309295 0.7314225 0.9651816 -0.1708573 0.198071 0.966674 -0.1693984 0.1919518 0.7069979 -0.4619341 0.5355098 0.7069981 -0.4619339 0.5355098 0.2587492 -0.6660582 0.6995823 0.9667079 -0.1786664 0.1831776 0.9651451 -0.1804633 0.1895467 0.7069982 -0.4876534 0.512199 0.706997 -0.4876547 0.5121994 0.2587467 -0.6995835 0.6660579 0.2587492 -0.6995823 0.6660582 0.24698 -0.7337513 0.6329376 0.2588141 -0.7199839 0.6439242 0.9651107 -0.1896387 0.1805508 0.9667397 -0.1874872 0.1739626 0.7069969 -0.5121998 0.4876542 0.7069981 -0.5121986 0.4876539 0.7070971 -0.5270714 0.4713911 0.9659256 -0.1929195 0.1725391 0.7070968 -0.5270718 0.4713909 0.2587792 -0.7355785 0.6260651 0.2588121 -0.7509514 0.6075263 0.2465572 -0.7640091 0.596238 0.9659167 -0.1971214 0.167774 0.9667693 -0.1958394 0.1643288 0.707048 -0.5385194 0.4583447 0.7070477 -0.5385199 0.4583448 0.7070957 -0.5497416 0.4447469 0.7070953 -0.5497425 0.4447465 0.9659255 -0.2012174 0.162787 0.2587792 -0.7656407 0.5889207 0.7070497 -0.5605269 0.4311499 0.2461644 -0.7924254 0.5580906 0.2588097 -0.78008 0.5696427 0.9667968 -0.2037043 0.1543002 0.9659171 -0.2051767 0.1578186 0.7070511 -0.5605265 0.4311481 0.7070957 -0.5710648 0.4170139 0.707095 -0.5710661 0.4170133 0.9659251 -0.2090233 0.152637 0.2587851 -0.7938288 0.5503327 0.2458009 -0.818934 0.5185837 0.2588133 -0.807295 0.5303684 0.7070525 -0.5811622 0.4028986 0.9668224 -0.2110623 0.1438996 0.9659173 -0.2127298 0.147478 0.7070528 -0.5811617 0.4028987 0.7070947 -0.59099 0.3882626 0.7070937 -0.5909919 0.3882616 0.9659252 -0.2163163 0.1421125 0.2587843 -0.8200756 0.5103986 0.2588101 -0.8325391 0.4897918 0.2454681 -0.843466 0.4778183 0.9668459 -0.2178965 0.1331541 0.7070559 -0.6003737 0.373662 0.9659179 -0.2197611 0.1367754 0.7070544 -0.6003758 0.3736618 0.707092 -0.6094733 0.3585568 0.9659247 -0.2230818 0.1312403 0.7070937 -0.6094707 0.3585582 0.2587897 -0.844314 0.4692139 0.7070582 -0.6181182 0.3435092 0.2451671 -0.8659643 0.4358887 0.2588131 -0.8557426 0.4480181 0.9668671 -0.2241923 0.1220886 0.7070562 -0.6181192 0.3435118 0.9659181 -0.226256 0.1257389 0.9659244 -0.2293003 0.1200475 0.7070923 -0.626459 0.3279782 0.7070904 -0.6264618 0.3279766 0.7070601 -0.6343484 0.3125188 0.2587881 -0.8664864 0.4268841 0.2588092 -0.8768542 0.4051474 0.2448931 -0.8863721 0.3929019 0.9668865 -0.2299335 0.11073 0.7070596 -0.6343487 0.3125194 0.9659185 -0.2321967 0.1143945 0.9659246 -0.2349557 0.1085613 0.7070906 -0.6419139 0.2965965 0.7070891 -0.6419162 0.2965951 0.2587901 -0.886538 0.3835077 0.2446505 -0.9046406 0.3489578 0.2588089 -0.8958185 0.3612853 0.966904 -0.235106 0.09910545 0.9659193 -0.2375676 0.1027694 0.7070603 -0.6490282 0.2807632 0.7070605 -0.6490281 0.2807633 0.7070879 -0.6558012 0.2644832 0.9659241 -0.2400395 0.09680739 0.7070897 -0.6557987 0.2644849 0.2587882 -0.9044201 0.3391945 0.9669191 -0.2396998 0.08724346 0.9659194 -0.2423589 0.0908943 0.7070648 -0.6621151 0.2483202 0.7070643 -0.6621157 0.24832 0.2588047 -0.9125918 0.3165382 0.2444375 -0.9207241 0.3041669 0.7070892 -0.6680774 0.2317269 0.7070888 -0.668078 0.2317265 0.9659239 -0.2445341 0.08481798 0.2587954 -0.9200879 0.2940461 0.9669325 -0.2437021 0.07517213 0.7070673 -0.6735833 0.2152704 0.9659199 -0.246556 0.0787968 0.7070637 -0.6735877 0.2152684 0.2442563 -0.9345839 0.2586346 0.2588094 -0.9271274 0.2710211 0.7070869 -0.6787216 0.1984062 0.9659238 -0.2484298 0.07262056 0.7070843 -0.6787251 0.1984037 0.2587939 -0.9335045 0.2481837 0.7070681 -0.6834054 0.1816918 0.9659204 -0.2501494 0.0665054 0.7070683 -0.683405 0.1816919 0.9669436 -0.2471054 0.06292083 0.2441086 -0.9461852 0.2124726 0.2588055 -0.9393994 0.22483 0.7070838 -0.6877078 0.1645917 0.9659235 -0.2517186 0.06024545 0.7070853 -0.6877061 0.1645932 0.2587961 -0.9446357 0.2017128 0.7070686 -0.6915542 0.1476711 0.9659207 -0.2531313 0.05405245 0.7070686 -0.6915544 0.1476711 0.9669527 -0.2499004 0.05051839 0.2588055 -0.9493685 0.1780986 0.243985 -0.9555016 0.1657952 0.7070844 -0.6950054 0.1303809 0.7070822 -0.695008 0.1303787 0.9659232 -0.2543916 0.0477221 0.2587977 -0.9534555 0.1547458 0.7070726 -0.6980072 0.1132884 0.7070708 -0.6980093 0.1132869 0.9669598 -0.2520817 0.03799547 0.965921 -0.2554939 0.04146732 0.2588048 -0.9570151 0.1309282 0.243893 -0.9625089 0.1187132 0.7070811 -0.7006065 0.09584823 0.9659229 -0.2564416 0.03508314 0.7070819 -0.7006055 0.09584907 0.2587963 -0.9599424 0.107402 0.7070734 -0.7027552 0.078627 0.7070733 -0.7027554 0.07862692 0.9659213 -0.2572311 0.02878001 0.9669647 -0.2536437 0.0253808 0.2438314 -0.9671897 0.0713453 0.258801 -0.9623202 0.08343775 0.7070802 -0.7044904 0.06108138 0.7070813 -0.7044891 0.06108257 0.9659225 -0.257864 0.02235757 0.2588014 -0.9640781 0.05979317 0.7070735 -0.7057839 0.04377348 0.9659216 -0.2583384 0.01602348 0.7070763 -0.705781 0.04377617 0.966968 -0.2545812 0.01270548 0.2438052 -0.9695321 0.02380021 0.2588037 -0.9652684 0.03574064 0.9659223 -0.2586549 0.009576744 0.7070779 -0.7066514 0.02616491 0.707077 -0.7066524 0.02616394 0.2588005 -0.9658557 0.01204291 0.9659221 -0.2588132 0.003226792 0.7070763 -0.7070824 0.008815656 0.7070768 -0.7070818 0.008816322 0.9669688 -0.2548946 0 0.2434811 -0.9696074 -0.02405342 0.2588005 -0.9658557 -0.01204291 0.7070769 -0.7070817 -0.008815648 0.9659221 -0.2588132 -0.003226792 0.7070762 -0.7070824 -0.008816331 0.2587999 -0.9652602 -0.03598904 0.9659221 -0.2586531 -0.009644017 0.9669687 -0.2545783 -0.01270534 0.7070767 -0.7066458 -0.02634766 0.7070776 -0.706645 -0.02634675 0.2434809 -0.9672222 -0.07210059 0.2587991 -0.9640632 -0.0600433 0.7070764 -0.7057696 -0.04395743 0.7070774 -0.7057686 -0.04395632 0.9659218 -0.2583335 -0.01608978 0.2588015 -0.9622768 -0.08393608 0.7070772 -0.7044615 -0.06144775 0.9659221 -0.2578539 -0.02249091 0.9669683 -0.2536301 -0.02537944 0.7070792 -0.7044598 -0.06144543 0.2434881 -0.9624556 -0.1199704 0.2588 -0.9598859 -0.1078967 0.7070749 -0.7027131 -0.07899001 0.7070758 -0.7027123 -0.07898892 0.9659217 -0.2572145 -0.02891276 0.2587984 -0.9569151 -0.131669 0.7070802 -0.7005329 -0.09639145 0.7070788 -0.700534 -0.09639329 0.9659222 -0.2564164 -0.03528283 0.9669677 -0.2520521 -0.03799101 0.2587961 -0.9533356 -0.1554859 0.2434991 -0.9553206 -0.1675432 0.7070761 -0.6979159 -0.1138278 0.7070767 -0.6979154 -0.1138272 0.9659216 -0.2554593 -0.04166437 0.2588 -0.9491858 -0.179078 0.7070802 -0.6948746 -0.1310984 0.9659224 -0.2543447 -0.04798644 0.7070814 -0.6948732 -0.1310996 0.9669669 -0.2498479 -0.05050779 0.2587968 -0.9444262 -0.2026907 0.2435169 -0.9458338 -0.2147046 0.7070768 -0.6913936 -0.1483819 0.9659216 -0.2530722 -0.05431253 0.7070736 -0.6913962 -0.148386 0.2588031 -0.9391086 -0.2260441 0.7070799 -0.6874983 -0.1654813 0.7070787 -0.6874991 -0.165483 0.9659226 -0.251644 -0.06057142 0.966966 -0.2470228 -0.06289981 0.2587993 -0.9331818 -0.2493887 0.7070742 -0.6831642 -0.1825726 0.2435316 -0.9340208 -0.2613382 0.9659216 -0.2500592 -0.06682735 0.7070746 -0.6831637 -0.1825729 0.2588035 -0.9267087 -0.2724549 0.707082 -0.6784187 -0.199457 0.707081 -0.6784194 -0.1994585 0.9659228 -0.2483207 -0.07300743 0.9669647 -0.2435856 -0.0751362 0.2587988 -0.9196294 -0.2954741 0.2435514 -0.9199086 -0.3073288 0.7070751 -0.6732422 -0.2163097 0.7070742 -0.6732427 -0.2163108 0.9659214 -0.2464285 -0.07917637 0.2588049 -0.9120165 -0.3181918 0.7070816 -0.6676636 -0.2329399 0.9659228 -0.2443843 -0.08526154 0.7070788 -0.6676672 -0.2329377 0.9669632 -0.2395427 -0.08718609 0.2587994 -0.9038032 -0.3408266 0.2435776 -0.9035332 -0.3525589 0.7070726 -0.6616582 -0.2495131 0.7070706 -0.6616594 -0.2495156 0.965921 -0.2421885 -0.09133071 0.2588043 -0.8950717 -0.3631347 0.7070811 -0.6552584 -0.2658435 0.707083 -0.6552574 -0.2658409 0.9659227 -0.2398437 -0.0973065 0.9669612 -0.234906 -0.09902138 0.2587981 -0.8857418 -0.3853374 0.2436022 -0.8849345 -0.3969243 0.7070737 -0.6484346 -0.2820981 0.9659212 -0.2373484 -0.1032565 0.707072 -0.6484368 -0.2820973 0.2588062 -0.8759093 -0.4071883 0.9669594 -0.2296847 -0.1106099 0.7070809 -0.6412312 -0.2980924 0.7070818 -0.6412309 -0.298091 0.965923 -0.234708 -0.1091094 0.2587991 -0.8654887 -0.4288965 0.2436371 -0.8641573 -0.4403102 0.7070712 -0.6336101 -0.3139881 0.9659206 -0.231923 -0.1149308 0.7070704 -0.6336105 -0.3139892 0.258803 -0.8545867 -0.4502249 0.9659227 -0.2289953 -0.1206427 0.9669572 -0.2238927 -0.1219257 0.7070821 -0.6256197 -0.3295982 0.7070826 -0.6256195 -0.3295973 0.7070711 -0.6172171 -0.3450992 0.258795 -0.8430973 -0.4713936 0.2436666 -0.8412558 -0.482613 0.7070726 -0.6172152 -0.3450997 0.9659207 -0.2259222 -0.1263185 0.2588076 -0.8311421 -0.4921599 0.9659229 -0.2227132 -0.1318778 0.7070816 -0.6084579 -0.3602977 0.7070847 -0.6084573 -0.360293 0.9669548 -0.2175446 -0.1329389 0.2587989 -0.8186204 -0.512722 0.2437034 -0.8162832 -0.5237274 0.7070726 -0.5992974 -0.3753546 0.7070689 -0.5992986 -0.3753595 0.9659206 -0.2193632 -0.1373941 0.258801 -0.8056508 -0.5328685 0.9659231 -0.2158816 -0.1427859 0.7070836 -0.5897937 -0.3900976 0.7070859 -0.5897933 -0.3900942 0.9669524 -0.2106555 -0.1436224 0.2587915 -0.7921172 -0.5527905 0.2437432 -0.7893022 -0.5635524 0.707072 -0.5798941 -0.4046875 0.7070698 -0.5798948 -0.4046906 0.9659203 -0.2122618 -0.148131 0.258801 -0.778162 -0.5722638 0.965923 -0.2085164 -0.1533417 0.7070827 -0.5696707 -0.4189383 0.7070864 -0.5696705 -0.4189323 0.9669495 -0.2032434 -0.1539509 0.2587906 -0.7636568 -0.5914861 0.7070676 -0.559062 -0.4330184 0.2437914 -0.7603811 -0.6019853 0.9659203 -0.2046353 -0.1585001 0.70707 -0.5590588 -0.4330187 0.2588063 -0.7487502 -0.6102396 0.7070856 -0.5481377 -0.4467382 0.9659231 -0.2006339 -0.163519 0.707086 -0.5481371 -0.4467384 0.9669461 -0.1953263 -0.1638987 0.2587953 -0.7333053 -0.6287196 0.2438417 -0.7295856 -0.6389412 0.7070679 -0.5368428 -0.4602769 0.7070699 -0.5368425 -0.4602743 0.9659206 -0.1965024 -0.1684758 0.2588075 -0.7174851 -0.64671 0.7070845 -0.5252488 -0.4734396 0.7070862 -0.5252491 -0.4734369 0.9659237 -0.1922542 -0.1732908 0.9669428 -0.1869235 -0.1734393 0.2587956 -0.7011417 -0.6643984 0.2438923 -0.696997 -0.6743231 0.7070688 -0.5132955 -0.4863963 0.707069 -0.5132955 -0.4863962 0.96592 -0.1878849 -0.1780387 0.258801 -0.6844509 -0.6815783 0.7070867 -0.5010651 -0.498961 0.7070861 -0.501065 -0.498962 0.9659232 -0.1834041 -0.182634 0.9669394 -0.1780545 -0.1825505 0.2587882 -0.6672441 -0.6984368 0.2439496 -0.6626974 -0.70804 0.7070674 -0.4884796 -0.5113153 0.7070676 -0.4884796 -0.511315 0.9659201 -0.1788009 -0.1871594 0.25881 -0.649717 -0.7147623 0.9669356 -0.1687436 -0.1912097 0.7070863 -0.4756385 -0.5232562 0.7070863 -0.4756385 -0.5232561 0.9659235 -0.1740964 -0.1915257 0.2587966 -0.6316976 -0.730741 0.2440048 -0.6267626 -0.7400205 0.7070653 -0.462459 -0.5349676 0.9659203 -0.1692755 -0.1958154 0.7070667 -0.4624591 -0.5349659 0.2588075 -0.6133758 -0.7461829 0.9669317 -0.1590123 -0.1993944 0.7070833 -0.4490357 -0.5462601 0.7070854 -0.4490365 -0.5462568 0.965924 -0.164358 -0.1999429 0.2587932 -0.5945881 -0.7612432 0.2440674 -0.5892907 -0.7701738 0.9659197 -0.1593317 -0.2039912 0.7070624 -0.4352917 -0.5573005 0.7070641 -0.4352918 -0.5572983 0.2588076 -0.5755234 -0.7757522 0.7070853 -0.4213237 -0.5679054 0.9659237 -0.154216 -0.2078675 0.7070838 -0.4213264 -0.5679055 0.9669273 -0.1488853 -0.2070867 0.7070618 -0.4070496 -0.5782511 0.2587925 -0.5560087 -0.7898612 0.244134 -0.5503698 -0.7984307 0.7070647 -0.4070457 -0.5782502 0.9659196 -0.1489938 -0.211661 0.2588115 -0.5362444 -0.8034043 0.7070871 -0.3925683 -0.588148 0.9659236 -0.143691 -0.2152777 0.707086 -0.3925701 -0.588148 0.9669226 -0.1383868 -0.2142654 0.7070628 -0.3777986 -0.5977712 0.2587959 -0.5160538 -0.816525 0.2442007 -0.5100926 -0.8247251 0.7070647 -0.3777961 -0.5977705 0.9659197 -0.138287 -0.2188055 0.2588108 -0.4956371 -0.8290722 0.9659241 -0.1328107 -0.2221533 0.7070838 -0.3628425 -0.6069414 0.9669183 -0.1275434 -0.2209111 0.7070884 -0.3628457 -0.6069341 0.7070594 -0.3476138 -0.6158178 0.2587943 -0.4748208 -0.8411723 0.2442746 -0.468563 -0.8489868 0.2588092 -0.4538103 -0.8526864 0.7070642 -0.3476077 -0.6158158 0.9659191 -0.1272379 -0.2254125 0.7070853 -0.3322214 -0.624227 0.9659235 -0.1216033 -0.2284824 0.966913 -0.1163823 -0.2270118 0.7070889 -0.3322242 -0.6242214 0.7070599 -0.3165685 -0.6323376 0.2443526 -0.4258845 -0.8711569 0.2587918 -0.4324151 -0.8637384 0.2588111 -0.410861 -0.8741911 0.7070587 -0.3165698 -0.6323382 0.9659195 -0.1158754 -0.2314573 0.707087 -0.3007788 -0.6399688 0.9659242 -0.110091 -0.2342443 0.9669079 -0.1049294 -0.2325487 0.7070846 -0.3007767 -0.6399726 0.7070605 -0.2847414 -0.6472926 0.2444286 -0.3821568 -0.891185 0.2587929 -0.3889414 -0.8841667 0.2588123 -0.3668877 -0.8935378 0.7070635 -0.2847378 -0.647291 0.9659194 -0.1042246 -0.2369324 0.7070892 -0.2685866 -0.65413 0.9659244 -0.09830986 -0.2394272 0.9669024 -0.09321583 -0.2375088 0.7070906 -0.2685879 -0.6541281 0.7070614 -0.2522079 -0.6606477 0.2445117 -0.3374896 -0.9090186 0.2587934 -0.3445028 -0.90241 0.2588065 -0.3220176 -0.9106722 0.9659188 -0.09231748 -0.241823 0.707063 -0.2522061 -0.6606466 0.9659239 -0.08628574 -0.2440199 0.9668965 -0.08126728 -0.2418814 0.7070912 -0.2357358 -0.6666713 0.7070925 -0.2357372 -0.6666694 0.2587867 -0.2992102 -0.918424 0.2445994 -0.2919959 -0.9246131 0.2588119 -0.2763423 -0.9255546 0.9659192 -0.08018151 -0.2461118 0.7070637 -0.2190524 -0.6723667 0.7070589 -0.21905 -0.6723726 0.7070881 -0.2023015 -0.6775695 0.966891 -0.06911582 -0.2456518 0.7070889 -0.2023002 -0.6775691 0.9659246 -0.07404649 -0.2480057 0.24468 -0.2457853 -0.9379346 0.2587914 -0.2531883 -0.9321603 0.7070588 -0.1853579 -0.6824297 0.2588104 -0.2299789 -0.9381508 0.9659188 -0.06784657 -0.2497956 0.7070941 -0.1683588 -0.6867846 0.7070637 -0.1853526 -0.6824261 0.9659243 -0.06162595 -0.2513811 0.7070903 -0.1683655 -0.686787 0.9668847 -0.05679014 -0.2488149 0.2587891 -0.2065315 -0.9435957 0.2447802 -0.1989753 -0.9489423 0.2588097 -0.1830674 -0.9484218 0.7070608 -0.1512001 -0.6907992 0.707059 -0.151199 -0.6908013 0.9659188 -0.05534459 -0.2528594 0.7070925 -0.1340159 -0.6943054 0.7070932 -0.1340169 -0.6943044 0.9659246 -0.04905311 -0.2541329 0.9668787 -0.04432141 -0.2513587 0.2587876 -0.1593596 -0.9526981 0.7070608 -0.1166658 -0.6974626 0.2448764 -0.1516692 -0.9576179 0.2588067 -0.1356888 -0.9563513 0.9659185 -0.04270475 -0.2552991 0.7070596 -0.1166671 -0.6974636 0.7070919 -0.0993329 -0.7001101 0.9659246 -0.03635853 -0.2562573 0.7070924 -0.09933355 -0.7001094 0.966872 -0.03174075 -0.2532807 0.7070583 -0.08184869 -0.7024025 0.2587838 -0.1118008 -0.9594434 0.2449742 -0.1040001 -0.9639355 0.2588056 -0.08797813 -0.9619145 0.707058 -0.08184899 -0.7024028 0.9659181 -0.02996008 -0.2571082 0.7070929 -0.06440548 -0.7041815 0.707092 -0.06440415 -0.7041826 0.9659243 -0.02357357 -0.2577489 0.9668651 -0.01907707 -0.2545743 0.2587819 -0.06396308 -0.9638157 0.2450802 -0.05607663 -0.9678797 0.2588098 -0.04004838 -0.9650977 0.7070566 -0.04682709 -0.7056049 0.7070582 -0.04682828 -0.7056032 0.9659184 -0.01714099 -0.2582785 0.7070912 -0.029318 -0.7065145 0.7070917 -0.02931893 -0.7065139 0.9659249 -0.0107314 -0.2586001 0.9668584 -0.006365549 -0.2552337 0.2587854 -0.01597244 -0.9658028 0.2451808 -0.008014871 -0.9694443 0.2588119 0.007991314 -0.9658946 0.7070585 -0.01169333 -0.7070585 0.7070552 -0.01169076 -0.7070617 0.9659182 -0.004279276 -0.2588123 0.7070947 0.005850179 -0.7070947 0.9668506 0.006366286 -0.2552633 0.9659247 0.002140834 -0.2588141 0.7070939 0.005848887 -0.7070954 0.2587866 0.032065 -0.9654021 0.245298 0.04006228 -0.9686195 0.2588121 0.05599189 -0.9643034 0.707055 0.02347472 -0.7067688 0.9659181 0.008592115 -0.258705 0.7070569 0.02347315 -0.706767 0.9668435 0.01908318 -0.2546556 0.7070918 0.0409897 -0.7059327 0.965925 0.01500278 -0.258387 0.7070924 0.04098868 -0.7059321 0.258786 0.08001997 -0.9626145 0.2454096 0.088039 -0.9654136 0.2588091 0.1038619 -0.9603284 0.7070549 0.05858243 -0.7047279 0.9659176 0.02144403 -0.2579602 0.7070537 0.05858359 -0.7047291 0.9668357 0.03175788 -0.2534173 0.7070929 0.07603347 -0.703021 0.9659246 0.02782976 -0.2573231 0.7070935 0.07603241 -0.7030205 0.2587823 0.1277778 -0.9574468 0.2455232 0.135796 -0.9598322 0.2588095 0.1514803 -0.9539766 0.707055 0.09354574 -0.7009439 0.9659177 0.03424202 -0.2565745 0.7070536 0.09354705 -0.7009452 0.7070947 0.1108906 -0.6983698 0.9668276 0.04435494 -0.2515489 0.7070934 0.1108931 -0.6983708 0.965925 0.04058859 -0.2556198 0.2587819 0.1752167 -0.9499111 0.245642 0.1832137 -0.9518891 0.258809 0.1987191 -0.9452664 0.9659176 0.04695475 -0.2545552 0.7070528 0.1282774 -0.6954288 0.7070546 0.1282756 -0.6954272 0.7070919 0.1454752 -0.6919957 0.9659251 0.05324475 -0.2532857 0.7070956 0.1454682 -0.6919934 0.9668198 0.05684482 -0.2490544 0.2587806 0.2222239 -0.9400262 0.245762 0.2301801 -0.9416041 0.2588115 0.2454748 -0.9342155 0.7070561 0.1626892 -0.688189 0.7070503 0.1626949 -0.6881935 0.9659173 0.05955299 -0.251907 0.7070951 0.1797026 -0.6839031 0.965925 0.06577358 -0.2503252 0.707098 0.1796969 -0.6839015 0.9668108 0.06919812 -0.2459443 0.2587822 0.2686845 -0.9278148 0.2458959 0.2765753 -0.9290002 0.2588097 0.2916047 -0.9208606 0.7070496 0.1967046 -0.6792556 0.7070524 0.1967018 -0.6792536 0.9659175 0.07200091 -0.2486347 0.7070928 0.2134731 -0.6741283 0.9659254 0.07813553 -0.2467446 0.7070927 0.2134732 -0.6741284 0.9668025 0.08138076 -0.2422191 0.2587798 0.314478 -0.9133108 0.2460225 0.322288 -0.9141134 0.2588053 0.3370241 -0.9052263 0.7070524 0.230229 -0.6686341 0.7070489 0.2302327 -0.6686366 0.9659169 0.08427505 -0.2447497 0.7070968 0.2467213 -0.6626784 0.7070966 0.2467218 -0.6626784 0.965925 0.09030631 -0.2425568 0.9667932 0.09336689 -0.2378937 0.2587746 0.3594958 -0.8965482 0.2461571 0.3672023 -0.8969778 0.2588141 0.3816177 -0.8873461 0.7070512 0.2631866 -0.6563622 0.7070517 0.2631861 -0.6563619 0.9659172 0.09633737 -0.2402565 0.9667843 0.1051218 -0.2329753 0.7070968 0.279362 -0.6495931 0.7070937 0.2793684 -0.6495937 0.9659254 0.1022527 -0.2377654 0.2463009 0.411212 -0.8776335 0.2587825 0.4036225 -0.8775651 0.2588157 0.4252552 -0.8672788 0.9659169 0.1081625 -0.2351709 0.7070473 0.2954923 -0.6424705 0.7070448 0.295495 -0.642472 0.7070916 0.3113149 -0.6349052 0.9667742 0.116622 -0.2274794 0.9659255 0.1139505 -0.2323861 0.7070966 0.3113213 -0.6348964 0.2464386 0.4542071 -0.8561332 0.2587833 0.4467501 -0.8564144 0.2588108 0.4678447 -0.8450671 0.9659163 0.1197215 -0.2295049 0.7070491 0.327067 -0.6269838 0.7070488 0.3270673 -0.6269839 0.966765 0.1278334 -0.2214134 0.965925 0.1253589 -0.2264376 0.7070953 0.3424909 -0.6186407 0.7070967 0.342488 -0.6186407 0.2465788 0.496079 -0.832529 0.2587776 0.488774 -0.8331471 0.2588088 0.5092794 -0.8207633 0.9659166 0.1309828 -0.223268 0.7070467 0.3578345 -0.6099503 0.7070479 0.3578331 -0.6099497 0.9667554 0.1387302 -0.2147971 0.9659256 0.1364606 -0.2199233 0.707096 0.3728231 -0.6008479 0.7070969 0.3728212 -0.6008481 0.2467294 0.536728 -0.8068753 0.2587749 0.5295926 -0.8078164 0.2588134 0.5494552 -0.7944272 0.7070462 0.3877171 -0.5914059 0.9659161 0.141922 -0.2164813 0.7070462 0.3877172 -0.591406 0.7070963 0.4022341 -0.581569 0.9659253 0.1472269 -0.2128675 0.966745 0.1492882 -0.207647 0.7070962 0.4022346 -0.581569 0.2468842 0.5760511 -0.7792389 0.2587786 0.5690963 -0.780489 0.2588192 0.5882707 -0.7661268 0.7070452 0.4166383 -0.5714014 0.9659161 0.1525083 -0.2091585 0.7070441 0.4166397 -0.5714018 0.9659255 0.1576277 -0.2052839 0.7070958 0.4306507 -0.5608524 0.7070953 0.4306518 -0.5608522 0.9667346 0.1594774 -0.1999777 0.2470337 0.6139579 -0.7496865 0.2587835 0.6071913 -0.7512322 0.2588105 0.6256297 -0.7359378 0.7070438 0.44453 -0.5499837 0.9659165 0.1627169 -0.2013174 0.7070438 0.4445301 -0.5499837 0.965926 0.1676369 -0.1971924 0.7070974 0.4579977 -0.5387498 0.7070961 0.4580005 -0.5387491 0.9667245 0.1692723 -0.1918088 0.2471923 0.6503475 -0.7182925 0.2587743 0.6437928 -0.7201157 0.2588086 0.6614397 -0.7039286 0.7070441 0.4713251 -0.5272014 0.9659159 0.1725264 -0.1929797 0.7070444 0.4713247 -0.5272013 0.9659257 0.1772335 -0.1886158 0.7071002 0.4842106 -0.5153149 0.7070978 0.4842157 -0.5153132 0.9667133 0.178652 -0.1831631 0.247355 0.6851324 -0.6851343 0.2587715 0.6787977 -0.6872198 0.7070457 0.4969501 -0.5031173 0.9659155 0.1819077 -0.1841652 0.7070444 0.4969517 -0.5031176 0.2475159 0.7182325 -0.6502907 0.2701639 0.7057923 -0.6548806 0.9659072 0.189779 -0.1760888 0.9659066 0.1897799 -0.1760907 0.7069958 0.5184263 -0.4810313 0.7069941 0.5184282 -0.4810318 0.2476857 0.7495579 -0.6138524 0.2699956 0.7375948 -0.6189154 0.9659067 0.1983214 -0.1664118 0.9659072 0.1983205 -0.1664102 0.7069942 0.5417621 -0.4545912 0.7069957 0.5417604 -0.4545909 0.2478541 0.7790397 -0.5759039 0.269831 0.7675647 -0.5814083 0.9659067 0.2063702 -0.1563194 0.9659067 0.20637 -0.156319 0.7069955 0.5637467 -0.427021 0.7069971 0.563745 -0.4270207 0.2480274 0.8065993 -0.5365444 0.2696558 0.795632 -0.5424532 0.9659067 0.2139052 -0.1458379 0.9659066 0.2139055 -0.1458384 0.7069969 0.5843296 -0.3983896 0.7069969 0.5843297 -0.3983896 0.2482108 0.8321695 -0.4958682 0.269481 0.8217241 -0.502145 0.9659067 0.2209087 -0.1349946 0.9659068 0.2209086 -0.1349945 0.7069969 0.6034614 -0.3687679 0.7069963 0.6034622 -0.3687679 0.2693107 0.8457751 -0.4605824 0.2483968 0.8556924 -0.4539709 0.7069941 0.621096 -0.3382293 0.9659066 0.2273637 -0.1238159 0.9659067 0.2273631 -0.1238152 0.7069961 0.6210936 -0.3382293 0.2691301 0.8677258 -0.4178766 0.2485771 0.8771071 -0.4109654 0.7069945 0.6371819 -0.306852 0.965907 0.2332513 -0.1123275 0.7069942 0.6371821 -0.3068519 0.9659066 0.2332527 -0.112329 0.2689433 0.8875259 -0.3741221 0.2487695 0.8963597 -0.366951 0.7069944 0.6516861 -0.2747076 0.9659066 0.2385613 -0.1005622 0.7069944 0.651686 -0.2747077 0.965907 0.2385603 -0.1005612 0.268758 0.9051188 -0.3294373 0.248959 0.9134061 -0.3220385 0.9659069 0.2432766 -0.08854512 0.7069952 0.6645676 -0.2418836 0.7069944 0.6645685 -0.2418834 0.9659067 0.2432774 -0.08854583 0.2491531 0.9282026 -0.2763378 0.2685648 0.9204665 -0.2839267 0.7069954 0.6757984 -0.2084566 0.7069951 0.6757986 -0.2084565 0.9659071 0.2473874 -0.07630888 0.965907 0.2473877 -0.07630917 0.2683698 0.9335279 -0.237704 0.2493521 0.9407134 -0.2299606 0.7069952 0.6853493 -0.1745112 0.7069935 0.6853511 -0.1745108 0.965907 0.2508836 -0.06388276 0.9659069 0.2508838 -0.06388294 0.2681703 0.9442701 -0.190889 0.2495541 0.950907 -0.1830265 0.7069935 0.6931978 -0.1401324 0.7069955 0.6931956 -0.1401331 0.965907 0.2537563 -0.05129772 0.9659068 0.2537566 -0.05129794 0.2497583 0.9587606 -0.1356424 0.2679703 0.9526665 -0.1435914 0.7069955 0.6993188 -0.1054059 0.7069947 0.6993199 -0.1054055 0.9659069 0.2559982 -0.03858571 0.9659069 0.2559983 -0.03858582 0.2499673 0.9642532 -0.08793329 0.2677632 0.9586969 -0.09593254 0.7069946 0.7037047 -0.07041603 0.9659069 0.2576035 -0.02577703 0.7069955 0.7037036 -0.0704165 0.9659068 0.2576035 -0.02577704 0.2501825 0.9673717 -0.04001065 0.2675564 0.9623445 -0.04802744 0.9659069 0.2585678 -0.01290445 0.7069955 0.7063389 -0.03525202 0.9659069 0.2585682 -0.01290464 0.7069937 0.7063407 -0.03525113 0.250398 0.9681099 0.008003832 0.2673466 0.9636004 0 0.965907 0.2588896 0 0.9659069 0.2588896 0 0.7069938 0.7072198 0 0.7069938 0.7072198 0 0.2506148 0.9664663 0.05599295 0.267131 0.9624624 0.04803332 0.9659069 0.2585682 0.01290447 0.9659069 0.2585678 0.01290462 0.7069937 0.7063407 0.0352521 0.7069955 0.7063389 0.03525103 0.2508385 0.9624435 0.1038392 0.2669109 0.9589322 0.09595609 0.9659069 0.2576035 0.02577704 0.9659069 0.2576035 0.02577703 0.7069957 0.7037036 0.07041593 0.7069945 0.7037047 0.07041661 0.2510621 0.9560534 0.151425 0.2666899 0.9530177 0.1436443 0.9659069 0.2559981 0.03858578 0.9659069 0.2559983 0.03858574 0.7069946 0.6993198 0.105406 0.7069956 0.6993189 0.1054054 0.2512941 0.9473107 0.1986295 0.2664622 0.9447345 0.1909829 0.965907 0.2537563 0.05129787 0.9659069 0.2537567 0.0512978 0.7069954 0.6931958 0.140132 0.7069935 0.6931975 0.1401335 0.2515215 0.9362392 0.2453428 0.2662359 0.9341016 0.23785 0.965907 0.2508835 0.06388287 0.965907 0.2508838 0.06388283 0.7069935 0.6853509 0.1745116 0.7069951 0.6853495 0.1745104 0.2517583 0.9228641 0.2914439 0.2659987 0.9211466 0.2841365 0.9659069 0.2473881 0.07630912 0.965907 0.2473873 0.07630917 0.7069951 0.6757985 0.2084571 0.7069961 0.6757977 0.2084562 0.2519971 0.9072195 0.3368235 0.2657641 0.9058993 0.3297208 0.9659068 0.243277 0.08854547 0.9659068 0.2432769 0.08854547 0.7069961 0.6645671 0.2418824 0.7069952 0.6645678 0.2418832 0.2522431 0.8893447 0.3813653 0.2655239 0.8883991 0.3744917 0.965907 0.2385602 0.1005615 0.9659069 0.2385611 0.1005616 0.7069952 0.6516852 0.2747073 0.7069934 0.6516865 0.2747089 0.2524889 0.8692827 0.4249669 0.2652855 0.868687 0.4183377 0.9659066 0.2332524 0.1123283 0.9659071 0.2332509 0.1123282 0.7069934 0.6371829 0.3068523 0.7069952 0.6371816 0.3068506 0.2527352 0.8470857 0.4675155 0.2650382 0.8468148 0.4611501 0.7069953 0.6210945 0.3382297 0.9659067 0.227363 0.1238153 0.9659066 0.2273633 0.1238153 0.7069956 0.6210943 0.3382294 0.2647858 0.8228347 0.5028237 0.2529857 0.8228068 0.5089079 0.9659068 0.2209088 0.1349945 0.7069957 0.6034627 0.3687682 0.965907 0.2209079 0.1349943 0.7069956 0.6034627 0.3687683 0.2645309 0.7968053 0.5432538 0.2532466 0.796506 0.5490394 0.965907 0.2139045 0.1458378 0.7069955 0.5843307 0.3983903 0.9659067 0.2063698 0.1563192 0.9659067 0.2139054 0.145838 0.7069949 0.5843312 0.398391 0.2642792 0.7687915 0.5823369 0.2535065 0.7682481 0.5878173 0.7069948 0.5637473 0.4270214 0.9659069 0.2063694 0.1563186 0.7069941 0.5637476 0.4270222 0.2640194 0.7388636 0.6199793 0.2537662 0.7381045 0.6251434 0.9659069 0.1983208 0.166411 0.7069941 0.5417616 0.4545919 0.9659069 0.198321 0.1664111 0.7069949 0.5417612 0.454591 0.2637531 0.7070941 0.6560885 0.2540347 0.7061488 0.6609238 0.7069949 0.5184278 0.4810309 0.7069941 0.5184282 0.4810318 0.9659068 0.1897797 0.1760897 0.9659069 0.1897794 0.1760896 0.2634885 0.6735632 0.6905696 0.2543028 0.6724599 0.695074 0.706994 0.4938066 0.5062751 0.9659068 0.1807665 0.1853308 0.9659068 0.1807664 0.1853307 0.706995 0.4938063 0.5062741 0.2545772 0.6371211 0.7275074 0.263217 0.6383523 0.7233416 0.9659068 0.1713037 0.1941108 0.7069949 0.4679566 0.5302593 0.9659069 0.1713038 0.1941108 0.7069945 0.4679567 0.5302597 0.2548508 0.6002198 0.7581472 0.2629446 0.6015504 0.754319 1 0 0 1 0 0 1 0 0 1 0 0 1 0 0 1 0 0 1 0 0 1 0 0 1 0 0 1 0 0 1 0 0 1 0 0 1 0 0 1 0 0 1 0 0 1 0 0 1 0 0 1 0 0 1 0 0 1 0 0 1 0 0 1 0 0 1 0 0 1 0 0 1 0 0 1 0 0 1 0 0 1 0 0 1 0 0 1 0 0 1 0 0 1 0 0 1 0 0 1 0 0 1 0 0 1 0 0 1 0 0 1 0 0 1 0 0 1 0 0 1 0 0 1 0 0 1 0 0 1 0 0 1 0 0 1 0 0 1 0 0 1 0 0 1 0 0 1 0 0 1 0 0 1 0 0 1 0 0 1 0 0 1 0 0 1 0 0 1 0 0 1 0 0 1 0 0 1 0 0 1 0 0 1 0 0 1 0 0 1 0 0 1 0 0 1 0 0 1 0 0 1 0 0 1 0 0 1 0 0 1 0 0 1 0 0 1 0 0 1 0 0 1 0 0 1 0 0 1 0 0 1 0 0 1 0 0 1 0 0 1 0 0 1 0 0 1 0 0 1 0 0 1 0 0 1 0 0 1 0 0 1 0 0 1 0 0 1 0 0 1 0 0 1 0 0 1 0 0 1 0 0 1 0 0 1 0 0 1 0 0 1 0 0 1 0 0 1 0 0 1 0 0 1 0 0 1 0 0 1 0 0 1 0 0 1 0 0 1 0 0 1 0 0 1 0 0 1 0 0 1 0 0 1 0 0 1 0 0 1 0 0 1 0 0 1 0 0 1 0 0 1 0 0 1 0 0 1 0 0 1 0 0 1 0 0 1 0 0 1 0 0 1 0 0 1 0 0 1 0 0 1 0 0 1 0 0 1 0 0 1 0 0 1 0 0 1 0 0 1 0 0 1 0 0 1 0 0 1 0 0 1 0 0 1 0 0 1 0 0 1 0 0 1 0 0 1 0 0 1 0 0 1 0 0 1 0 0 1 0 0 1 0 0 1 0 0 1 0 0 1 0 0 1 0 0 1 0 0 1 0 0 1 0 0 1 0 0 1 0 0 1 0 0 1 0 0 1 0 0 1 0 0 1 0 0 1 0 0 1 0 0 1 0 0 1 0 0 1 0 0 1 0 0 1 0 0 1 0 0 1 0 0 1 0 0 1 0 0 1 0 0 1 0 0 1 0 0 1 0 0 1 0 0 1 0 0 1 0 0 1 0 0 1 0 0 1 0 0 1 0 0 1 0 0 1 0 0 1 0 0 1 0 0 1 0 0 1 0 0 1 0 0 1 0 0 1 0 0 1 0 0 1 0 0 1 0 0 1 0 0 1 0 0 1 0 0 1 0 0 1 0 0 1 0 0 1 0 0 1 0 0 1 0 0 1 0 0 1 0 0 1 0 0 1 0 0 1 0 0 1 0 0 1 0 0 1 0 0 1 0 0 1 0 0 1 0 0 1 0 0 1 0 0 1 0 0 1 0 0 1 0 0 1 0 0 1 0 0 1 0 0 1 0 0 1 0 0 1 0 0 1 0 0 1 0 0 1 0 0 1 0 0 1 0 0 1 0 0 1 0 0 1 0 0 1 0 0 1 0 0 1 0 0 1 0 0 1 0 0 1 0 0 1 0 0 1 0 0 1 0 0 1 0 0 1 0 0 1 0 0 1 0 0 0 0.9781477 -0.2079115 0 0.9781477 -0.2079115 0 0.8090167 -0.5877855 0 0.8090167 -0.5877855 0 0.4999992 -0.8660259 0 0.4999992 -0.8660259 0 0.1045303 -0.9945217 0 0.1045303 -0.9945217 0 -0.3090174 -0.9510564 0 -0.3090174 -0.9510564 0 -0.6691308 -0.7431446 0 -0.6691308 -0.7431446 0 -0.9135457 -0.4067362 0 -0.9135457 -0.4067362 0 -1 0 0 -1 0 0 -0.9135457 0.4067362 0 -0.9135457 0.4067362 0 -0.6691308 0.7431446 0 -0.6691308 0.7431446 0 -0.3090174 0.9510564 0 -0.3090174 0.9510564 -0 0.1045303 0.9945217 0 0.1045303 0.9945217 -0 0.4999992 0.8660259 0 0.4999992 0.8660259 -0 0.9781477 0.2079115 -0 0.8090167 0.5877855 0 0.8090167 0.5877855 -0 0.9781477 0.2079115 -1 0 0 -1 0 0 -1 0 0 -1 0 0 -1 0 0 -1 0 0 -1 0 0 -1 0 0 -1 0 0 -1 0 0 -1 0 0 -1 0 0 -1 0 -0 -0.7069134 -0.7069134 -0.02338565 -0.7069895 -0.7069895 -0.01820985 -0.7069134 -0.7069134 0.02338565 -0.7069895 -0.7069895 0.01820985 -0.7091271 -0.7016137 -0.06983536 -0.7066669 -0.7066669 -0.03526851 -0.7024996 -0.7107995 -0.03547476 -0.7067698 -0.6977949 -0.1164414 -0.7070523 -0.688299 -0.162239 -0.7025663 -0.7036701 -0.1060612 -0.7073852 -0.7009776 -0.09075624 -0.706667 -0.6996437 -0.1054543 -0.7125306 -0.7007688 -0.03497401 -0.7066669 -0.7066668 -0.03526836 -0.7066407 -0.7054622 -0.0546068 -0.7091225 -0.6740867 -0.2067664 -0.7024367 -0.689737 -0.1756285 -0.7063388 -0.6964051 -0.126907 -0.7078274 -0.6874995 -0.1622493 -0.7124807 -0.6938544 -0.1045817 -0.7066669 -0.6996436 -0.1054543 -0.7066217 -0.6612897 -0.2517571 -0.7071868 -0.6426919 -0.2946761 -0.7026371 -0.6686368 -0.2433639 -0.7123809 -0.6800917 -0.1731726 -0.7060835 -0.6799096 -0.1979115 -0.7083151 -0.6667116 -0.2319164 -0.7066669 -0.6856671 -0.1745922 -0.7066669 -0.6648762 -0.2419951 -0.7066669 -0.6856671 -0.1745922 -0.7091141 -0.6201112 -0.3355881 -0.7023787 -0.6413128 -0.3088398 -0.705876 -0.6561481 -0.2668498 -0.7088493 -0.638846 -0.2990124 -0.7066669 -0.6648761 -0.2419951 -0.7122314 -0.6596123 -0.2400792 -0.7064687 -0.5988199 -0.3772491 -0.7073162 -0.571892 -0.4155037 -0.7027125 -0.6070939 -0.370988 -0.7057158 -0.6253737 -0.3329759 -0.7094292 -0.604215 -0.3628145 -0.7066666 -0.6374776 -0.3069928 -0.7120317 -0.6326128 -0.3046506 -0.7066668 -0.6374772 -0.3069931 -0.7091002 -0.5418049 -0.4512476 -0.7023238 -0.5674447 -0.4298229 -0.7056027 -0.5879161 -0.3955747 -0.710054 -0.5632043 -0.4226397 -0.7066671 -0.6037424 -0.3689399 -0.7066666 -0.6037433 -0.3689394 -0.7117815 -0.5993525 -0.3662563 -0.7066671 -0.5640079 -0.4272196 -0.7063116 -0.5128214 -0.487994 -0.7074418 -0.4786837 -0.5199885 -0.7027913 -0.5214904 -0.4838722 -0.7114815 -0.5601489 -0.4242965 -0.7055374 -0.544176 -0.4539707 -0.7107234 -0.5162675 -0.4778493 -0.7066671 -0.5640079 -0.4272196 -0.7090825 -0.4422377 -0.5492064 -0.702274 -0.4710587 -0.5337742 -0.7055193 -0.4946262 -0.5075307 -0.7066674 -0.5186679 -0.4812533 -0.7111304 -0.5153799 -0.4782019 -0.7066672 -0.5186684 -0.4812531 -0.7061499 -0.40666 -0.5796379 -0.7075626 -0.3667323 -0.6040386 -0.7028745 -0.4152246 -0.5775429 -0.710551 -0.4645124 -0.5285314 -0.7055488 -0.439803 -0.5556745 -0.7066674 -0.4681732 -0.5305046 -0.7112227 -0.465143 -0.5270714 -0.7066675 -0.4681729 -0.5305046 -0.7090607 -0.3253121 -0.6256237 -0.7022278 -0.3559773 -0.6165681 -0.7098938 -0.4080917 -0.5740314 -0.705627 -0.3802941 -0.5978854 -0.7066673 -0.413025 -0.5744838 -0.7066672 -0.4130252 -0.5744838 -0.7115611 -0.4101519 -0.5704877 -0.7059834 -0.284492 -0.6485767 -0.7076789 -0.240429 -0.6643677 -0.7029625 -0.2925178 -0.648288 -0.7092801 -0.3472106 -0.6134872 -0.7057514 -0.3167467 -0.6337084 -0.7066668 -0.2910041 -0.6449332 -0.7066666 -0.3537744 -0.6127527 -0.7118492 -0.3511665 -0.6082374 -0.7066672 -0.3537734 -0.6127527 -0.7021865 -0.2267603 -0.6749178 -0.7090339 -0.1956167 -0.6774991 -0.7087116 -0.28252 -0.6464599 -0.7059234 -0.2498493 -0.6627574 -0.7120861 -0.2887615 -0.639961 -0.7066672 -0.2910047 -0.6449324 -0.7058125 -0.1511025 -0.6920961 -0.7077908 -0.1047376 -0.6986145 -0.703054 -0.1582435 -0.6933066 -0.7081891 -0.2147129 -0.672582 -0.7061431 -0.1803237 -0.6847228 -0.7066671 -0.225344 -0.6707023 -0.7122732 -0.2235464 -0.6653525 -0.7066672 -0.2253439 -0.6707023 -0.7090026 -0.05823449 -0.7027974 -0.7021486 -0.08853602 -0.7065045 -0.7077115 -0.1445158 -0.6915632 -0.706409 -0.1089261 -0.6993722 -0.7066671 -0.1574446 -0.6898064 -0.7124103 -0.1561576 -0.6841684 -0.7066672 -0.1574444 -0.6898063 -0.7056364 -0.01171622 -0.7084772 -0.7078979 0.03502418 -0.7054459 -0.7031494 -0.01772729 -0.7108212 -0.7124978 -0.08724844 -0.6962287 -0.7072811 -0.07268526 -0.7031859 -0.7067227 -0.036421 -0.7065526 -0.7066671 -0.08797858 -0.7020552 -0.7066672 -0.08797844 -0.7020551 -0.7089673 0.08144189 -0.7005231 -0.7021163 0.05321268 -0.7100711 -0.7068974 0 -0.7073162 -0.7070835 0.03640243 -0.7061924 -0.7066666 -0.01764014 -0.7073266 -0.7125348 -0.01749206 -0.7014188 -0.7066671 -0.01763938 -0.7073262 -0.705456 0.1282009 -0.6970628 -0.7080001 0.1733636 -0.6846028 -0.7032488 0.123455 -0.7001428 -0.7066669 0.05287521 -0.7055678 -0.7065607 0.07275928 -0.7039021 -0.7074913 0.1087596 -0.6983032 -0.7125222 0.05243417 -0.6996876 -0.7066667 0.05287485 -0.7055682 -0.7020859 0.192862 -0.6854777 -0.7089272 0.2179441 -0.6707628 -0.70627 0.1448106 -0.6929738 -0.7079444 0.1798651 -0.6829813 -0.7124599 0.121851 -0.6910521 -0.7066669 0.122864 -0.6967971 -0.7066675 0.122865 -0.6967964 -0.705272 0.2631576 -0.6582854 -0.7080993 0.3048673 -0.6369076 -0.703353 0.2596996 -0.6617028 -0.7066675 0.1916331 -0.6811004 -0.7060276 0.2153702 -0.6746411 -0.7084447 0.2489597 -0.6603976 -0.7066661 0.2584963 -0.658637 -0.7123486 0.1900839 -0.6755942 -0.706666 0.1916311 -0.6811026 -0.708883 0.3459077 -0.6146811 -0.7020617 0.3248751 -0.6336919 -0.7058314 0.2836739 -0.6491002 -0.7089898 0.3152978 -0.6308096 -0.7066666 0.2584952 -0.6586369 -0.7121864 0.2564653 -0.6534647 -0.7034613 0.3856063 -0.5970344 -0.7050816 0.3878559 -0.5936561 -0.7081925 0.424375 -0.5642421 -0.7119743 0.3203538 -0.6248729 -0.7066666 0.3227904 -0.6296256 -0.7066667 0.3227904 -0.6296257 -0.7056834 0.3489841 -0.6166208 -0.7095813 0.3781689 -0.5945442 -0.7088344 0.4603173 -0.5344734 -0.7020408 0.4440091 -0.5567715 -0.706667 0.3838771 -0.594357 -0.7117116 0.3811235 -0.5900944 -0.7055822 0.4105943 -0.5775518 -0.7102173 0.4368993 -0.5520058 -0.7066666 0.3838768 -0.5943574 -0.7048874 0.4974004 -0.5056942 -0.7082819 0.5272041 -0.4694599 -0.7035739 0.4961826 -0.5087107 -0.7066666 0.4411473 -0.5531829 -0.7055281 0.4678372 -0.5323144 -0.7108974 0.4908608 -0.5036671 -0.7066669 0.4411475 -0.5531823 -0.7113979 0.4381817 -0.5494633 -0.7087805 0.5566826 -0.4332836 -0.7020239 0.5455417 -0.4577626 -0.7055222 0.5200957 -0.4813926 -0.7066666 0.4940349 -0.5065094 -0.7066669 0.494035 -0.5065089 -0.7110347 0.4909698 -0.5033669 -0.7036897 0.5870485 -0.4002436 -0.7046883 0.5874861 -0.3978373 -0.7083665 0.6093252 -0.356286 -0.7113121 0.5384347 -0.4517999 -0.7066673 0.5846016 -0.3985754 -0.7066669 0.5420123 -0.4548017 -0.7103829 0.5404463 -0.4508593 -0.7055641 0.5668027 -0.42534 -0.7066672 0.5420123 -0.4548011 -0.7087227 0.6312198 -0.3150773 -0.7020113 0.6254393 -0.3405962 -0.7066671 0.5846019 -0.3985752 -0.7097351 0.5844822 -0.3932642 -0.7056528 0.6074565 -0.364761 -0.7066671 0.6213823 -0.3383869 -0.7116378 0.580471 -0.3957588 -0.7044843 0.6545671 -0.2743061 -0.7084464 0.6675243 -0.2291614 -0.7038099 0.654606 -0.2759395 -0.7066669 0.6213826 -0.3383867 -0.7091333 0.6223545 -0.3313684 -0.7057897 0.6416188 -0.3003102 -0.7119128 0.616747 -0.3358623 -0.7020026 0.6805345 -0.2099169 -0.7086601 0.6810032 -0.184487 -0.7066669 0.6519873 -0.2748355 -0.7085766 0.6536456 -0.265832 -0.7059739 0.6689232 -0.2326857 -0.7121377 0.6469131 -0.2726966 -0.7066668 0.6519872 -0.2748356 -0.7039343 0.6961824 -0.1407364 -0.704276 0.6959976 -0.1399386 -0.7085222 0.6995237 -0.09307448 -0.7123123 0.6706808 -0.2068776 -0.7066668 0.6761121 -0.2085529 -0.7066669 0.6761121 -0.2085528 -0.7080652 0.678007 -0.1973577 -0.7062051 0.689078 -0.1626219 -0.7085937 0.704074 -0.04663439 -0.7019986 0.7086393 -0.07091009 -0.7076002 0.6951647 -0.1266809 -0.7064837 0.7018711 -0.09087194 -0.7124375 0.687822 -0.1390461 -0.7066667 0.6935176 -0.1401977 -0.7066668 0.7040306 -0.07044891 -0.7066669 0.6935175 -0.1401975 -0.704063 0.7101375 0 -0.704063 0.7101375 0 -0.7085937 0.704074 0.04663439 -0.7125121 0.6981731 -0.06986267 -0.7071815 0.7049233 -0.05456509 -0.7068092 0.7071696 -0.01821449 -0.7066667 0.7040306 -0.07044881 -0.7019987 0.7086394 0.0709101 -0.7085222 0.6995237 0.09307448 -0.704276 0.6959976 0.1399386 -0.7066666 0.7075466 0 -0.7066667 0.7075466 0 -0.7125371 0.7016345 0 -0.7068092 0.7071696 0.01821449 -0.7071815 0.7049233 0.05456509 -0.7039343 0.6961824 0.1407364 -0.7086601 0.6810032 0.184487 -0.7125121 0.6981731 0.06986267 -0.7066668 0.7040306 0.07044891 -0.7064837 0.7018711 0.09087194 -0.7076002 0.6951647 0.1266809 -0.7066666 0.7040306 0.07044881 -0.7084464 0.6675243 0.2291614 -0.7044843 0.6545671 0.2743061 -0.7020026 0.6805345 0.2099169 -0.7066669 0.6761121 0.2085528 -0.7066668 0.6935177 0.1401975 -0.7066669 0.6935176 0.1401977 -0.7062051 0.689078 0.1626219 -0.7080652 0.678007 0.1973577 -0.7124375 0.687822 0.1390461 -0.7038099 0.654606 0.2759395 -0.7087227 0.6312198 0.3150773 -0.7066668 0.6761121 0.2085529 -0.7123123 0.6706809 0.2068776 -0.7059739 0.6689232 0.2326857 -0.7085766 0.6536456 0.265832 -0.708366 0.6093261 0.3562856 -0.7046876 0.5874866 0.3978376 -0.7020112 0.6254392 0.3405967 -0.7066668 0.6519873 0.2748356 -0.7066669 0.6519872 0.2748356 -0.7057897 0.6416188 0.3003102 -0.7091333 0.6223545 0.3313684 -0.7121376 0.6469131 0.2726966 -0.7087801 0.5566829 0.4332839 -0.7036893 0.5870491 0.4002433 -0.7066669 0.6213825 0.3383871 -0.7119129 0.6167466 0.3358625 -0.7056531 0.6074563 0.3647609 -0.7066671 0.6213821 0.3383873 -0.7097354 0.5844814 0.3932647 -0.7020234 0.5455417 0.4577633 -0.7082815 0.5272037 0.4694609 -0.704887 0.4974007 0.5056944 -0.7066671 0.5846022 0.3985748 -0.7055638 0.5668032 0.4253397 -0.7103826 0.5404463 0.4508593 -0.7116376 0.5804714 0.3957585 -0.7066672 0.5846019 0.3985749 -0.7035735 0.4961829 0.508711 -0.708834 0.460318 0.5344734 -0.7066669 0.5420122 0.4548018 -0.7113121 0.5384343 0.4518002 -0.7055223 0.5200953 0.4813929 -0.7066672 0.5420116 0.4548019 -0.7020404 0.4440102 0.5567711 -0.7081925 0.424375 0.5642421 -0.7050816 0.3878554 0.5936565 -0.7066668 0.494035 0.5065089 -0.7066669 0.4940349 0.506509 -0.7066668 0.441148 0.553182 -0.7110347 0.4909701 0.5033668 -0.7108977 0.4908614 0.503666 -0.7055284 0.4678374 0.5323138 -0.7034611 0.3856057 0.5970349 -0.7088826 0.3459085 0.6146809 -0.7066667 0.441148 0.5531823 -0.710217 0.4368986 0.5520068 -0.7055818 0.410594 0.5775524 -0.7113983 0.4381817 0.5494628 -0.7020612 0.3248753 0.6336924 -0.7080988 0.3048675 0.6369081 -0.7052713 0.2631558 0.6582868 -0.7066669 0.3227904 0.6296254 -0.7066669 0.3838764 0.5943574 -0.7066667 0.3838768 0.5943574 -0.7095808 0.3781691 0.5945445 -0.7056829 0.3489843 0.6166211 -0.7117112 0.3811238 0.5900948 -0.7033531 0.2596991 0.6617029 -0.7089272 0.2179441 0.6707628 -0.7066669 0.3227903 0.6296255 -0.7066669 0.2584956 0.6586365 -0.7089899 0.315299 0.6308089 -0.7058313 0.2836733 0.6491006 -0.7119738 0.320354 0.6248733 -0.7020863 0.1928632 0.6854769 -0.7080004 0.173365 0.6846021 -0.7054561 0.1281994 0.6970629 -0.7066671 0.2584958 0.6586362 -0.7084443 0.2489606 0.6603978 -0.7060271 0.2153697 0.6746418 -0.712186 0.2564662 0.6534648 -0.7032492 0.123454 0.7001426 -0.7089671 0.08144496 0.7005228 -0.7123482 0.1900828 0.6755949 -0.706667 0.1916321 0.6811012 -0.7079449 0.1798664 0.6829803 -0.7062705 0.1448105 0.6929733 -0.7066671 0.191632 0.6811012 -0.7021155 0.05321275 0.710072 -0.7078978 0.03502186 0.7054461 -0.7056364 -0.01171544 0.7084771 -0.706667 0.122864 0.6967971 -0.7066669 0.05287521 0.7055678 -0.7124605 0.1218509 0.6910517 -0.7066669 0.1228641 0.6967972 -0.7074913 0.1087581 0.6983035 -0.7065607 0.07276157 0.7039018 -0.7031493 -0.01772682 0.7108212 -0.7090027 -0.05823601 0.7027971 -0.7125229 0.05243455 0.6996869 -0.707084 0.03640241 0.706192 -0.7068979 0 0.7073156 -0.706667 0.05287526 0.7055678 -0.702149 -0.08853643 0.706504 -0.7077906 -0.1047362 0.698615 -0.7058122 -0.1511018 0.6920964 -0.7066669 -0.01763981 0.7073264 -0.7066669 -0.01763967 0.7073265 -0.7125354 -0.01749247 0.701418 -0.7067235 -0.03642096 0.7065517 -0.7072818 -0.07268748 0.7031848 -0.709034 -0.1956174 0.6774988 -0.7030538 -0.1582427 0.6933069 -0.7066669 -0.08797903 0.7020553 -0.7066668 -0.08797893 0.7020554 -0.7066669 -0.1574438 0.6898068 -0.7124979 -0.08724885 0.6962286 -0.7064097 -0.1089244 0.6993717 -0.7077123 -0.1445157 0.6915625 -0.7076789 -0.2404283 0.664368 -0.7059833 -0.2844927 0.6485764 -0.7021867 -0.2267602 0.6749175 -0.7066669 -0.1574437 0.6898068 -0.7124107 -0.1561567 0.6841681 -0.7061428 -0.1803252 0.6847226 -0.7081888 -0.2147122 0.6725824 -0.7090607 -0.3253134 0.6256231 -0.7029623 -0.2925186 0.6482876 -0.7066669 -0.2253444 0.6707025 -0.7066668 -0.2253441 0.6707028 -0.7122734 -0.2235467 0.6653521 -0.7059235 -0.24985 0.6627571 -0.7087115 -0.2825193 0.6464602 -0.7075626 -0.36673 0.6040399 -0.7061499 -0.4066605 0.5796375 -0.7022284 -0.355976 0.6165683 -0.7120862 -0.2887611 0.6399611 -0.7066669 -0.2910048 0.6449326 -0.7066668 -0.2910045 0.644933 -0.7057511 -0.3167481 0.6337081 -0.7092797 -0.3472108 0.6134876 -0.7028746 -0.4152249 0.5775427 -0.7090827 -0.4422382 0.5492059 -0.709893 -0.4080916 0.5740324 -0.7066669 -0.3537732 0.612753 -0.706667 -0.4130257 0.5744838 -0.7066669 -0.3537732 0.6127531 -0.7118486 -0.3511665 0.6082382 -0.7056262 -0.3802945 0.597886 -0.7022743 -0.4710586 0.5337741 -0.707442 -0.4786836 0.5199884 -0.7063118 -0.5128213 0.4879938 -0.7055491 -0.4398019 0.5556751 -0.7105515 -0.4645125 0.5285307 -0.711561 -0.4101526 0.5704873 -0.7066669 -0.4130258 0.5744838 -0.7027916 -0.5214899 0.4838722 -0.7091005 -0.5418047 0.4512474 -0.7055195 -0.4946269 0.5075298 -0.7066669 -0.4681736 0.5305049 -0.7112231 -0.4651431 0.5270709 -0.7066669 -0.4681735 0.5305048 -0.7023241 -0.5674449 0.4298223 -0.7073165 -0.5718923 0.4155028 -0.706469 -0.5988187 0.3772503 -0.7107233 -0.5162673 0.4778498 -0.7055372 -0.5441761 0.4539708 -0.7111304 -0.5153795 0.4782024 -0.7066669 -0.5186682 0.481254 -0.7066668 -0.5640085 0.4272194 -0.7066669 -0.5186682 0.4812538 -0.7027122 -0.6070942 0.3709881 -0.709114 -0.6201116 0.3355875 -0.7100536 -0.5632049 0.4226395 -0.7056025 -0.5879158 0.3955756 -0.7114813 -0.560149 0.4242965 -0.7066672 -0.564008 0.4272196 -0.7023787 -0.6413128 0.3088398 -0.7071868 -0.6426919 0.2946761 -0.7066217 -0.6612897 0.2517571 -0.709429 -0.6042152 0.3628147 -0.7057155 -0.6253738 0.332976 -0.7117814 -0.5993524 0.3662567 -0.7066668 -0.6037426 0.36894 -0.7066672 -0.6037427 0.3689396 -0.7026371 -0.6686368 0.2433639 -0.7091225 -0.6740867 0.2067664 -0.7088493 -0.638846 0.2990124 -0.705876 -0.6561481 0.2668498 -0.7120315 -0.6326131 0.3046503 -0.7066669 -0.6374774 0.3069927 -0.7066668 -0.6374773 0.3069928 -0.7024367 -0.689737 0.1756285 -0.7070523 -0.688299 0.162239 -0.7067698 -0.6977949 0.1164414 -0.7083151 -0.6667116 0.2319164 -0.7060835 -0.6799096 0.1979115 -0.7122314 -0.6596122 0.2400792 -0.7066669 -0.6648762 0.2419951 -0.7066669 -0.6856671 0.1745922 -0.7066668 -0.6648762 0.2419951 -0.7025663 -0.7036701 0.1060612 -0.7024996 -0.7107995 0.03547476 -0.7091271 -0.7016137 0.06983536 -0.7078274 -0.6874995 0.1622493 -0.7063388 -0.6964051 0.126907 -0.7123809 -0.6800917 0.1731726 -0.7066669 -0.6856671 0.1745922 -0.7066669 -0.7066668 0.0352685 -0.7066669 -0.6996436 0.1054543 -0.7073852 -0.7009776 0.09075624 -0.7066407 -0.7054622 0.0546068 -0.7125306 -0.7007688 0.03497401 -0.7124807 -0.6938544 0.1045817 -0.706667 -0.6996437 0.1054543 -0.7066669 -0.7066669 0.03526837 -1 0 0 -1 0 0 -1 0 0 -1 0 0 -1 0 0 -1 0 0 -1 0 0 -1 0 0 -1 0 0 -1 0 0 -1 0 0 -1 0 0 -1 0 0 -1 0 -0 -1 0 0 -1 0 0 -1 0 0 -1 0 0 -1 0 0 -1 0 0 -1 0 0 -1 0 0 -1 0 0 -1 0 0 -1 0 0 -1 0 0 -1 0 0 -1 0 -0 -1 0 0 -1 0 -0 -1 0 -0 -1 0 -0 -1 0 -0 -1 0 -0 -1 0 -0 -1 0 0 -1 0 0 -1 0 0 -1 0 0 -1 0 0 -1 0 0 -1 0 0 -1 0 0 -1 0 0 -1 0 -0 -1 0 -0 -1 0 -0 -1 0 -0 -1 0 -0 -1 0 0 -1 0 0 -1 0 0 -1 0 0 -1 0 0 -1 0 0 -1 0 0 -1 0 0 -1 0 0 -1 0 0 -1 0 -0 -1 0 0 -1 0 0 -1 0 0 -1 0 0 -1 0 0 -1 0 0 -1 0 0 -1 0 0 -1 0 0 -1 0 0 -1 0 0 -1 0 0 -1 0 0 -1 0 -0 -1 0 0 -1 0 0 -1 0 0 -1 0 0 -1 0 0 -1 0 0 -1 0 0 -1 0 0 -1 0 0 -1 0 -0 -1 0 0 -1 0 0 -1 0 -0 -1 0 0 -1 0 -0 -1 0 0 -1 0 0 -1 0 -0 -1 0 0 -1 0 -0 -1 0 0 -1 0 -0 -1 0 0 -1 0 -0 -1 0 0 -1 0 -0 -1 0 0 -1 0 0 -1 0 -0 -1 0 0 -1 0 0 -1 0 -0 -1 0 0 -1 0 -0 -1 0 0 -1 0 -0 0.7069134 -0.7069134 0.02338565 0.7069895 -0.7069895 0.01820985 0.7069134 -0.7069134 -0.02338565 0.7069895 -0.7069895 -0.01820985 0.7091271 -0.7016137 0.06983536 0.7066669 -0.7066669 0.03526851 0.7024996 -0.7107995 0.03547476 0.7067698 -0.6977949 0.1164414 0.7070523 -0.688299 0.162239 0.7025663 -0.7036701 0.1060612 0.7073852 -0.7009776 0.09075624 0.706667 -0.6996437 0.1054543 0.7125306 -0.7007688 0.03497401 0.7066669 -0.7066668 0.03526836 0.7066407 -0.7054622 0.0546068 0.7091225 -0.6740867 0.2067664 0.7024367 -0.689737 0.1756285 0.7063388 -0.6964051 0.126907 0.7078274 -0.6874995 0.1622493 0.7124807 -0.6938544 0.1045817 0.7066669 -0.6996436 0.1054543 0.7066217 -0.6612897 0.2517571 0.7071868 -0.6426919 0.2946761 0.7026371 -0.6686368 0.2433639 0.7123809 -0.6800917 0.1731726 0.7060835 -0.6799096 0.1979115 0.7083151 -0.6667116 0.2319164 0.7066669 -0.6856671 0.1745922 0.7066669 -0.6856671 0.1745922 0.709114 -0.6201116 0.3355875 0.7023787 -0.6413128 0.3088398 0.705876 -0.6561481 0.2668498 0.7088493 -0.638846 0.2990124 0.7066669 -0.6648761 0.2419951 0.7066668 -0.6648762 0.2419951 0.7122314 -0.6596123 0.2400792 0.706469 -0.5988187 0.3772503 0.7073165 -0.5718923 0.4155028 0.7027122 -0.6070942 0.3709881 0.7057155 -0.6253738 0.332976 0.709429 -0.6042152 0.3628147 0.7066669 -0.6374775 0.3069927 0.7120315 -0.6326131 0.3046503 0.7066669 -0.6374773 0.3069928 0.7091005 -0.5418047 0.4512474 0.702324 -0.5674449 0.4298223 0.7056025 -0.5879158 0.3955756 0.7100536 -0.5632049 0.4226395 0.7066671 -0.6037424 0.3689399 0.7066669 -0.6037428 0.3689397 0.7117814 -0.5993524 0.3662567 0.7063118 -0.5128213 0.4879938 0.707442 -0.4786836 0.5199884 0.7027916 -0.5214899 0.4838722 0.7066672 -0.564008 0.4272196 0.7055372 -0.5441761 0.4539708 0.7107233 -0.5162673 0.4778498 0.7066669 -0.5186682 0.481254 0.7066668 -0.5640085 0.4272194 0.7114813 -0.560149 0.4242965 0.7090827 -0.4422382 0.5492059 0.7022743 -0.4710586 0.5337741 0.7055195 -0.4946269 0.5075298 0.7111304 -0.5153795 0.4782024 0.7066669 -0.5186682 0.4812538 0.7061499 -0.4066605 0.5796375 0.7075626 -0.36673 0.6040399 0.7028746 -0.4152249 0.5775427 0.7105515 -0.4645125 0.5285307 0.7055491 -0.4398019 0.5556751 0.7066669 -0.4681735 0.5305049 0.711223 -0.4651431 0.5270709 0.7066669 -0.4681736 0.5305049 0.7090607 -0.3253134 0.6256231 0.7022284 -0.355976 0.6165683 0.711561 -0.4101526 0.5704873 0.709893 -0.4080916 0.5740324 0.7056262 -0.3802945 0.597886 0.7066669 -0.4130258 0.5744838 0.706667 -0.4130257 0.5744838 0.7059833 -0.2844927 0.6485764 0.7076789 -0.2404283 0.664368 0.7029623 -0.2925186 0.6482876 0.7092797 -0.3472108 0.6134876 0.7057511 -0.3167481 0.6337081 0.7066669 -0.2910048 0.6449326 0.7066669 -0.3537732 0.612753 0.7118486 -0.3511665 0.6082382 0.7066669 -0.3537731 0.612753 0.7021867 -0.2267602 0.6749175 0.709034 -0.1956174 0.6774988 0.7087115 -0.2825193 0.6464602 0.7059235 -0.24985 0.6627571 0.7120862 -0.2887611 0.6399611 0.7066668 -0.2910045 0.644933 0.7058122 -0.1511018 0.6920964 0.7030538 -0.1582427 0.6933069 0.7077906 -0.1047362 0.698615 0.7081888 -0.2147122 0.6725824 0.7061428 -0.1803252 0.6847226 0.7066669 -0.225344 0.6707026 0.7066667 -0.2253444 0.6707026 0.7122734 -0.2235467 0.6653522 0.7090027 -0.05823601 0.7027971 0.702149 -0.08853643 0.706504 0.7124109 -0.1561567 0.6841681 0.7077123 -0.1445157 0.6915625 0.7064097 -0.1089244 0.6993717 0.7066669 -0.1574438 0.6898068 0.7066669 -0.1574437 0.6898068 0.7056364 -0.01171544 0.7084771 0.7078978 0.03502186 0.7054461 0.7031493 -0.01772682 0.7108212 0.7072818 -0.07268748 0.7031848 0.7067235 -0.03642096 0.7065517 0.712498 -0.08724885 0.6962286 0.7066668 -0.08797903 0.7020553 0.7066669 -0.08797893 0.7020553 0.7089671 0.08144496 0.7005228 0.7021155 0.05321274 0.710072 0.7068979 0 0.7073156 0.707084 0.03640241 0.706192 0.7066669 -0.01763966 0.7073264 0.7125354 -0.01749247 0.701418 0.7066669 -0.01763982 0.7073265 0.7032492 0.123454 0.7001426 0.7054561 0.1281994 0.6970629 0.7080004 0.173365 0.6846021 0.7066669 0.05287521 0.7055678 0.7065607 0.07276157 0.7039018 0.7074913 0.1087581 0.6983035 0.7125229 0.05243455 0.6996869 0.7066669 0.05287526 0.7055678 0.7020863 0.1928633 0.685477 0.7089272 0.2179441 0.6707628 0.7124606 0.1218509 0.6910517 0.7062705 0.1448105 0.6929733 0.7079449 0.1798664 0.6829803 0.7066669 0.122864 0.6967971 0.706667 0.1228641 0.6967971 0.7033531 0.2596991 0.6617029 0.7052713 0.2631558 0.6582868 0.7080988 0.3048675 0.6369081 0.7066671 0.191632 0.6811013 0.7060271 0.2153697 0.6746418 0.7084443 0.2489606 0.6603978 0.7066671 0.1916321 0.6811012 0.7066671 0.2584956 0.6586363 0.7123482 0.1900828 0.675595 0.7088826 0.3459085 0.6146809 0.7020613 0.3248753 0.6336924 0.7058313 0.2836733 0.6491006 0.7089899 0.315299 0.6308089 0.7066669 0.2584958 0.6586363 0.712186 0.2564662 0.6534649 0.7034611 0.3856057 0.5970349 0.7050816 0.3878554 0.5936565 0.7081925 0.424375 0.5642421 0.7066669 0.3227904 0.6296254 0.7066669 0.3227903 0.6296255 0.7056829 0.3489843 0.6166211 0.7095808 0.3781691 0.5945445 0.7119738 0.320354 0.6248733 0.708834 0.460318 0.5344734 0.7020404 0.4440102 0.5567711 0.7066668 0.3838766 0.5943576 0.7055818 0.410594 0.5775524 0.710217 0.4368986 0.5520068 0.7066669 0.3838767 0.5943573 0.7117112 0.3811238 0.5900948 0.704887 0.4974007 0.5056944 0.7082815 0.5272037 0.4694609 0.7035735 0.4961829 0.508711 0.7055284 0.4678374 0.5323138 0.7108977 0.4908614 0.503666 0.7066668 0.494035 0.5065089 0.7066668 0.441148 0.553182 0.7113982 0.4381817 0.5494627 0.7066667 0.441148 0.5531823 0.7087801 0.5566829 0.4332839 0.7020234 0.5455417 0.4577633 0.7110347 0.4909701 0.5033668 0.7055223 0.5200953 0.4813929 0.7066669 0.4940349 0.506509 0.7066669 0.5420122 0.4548018 0.7046876 0.5874866 0.3978376 0.708366 0.6093261 0.3562856 0.7036893 0.5870491 0.4002433 0.7113121 0.5384343 0.4518002 0.7066672 0.5420116 0.4548019 0.7103826 0.5404463 0.4508593 0.7055638 0.5668032 0.4253397 0.7087227 0.6312198 0.3150773 0.7020112 0.6254392 0.3405967 0.7116376 0.5804714 0.3957585 0.7097354 0.5844814 0.3932647 0.7056531 0.6074563 0.3647609 0.7066671 0.5846021 0.398575 0.7066672 0.5846021 0.3985748 0.7044843 0.6545671 0.2743061 0.7084464 0.6675243 0.2291614 0.7038099 0.654606 0.2759395 0.7066671 0.6213823 0.338387 0.7066669 0.6213823 0.3383874 0.7091333 0.6223545 0.3313684 0.7057897 0.6416188 0.3003102 0.7119129 0.6167466 0.3358625 0.7020026 0.6805345 0.2099169 0.7086601 0.6810032 0.184487 0.7066668 0.6761122 0.2085529 0.7066669 0.6519873 0.2748355 0.7085766 0.6536456 0.265832 0.7059739 0.6689232 0.2326857 0.7121377 0.6469131 0.2726966 0.7066668 0.6519872 0.2748356 0.7039343 0.6961824 0.1407364 0.704276 0.6959976 0.1399386 0.7085222 0.6995237 0.09307448 0.7123123 0.6706808 0.2068776 0.7080652 0.678007 0.1973577 0.7062051 0.689078 0.1626219 0.7066669 0.6761121 0.2085529 0.7085937 0.704074 0.04663439 0.7019986 0.7086393 0.07091009 0.7124375 0.687822 0.1390461 0.7076002 0.6951647 0.1266809 0.7064837 0.7018711 0.09087194 0.7066667 0.6935176 0.1401977 0.7066669 0.6935175 0.1401975 0.704063 0.7101375 -0 0.704063 0.7101375 0 0.7085937 0.704074 -0.04663439 0.7071815 0.7049233 0.05456509 0.7068092 0.7071696 0.01821449 0.7066667 0.7040307 0.07044893 0.7125121 0.6981731 0.06986267 0.7066668 0.7040306 0.0704488 0.7019987 0.7086394 -0.0709101 0.7085222 0.6995237 -0.09307448 0.704276 0.6959976 -0.1399386 0.7066667 0.7075466 -0 0.7125371 0.7016345 -0 0.7066666 0.7075466 0 0.7068092 0.7071696 -0.01821449 0.7071815 0.7049233 -0.05456509 0.7086601 0.6810032 -0.184487 0.7039343 0.6961824 -0.1407364 0.7066668 0.7040306 -0.07044891 0.7066666 0.7040306 -0.07044881 0.7064837 0.7018711 -0.09087194 0.7076002 0.6951647 -0.1266809 0.7125121 0.6981731 -0.06986267 0.7084464 0.6675243 -0.2291614 0.7044843 0.6545671 -0.2743061 0.7020026 0.6805345 -0.2099169 0.7124375 0.687822 -0.1390461 0.7066669 0.6935176 -0.1401977 0.7066668 0.6935177 -0.1401975 0.7062051 0.689078 -0.1626219 0.7080652 0.678007 -0.1973577 0.7038099 0.654606 -0.2759395 0.7087227 0.6312198 -0.3150773 0.7066668 0.6761122 -0.2085529 0.7123123 0.6706809 -0.2068776 0.7059739 0.6689232 -0.2326857 0.7085766 0.6536456 -0.265832 0.7066669 0.6761121 -0.2085529 0.7083665 0.6093252 -0.356286 0.7046883 0.5874861 -0.3978373 0.7020113 0.6254393 -0.3405962 0.7066669 0.6519872 -0.2748356 0.7066668 0.6519873 -0.2748356 0.7121376 0.6469131 -0.2726966 0.7057897 0.6416188 -0.3003102 0.7091333 0.6223545 -0.3313684 0.7087805 0.5566826 -0.4332836 0.7036897 0.5870485 -0.4002436 0.7066669 0.6213826 -0.3383867 0.7056528 0.6074565 -0.364761 0.7097351 0.5844822 -0.3932642 0.7119128 0.616747 -0.3358623 0.7066671 0.6213823 -0.3383869 0.7020239 0.5455417 -0.4577626 0.7082819 0.5272041 -0.4694599 0.7048874 0.4974004 -0.5056942 0.7066671 0.5846019 -0.3985752 0.7055641 0.5668027 -0.42534 0.7103829 0.5404463 -0.4508593 0.7066673 0.5846016 -0.3985754 0.7116379 0.580471 -0.3957588 0.7088344 0.4603173 -0.5344734 0.7035739 0.4961827 -0.5087107 0.7113121 0.5384348 -0.4517999 0.7066672 0.542012 -0.4548015 0.7055222 0.5200957 -0.4813926 0.7066669 0.5420126 -0.4548013 0.7020408 0.4440091 -0.5567715 0.7081925 0.424375 -0.5642421 0.7050816 0.3878559 -0.5936561 0.7066666 0.4411473 -0.5531829 0.7110347 0.4909698 -0.5033669 0.7108974 0.4908608 -0.5036671 0.7066669 0.4940347 -0.5065092 0.7055281 0.4678372 -0.5323144 0.7066666 0.4940352 -0.5065091 0.7034612 0.3856063 -0.5970344 0.708883 0.3459077 -0.6146811 0.7066669 0.4411476 -0.5531824 0.706667 0.3838771 -0.594357 0.7102173 0.4368993 -0.5520058 0.7055822 0.4105943 -0.5775518 0.7113979 0.4381817 -0.5494633 0.7020617 0.3248751 -0.6336919 0.7080993 0.3048673 -0.6369076 0.705272 0.2631576 -0.6582854 0.7066666 0.3227904 -0.6296256 0.7066666 0.3838768 -0.5943574 0.7095813 0.3781689 -0.5945442 0.7056834 0.3489841 -0.6166208 0.7117116 0.3811235 -0.5900944 0.7033531 0.2596996 -0.6617028 0.7089272 0.2179441 -0.6707628 0.7066667 0.3227904 -0.6296257 0.7089898 0.3152978 -0.6308096 0.7058314 0.2836739 -0.6491002 0.7119743 0.3203538 -0.6248729 0.7020859 0.192862 -0.6854777 0.7080001 0.1733636 -0.6846028 0.705456 0.1282009 -0.6970628 0.7066661 0.2584963 -0.658637 0.7084447 0.2489597 -0.6603976 0.7060276 0.2153702 -0.6746411 0.7066666 0.2584952 -0.6586369 0.7121864 0.2564653 -0.6534647 0.7032488 0.123455 -0.7001428 0.7089673 0.08144189 -0.7005231 0.7066675 0.122865 -0.6967964 0.7123487 0.1900839 -0.6755942 0.7066676 0.1916307 -0.6811011 0.7079444 0.1798651 -0.6829813 0.70627 0.1448106 -0.6929738 0.7066661 0.1916335 -0.6811019 0.7021163 0.05321268 -0.7100711 0.7078979 0.03502418 -0.7054459 0.7056364 -0.01171622 -0.7084772 0.7066669 0.122864 -0.6967972 0.7124599 0.121851 -0.6910521 0.7074913 0.1087596 -0.6983032 0.7065607 0.07275928 -0.7039021 0.7031494 -0.01772729 -0.7108212 0.7090026 -0.05823449 -0.7027974 0.7066666 0.05287522 -0.7055681 0.7066666 -0.01764014 -0.7073266 0.7125222 0.05243417 -0.6996876 0.7066669 0.05287483 -0.7055679 0.7070835 0.03640243 -0.7061924 0.7068974 0 -0.7073162 0.7021486 -0.08853602 -0.7065045 0.7077908 -0.1047376 -0.6986145 0.7058125 -0.1511025 -0.6920961 0.7066671 -0.01763938 -0.7073262 0.7125348 -0.01749206 -0.7014188 0.7067227 -0.036421 -0.7065526 0.7072811 -0.07268526 -0.7031859 0.7090339 -0.1956167 -0.6774991 0.703054 -0.1582435 -0.6933066 0.7066672 -0.08797857 -0.702055 0.7066671 -0.08797844 -0.7020552 0.7124978 -0.08724844 -0.6962287 0.706409 -0.1089261 -0.6993722 0.7077115 -0.1445158 -0.6915632 0.7076789 -0.240429 -0.6643677 0.7059834 -0.284492 -0.6485767 0.7021865 -0.2267603 -0.6749178 0.7066671 -0.1574445 -0.6898064 0.7066673 -0.1574446 -0.6898062 0.7124103 -0.1561576 -0.6841684 0.7061431 -0.1803237 -0.6847228 0.7081891 -0.2147129 -0.672582 0.7090607 -0.3253121 -0.6256237 0.7029624 -0.2925178 -0.6482878 0.7066672 -0.2253439 -0.6707023 0.7066672 -0.225344 -0.6707023 0.7122732 -0.2235464 -0.6653524 0.7059234 -0.2498493 -0.6627574 0.7087116 -0.28252 -0.6464599 0.7075626 -0.3667323 -0.6040386 0.7061499 -0.40666 -0.5796379 0.7022278 -0.3559773 -0.6165681 0.7120861 -0.2887615 -0.639961 0.7066668 -0.2910041 -0.6449332 0.7066672 -0.2910047 -0.6449324 0.7057514 -0.3167467 -0.6337084 0.7092801 -0.3472106 -0.6134872 0.7028745 -0.4152246 -0.5775429 0.7090825 -0.4422377 -0.5492064 0.7098938 -0.4080917 -0.5740314 0.7066672 -0.3537741 -0.6127522 0.7066667 -0.3537737 -0.6127532 0.7118492 -0.3511665 -0.6082374 0.705627 -0.3802941 -0.5978854 0.702274 -0.4710587 -0.5337742 0.7074418 -0.4786837 -0.5199885 0.7063116 -0.5128214 -0.487994 0.7055488 -0.439803 -0.5556745 0.710551 -0.4645124 -0.5285314 0.7066673 -0.4130251 -0.5744837 0.7115612 -0.4101519 -0.5704877 0.7066672 -0.4130251 -0.5744839 0.7027913 -0.5214904 -0.4838722 0.7091002 -0.5418049 -0.4512476 0.7055193 -0.4946262 -0.5075307 0.7112227 -0.4651431 -0.5270714 0.7066675 -0.4681731 -0.5305045 0.7066674 -0.5186679 -0.4812533 0.7066674 -0.4681731 -0.5305048 0.7023238 -0.5674447 -0.4298229 0.7073162 -0.571892 -0.4155037 0.7064687 -0.5988199 -0.3772491 0.7107234 -0.5162675 -0.4778493 0.7055374 -0.544176 -0.4539707 0.7111304 -0.5153799 -0.4782019 0.7066672 -0.5186684 -0.4812532 0.7027125 -0.6070939 -0.370988 0.7091141 -0.6201112 -0.3355881 0.710054 -0.5632043 -0.4226397 0.7056027 -0.5879161 -0.3955747 0.7066671 -0.5640079 -0.4272196 0.7114815 -0.5601489 -0.4242965 0.7066671 -0.5640079 -0.4272196 0.7023787 -0.6413128 -0.3088398 0.7071868 -0.6426919 -0.2946761 0.7066217 -0.6612897 -0.2517571 0.7094292 -0.604215 -0.3628145 0.7057158 -0.6253737 -0.3329759 0.7117815 -0.5993525 -0.3662563 0.7066666 -0.6037429 -0.3689402 0.7066671 -0.6037429 -0.3689392 0.7026371 -0.6686368 -0.2433639 0.7091225 -0.6740867 -0.2067664 0.7088493 -0.638846 -0.2990124 0.705876 -0.6561481 -0.2668498 0.7120317 -0.6326128 -0.3046506 0.7066669 -0.6374774 -0.3069927 0.7066668 -0.6648762 -0.2419951 0.7066666 -0.6374775 -0.3069933 0.7024367 -0.689737 -0.1756285 0.7070523 -0.688299 -0.162239 0.7067698 -0.6977949 -0.1164414 0.7083151 -0.6667116 -0.2319164 0.7060835 -0.6799096 -0.1979115 0.7122314 -0.6596122 -0.2400792 0.7066669 -0.6648761 -0.2419951 0.7025663 -0.7036701 -0.1060612 0.7024996 -0.7107995 -0.03547476 0.7091271 -0.7016137 -0.06983536 0.7078274 -0.6874995 -0.1622493 0.7063388 -0.6964051 -0.126907 0.7123809 -0.6800917 -0.1731726 0.7066669 -0.685667 -0.1745922 0.7066669 -0.6856671 -0.1745922 0.7066669 -0.7066668 -0.0352685 0.7066669 -0.6996436 -0.1054543 0.7073852 -0.7009776 -0.09075624 0.7066407 -0.7054622 -0.0546068 0.7125306 -0.7007688 -0.03497401 0.7124807 -0.6938544 -0.1045817 0.706667 -0.6996437 -0.1054543 0.7066669 -0.7066669 -0.03526837 1 0 0 1 0 0 1 0 0 1 0 0 1 0 0 1 0 0 1 0 0 1 0 0 1 0 0 1 0 0 1 0 0 1 0 0 1 0 0 1 0 0 1 0 0 1 0 0 1 0 0 1 0 0 1 0 0 1 0 0 1 0 0 1 0 0 1 0 0 1 0 0 1 0 0 1 0 0 1 0 0 1 0 0 1 0 0 1 0 0 1 0 0 1 0 0 1 0 0 1 0 0 1 0 0 1 0 0 1 0 0 1 0 0 1 0 0 1 0 0 1 0 0 1 0 0 1 0 0 1 0 0 1 0 0 1 0 0 1 0 0 1 0 0 1 0 0 1 0 0 1 0 0 1 0 0 1 0 0 1 0 0 1 0 0 1 0 0 1 0 0 1 0 0 1 0 0 1 0 0 1 0 0 1 0 0 1 0 0 1 0 0 1 0 0 1 0 0 1 0 0 1 0 0 1 0 0 1 0 0 1 0 0 1 0 0 1 0 0 1 0 0 1 0 0 1 0 0 1 0 0 1 0 0 1 0 0 1 0 0 1 0 0 1 0 0 1 0 0 1 0 0 1 0 0 1 0 0 1 0 0 1 0 0 1 0 0 1 0 0 1 0 0 1 0 0 1 0 0</float_array>
          <technique_common>
            <accessor count="3952" source="#cubenormals-array0-array" stride="3">
              <param type="float" name="X"/>
              <param type="float" name="Y"/>
              <param type="float" name="Z"/>
            </accessor>
          </technique_common>
        </source>
        <vertices id="cubeverts-array0-vertices">
          <input semantic="POSITION" source="#cubeverts-array0"/>
        </vertices>
        <triangles count="3952" material="ref_Part__Feature">
          <input offset="0" semantic="VERTEX" source="#cubeverts-array0-vertices"/>
          <input offset="1" semantic="NORMAL" source="#cubenormals-array0"/>
          <p>0 0 1 0 2 0 0 1 3 1 1 1 4 2 5 2 6 2 4 3 7 3 3 3 4 4 3 4 0 4 4 5 6 5 7 5 8 6 2 6 9 6 8 7 0 7 2 7 10 8 11 8 5 8 10 9 4 9 0 9 10 10 0 10 8 10 10 11 5 11 4 11 12 12 9 12 13 12 12 13 8 13 9 13 14 14 15 14 11 14 14 15 11 15 10 15 14 16 10 16 8 16 14 17 8 17 12 17 16 18 13 18 17 18 16 19 12 19 13 19 18 20 19 20 15 20 18 21 15 21 14 21 18 22 14 22 12 22 18 23 12 23 16 23 20 24 17 24 21 24 20 25 16 25 17 25 22 26 23 26 19 26 22 27 19 27 18 27 22 28 18 28 16 28 22 29 16 29 20 29 24 30 21 30 25 30 24 31 20 31 21 31 26 32 27 32 23 32 26 33 23 33 22 33 26 34 22 34 20 34 26 35 20 35 24 35 28 36 25 36 29 36 28 37 24 37 25 37 30 38 31 38 27 38 30 39 27 39 26 39 30 40 26 40 24 40 30 41 24 41 28 41 32 42 29 42 33 42 32 43 28 43 29 43 34 44 28 44 32 44 34 45 35 45 31 45 34 46 31 46 30 46 34 47 30 47 28 47 36 48 33 48 37 48 36 49 32 49 33 49 38 50 35 50 34 50 38 51 39 51 40 51 38 52 40 52 35 52 38 53 34 53 32 53 38 54 32 54 36 54 41 55 36 55 37 55 41 56 37 56 42 56 43 57 38 57 36 57 43 58 39 58 38 58 43 59 36 59 41 59 44 60 41 60 42 60 44 61 42 61 45 61 46 62 47 62 39 62 46 63 39 63 43 63 46 64 43 64 41 64 46 65 41 65 44 65 48 66 44 66 45 66 48 67 45 67 49 67 48 68 49 68 50 68 51 69 52 69 53 69 51 70 53 70 47 70 51 71 47 71 46 71 51 72 44 72 48 72 51 73 46 73 44 73 51 74 48 74 50 74 51 75 54 75 52 75 51 76 50 76 54 76 50 77 49 77 55 77 56 78 50 78 55 78 56 79 55 79 57 79 58 80 59 80 52 80 58 81 52 81 54 81 58 82 54 82 50 82 58 83 50 83 56 83 60 84 57 84 61 84 60 85 56 85 57 85 62 86 56 86 60 86 62 87 58 87 56 87 62 88 63 88 59 88 62 89 59 89 58 89 64 90 61 90 65 90 64 91 60 91 61 91 66 92 67 92 63 92 66 93 60 93 64 93 66 94 63 94 62 94 66 95 62 95 60 95 68 96 66 96 64 96 68 97 65 97 69 97 68 98 64 98 65 98 70 99 67 99 66 99 70 100 71 100 67 100 70 101 66 101 68 101 72 102 69 102 73 102 72 103 68 103 69 103 74 104 68 104 72 104 74 105 75 105 71 105 74 106 70 106 68 106 74 107 71 107 70 107 76 108 72 108 73 108 76 109 73 109 77 109 76 110 77 110 78 110 79 111 74 111 72 111 79 112 75 112 74 112 79 113 80 113 75 113 79 114 72 114 76 114 81 115 76 115 78 115 82 116 76 116 81 116 82 117 83 117 80 117 82 118 79 118 76 118 82 119 80 119 79 119 84 120 81 120 78 120 84 121 78 121 85 121 86 122 82 122 81 122 86 123 87 123 83 123 86 124 81 124 84 124 86 125 83 125 82 125 88 126 85 126 89 126 88 127 84 127 85 127 90 128 84 128 88 128 90 129 91 129 87 129 90 130 86 130 84 130 90 131 87 131 86 131 92 132 89 132 93 132 92 133 88 133 89 133 94 134 95 134 91 134 94 135 91 135 90 135 94 136 88 136 92 136 94 137 90 137 88 137 96 138 93 138 97 138 96 139 92 139 93 139 98 140 99 140 95 140 98 141 92 141 96 141 98 142 94 142 92 142 98 143 95 143 94 143 100 144 96 144 97 144 100 145 97 145 101 145 100 146 98 146 96 146 102 147 98 147 100 147 102 148 103 148 99 148 102 149 99 149 98 149 104 150 101 150 105 150 104 151 100 151 101 151 106 152 102 152 100 152 106 153 107 153 103 153 106 154 103 154 102 154 106 155 100 155 104 155 108 156 105 156 109 156 108 157 104 157 105 157 110 158 104 158 108 158 110 159 111 159 107 159 110 160 107 160 106 160 110 161 106 161 104 161 112 162 110 162 108 162 112 163 109 163 113 163 112 164 108 164 109 164 114 165 115 165 111 165 114 166 111 166 110 166 114 167 110 167 112 167 116 168 113 168 117 168 116 169 112 169 113 169 118 170 112 170 116 170 118 171 119 171 115 171 118 172 115 172 114 172 118 173 114 173 112 173 120 174 116 174 117 174 120 175 118 175 116 175 120 176 117 176 121 176 122 177 121 177 123 177 122 178 120 178 121 178 124 179 125 179 119 179 124 180 119 180 118 180 124 181 118 181 120 181 126 182 120 182 122 182 126 183 125 183 124 183 126 184 124 184 120 184 127 185 122 185 123 185 128 186 127 186 123 186 128 187 123 187 129 187 130 188 125 188 126 188 130 189 131 189 125 189 130 190 126 190 122 190 130 191 122 191 127 191 132 192 131 192 130 192 132 193 127 193 128 193 132 194 130 194 127 194 133 195 128 195 129 195 134 196 129 196 135 196 134 197 133 197 129 197 136 198 137 198 131 198 136 199 131 199 132 199 136 200 128 200 133 200 136 201 132 201 128 201 138 202 136 202 133 202 138 203 133 203 134 203 138 204 137 204 136 204 139 205 134 205 135 205 140 206 139 206 135 206 140 207 135 207 141 207 142 208 143 208 137 208 142 209 134 209 139 209 142 210 137 210 138 210 142 211 138 211 134 211 144 212 142 212 139 212 144 213 139 213 140 213 144 214 143 214 142 214 145 215 140 215 141 215 146 216 141 216 147 216 146 217 145 217 141 217 148 218 149 218 143 218 148 219 143 219 144 219 148 220 145 220 146 220 148 221 144 221 140 221 148 222 140 222 145 222 150 223 148 223 146 223 150 224 149 224 148 224 151 225 146 225 147 225 152 226 151 226 147 226 152 227 147 227 153 227 154 228 155 228 149 228 154 229 149 229 150 229 154 230 151 230 152 230 154 231 150 231 146 231 154 232 146 232 151 232 156 233 155 233 154 233 156 234 154 234 152 234 157 235 152 235 153 235 158 236 157 236 153 236 158 237 153 237 159 237 160 238 161 238 155 238 160 239 156 239 152 239 160 240 152 240 157 240 160 241 155 241 156 241 162 242 161 242 160 242 162 243 160 243 157 243 162 244 157 244 158 244 163 245 158 245 159 245 164 246 163 246 159 246 164 247 159 247 165 247 166 248 167 248 161 248 166 249 161 249 162 249 166 250 162 250 158 250 166 251 158 251 163 251 168 252 166 252 163 252 168 253 163 253 164 253 168 254 167 254 166 254 169 255 164 255 165 255 170 256 171 256 167 256 170 257 167 257 168 257 170 258 164 258 169 258 170 259 168 259 164 259 172 260 169 260 165 260 172 261 165 261 173 261 174 262 171 262 170 262 174 263 170 263 169 263 174 264 169 264 172 264 175 265 172 265 173 265 176 266 177 266 171 266 176 267 172 267 175 267 176 268 174 268 172 268 176 269 171 269 174 269 178 270 173 270 179 270 178 271 175 271 173 271 180 272 177 272 176 272 180 273 175 273 178 273 180 274 176 274 175 274 181 275 178 275 179 275 182 276 178 276 181 276 182 277 177 277 180 277 182 278 180 278 178 278 182 279 183 279 177 279 184 280 181 280 179 280 184 281 179 281 185 281 186 282 183 282 182 282 186 283 182 283 181 283 186 284 181 284 184 284 187 285 184 285 185 285 188 286 183 286 186 286 188 287 184 287 187 287 188 288 186 288 184 288 188 289 189 289 183 289 190 290 185 290 191 290 190 291 187 291 185 291 192 292 187 292 190 292 192 293 188 293 187 293 192 294 189 294 188 294 193 295 190 295 191 295 194 296 190 296 193 296 194 297 192 297 190 297 194 298 189 298 192 298 194 299 195 299 189 299 196 300 193 300 191 300 196 301 191 301 197 301 198 302 195 302 194 302 198 303 193 303 196 303 198 304 194 304 193 304 199 305 196 305 197 305 200 306 196 306 199 306 200 307 195 307 198 307 200 308 198 308 196 308 200 309 201 309 195 309 202 310 197 310 203 310 202 311 199 311 197 311 204 312 200 312 199 312 204 313 199 313 202 313 204 314 201 314 200 314 205 315 202 315 203 315 206 316 204 316 202 316 206 317 202 317 205 317 206 318 201 318 204 318 206 319 207 319 201 319 208 320 203 320 209 320 208 321 205 321 203 321 210 322 206 322 205 322 210 323 207 323 206 323 210 324 205 324 208 324 211 325 208 325 209 325 212 326 210 326 208 326 212 327 207 327 210 327 212 328 208 328 211 328 212 329 213 329 207 329 214 330 209 330 215 330 214 331 211 331 209 331 216 332 212 332 211 332 216 333 213 333 212 333 216 334 211 334 214 334 217 335 214 335 215 335 218 336 213 336 216 336 218 337 219 337 213 337 218 338 216 338 214 338 218 339 214 339 217 339 220 340 215 340 221 340 220 341 217 341 215 341 222 342 218 342 217 342 222 343 217 343 220 343 222 344 219 344 218 344 223 345 220 345 221 345 223 346 222 346 220 346 224 347 219 347 222 347 224 348 222 348 223 348 224 349 225 349 219 349 226 350 221 350 227 350 226 351 223 351 221 351 228 352 224 352 223 352 228 353 225 353 224 353 228 354 223 354 226 354 229 355 226 355 227 355 230 356 228 356 226 356 230 357 225 357 228 357 230 358 226 358 229 358 230 359 231 359 225 359 232 360 229 360 227 360 232 361 227 361 233 361 234 362 229 362 232 362 234 363 230 363 229 363 234 364 231 364 230 364 235 365 232 365 233 365 235 366 234 366 232 366 236 367 231 367 234 367 236 368 234 368 235 368 236 369 237 369 231 369 238 370 236 370 235 370 238 371 235 371 233 371 238 372 233 372 239 372 240 373 236 373 238 373 240 374 237 374 236 374 241 375 238 375 239 375 242 376 238 376 241 376 242 377 240 377 238 377 242 378 237 378 240 378 242 379 243 379 237 379 244 380 241 380 239 380 244 381 239 381 245 381 246 382 242 382 241 382 246 383 241 383 244 383 246 384 243 384 242 384 247 385 244 385 245 385 248 386 244 386 247 386 248 387 246 387 244 387 248 388 243 388 246 388 248 389 249 389 243 389 250 390 247 390 245 390 250 391 245 391 251 391 252 392 248 392 247 392 252 393 247 393 250 393 252 394 249 394 248 394 253 395 250 395 251 395 254 396 252 396 250 396 254 397 250 397 253 397 254 398 249 398 252 398 254 399 255 399 249 399 256 400 253 400 251 400 256 401 251 401 257 401 256 402 254 402 253 402 258 403 255 403 254 403 258 404 254 404 256 404 259 405 256 405 257 405 260 406 256 406 259 406 260 407 258 407 256 407 260 408 255 408 258 408 260 409 261 409 255 409 262 410 259 410 257 410 262 411 257 411 263 411 262 412 260 412 259 412 264 413 261 413 260 413 264 414 260 414 262 414 265 415 262 415 263 415 265 416 264 416 262 416 266 417 267 417 261 417 266 418 261 418 264 418 266 419 264 419 265 419 268 420 265 420 263 420 268 421 263 421 269 421 268 422 266 422 265 422 270 423 267 423 266 423 270 424 266 424 268 424 271 425 268 425 269 425 272 426 270 426 268 426 272 427 267 427 270 427 272 428 268 428 271 428 272 429 273 429 267 429 274 430 271 430 269 430 274 431 272 431 271 431 274 432 269 432 275 432 276 433 273 433 272 433 276 434 272 434 274 434 277 435 274 435 275 435 278 436 273 436 276 436 278 437 276 437 274 437 278 438 274 438 277 438 278 439 279 439 273 439 280 440 277 440 275 440 280 441 275 441 281 441 282 442 277 442 280 442 282 443 278 443 277 443 282 444 279 444 278 444 283 445 280 445 281 445 283 446 282 446 280 446 284 447 279 447 282 447 284 448 282 448 283 448 284 449 285 449 279 449 286 450 284 450 283 450 286 451 283 451 281 451 286 452 281 452 287 452 288 453 284 453 286 453 288 454 285 454 284 454 289 455 286 455 287 455 289 456 288 456 286 456 290 457 285 457 288 457 290 458 288 458 289 458 290 459 291 459 285 459 292 460 289 460 287 460 292 461 287 461 293 461 294 462 289 462 292 462 294 463 290 463 289 463 294 464 291 464 290 464 295 465 294 465 292 465 295 466 292 466 293 466 296 467 291 467 294 467 296 468 294 468 295 468 296 469 297 469 291 469 298 470 295 470 293 470 298 471 293 471 299 471 300 472 295 472 298 472 300 473 296 473 295 473 300 474 297 474 296 474 301 475 298 475 299 475 301 476 300 476 298 476 302 477 297 477 300 477 302 478 300 478 301 478 302 479 303 479 297 479 304 480 301 480 299 480 304 481 299 481 305 481 306 482 301 482 304 482 306 483 302 483 301 483 306 484 303 484 302 484 307 485 304 485 305 485 308 486 306 486 304 486 308 487 304 487 307 487 308 488 303 488 306 488 308 489 309 489 303 489 310 490 307 490 305 490 310 491 305 491 311 491 310 492 308 492 307 492 312 493 309 493 308 493 312 494 308 494 310 494 313 495 310 495 311 495 314 496 315 496 309 496 314 497 310 497 313 497 314 498 312 498 310 498 314 499 309 499 312 499 316 500 313 500 311 500 316 501 311 501 317 501 316 502 314 502 313 502 318 503 315 503 314 503 318 504 314 504 316 504 319 505 316 505 317 505 320 506 321 506 315 506 320 507 316 507 319 507 320 508 318 508 316 508 320 509 315 509 318 509 322 510 319 510 317 510 322 511 317 511 323 511 324 512 321 512 320 512 324 513 320 513 319 513 324 514 319 514 322 514 325 515 322 515 323 515 325 516 324 516 322 516 326 517 321 517 324 517 326 518 324 518 325 518 326 519 327 519 321 519 328 520 325 520 323 520 328 521 323 521 329 521 330 522 325 522 328 522 330 523 326 523 325 523 330 524 327 524 326 524 331 525 328 525 329 525 331 526 330 526 328 526 332 527 327 527 330 527 332 528 330 528 331 528 332 529 333 529 327 529 334 530 331 530 329 530 334 531 329 531 335 531 336 532 331 532 334 532 336 533 332 533 331 533 336 534 333 534 332 534 337 535 334 535 335 535 337 536 336 536 334 536 338 537 333 537 336 537 338 538 336 538 337 538 338 539 339 539 333 539 340 540 338 540 337 540 340 541 337 541 335 541 340 542 335 542 341 542 342 543 340 543 341 543 343 544 338 544 340 544 343 545 339 545 338 545 344 546 340 546 342 546 344 547 339 547 343 547 344 548 345 548 339 548 344 549 343 549 340 549 346 550 341 550 347 550 346 551 342 551 341 551 348 552 346 552 347 552 349 553 342 553 346 553 349 554 344 554 342 554 349 555 345 555 344 555 350 556 346 556 348 556 350 557 345 557 349 557 350 558 351 558 345 558 350 559 349 559 346 559 352 560 347 560 353 560 352 561 348 561 347 561 354 562 352 562 353 562 355 563 348 563 352 563 355 564 350 564 348 564 355 565 351 565 350 565 355 566 352 566 354 566 356 567 351 567 355 567 356 568 357 568 351 568 356 569 355 569 354 569 358 570 353 570 359 570 358 571 354 571 353 571 360 572 358 572 359 572 361 573 356 573 354 573 361 574 357 574 356 574 361 575 354 575 358 575 362 576 357 576 361 576 362 577 363 577 357 577 362 578 361 578 358 578 362 579 358 579 360 579 364 580 360 580 359 580 364 581 359 581 365 581 364 582 362 582 360 582 366 583 364 583 365 583 367 584 363 584 362 584 367 585 362 585 364 585 368 586 369 586 363 586 368 587 364 587 366 587 368 588 363 588 367 588 368 589 367 589 364 589 370 590 365 590 371 590 370 591 366 591 365 591 372 592 370 592 371 592 373 593 366 593 370 593 373 594 370 594 372 594 373 595 369 595 368 595 373 596 368 596 366 596 374 597 373 597 372 597 374 598 369 598 373 598 374 599 375 599 369 599 376 600 372 600 371 600 376 601 374 601 372 601 376 602 371 602 377 602 378 603 376 603 377 603 379 604 374 604 376 604 379 605 375 605 374 605 379 606 376 606 378 606 380 607 375 607 379 607 380 608 379 608 378 608 380 609 381 609 375 609 382 610 378 610 377 610 382 611 377 611 383 611 384 612 382 612 383 612 385 613 378 613 382 613 385 614 380 614 378 614 385 615 381 615 380 615 385 616 382 616 384 616 386 617 385 617 384 617 386 618 381 618 385 618 386 619 387 619 381 619 388 620 384 620 383 620 388 621 383 621 389 621 390 622 388 622 389 622 391 623 386 623 384 623 391 624 387 624 386 624 391 625 384 625 388 625 392 626 388 626 390 626 392 627 391 627 388 627 392 628 387 628 391 628 392 629 393 629 387 629 394 630 390 630 389 630 394 631 389 631 395 631 396 632 394 632 395 632 397 633 392 633 390 633 397 634 390 634 394 634 397 635 393 635 392 635 398 636 394 636 396 636 398 637 397 637 394 637 398 638 393 638 397 638 398 639 399 639 393 639 400 640 396 640 395 640 400 641 395 641 401 641 402 642 400 642 401 642 403 643 396 643 400 643 403 644 398 644 396 644 403 645 399 645 398 645 404 646 400 646 402 646 404 647 403 647 400 647 404 648 405 648 399 648 404 649 399 649 403 649 406 650 402 650 401 650 406 651 404 651 402 651 406 652 401 652 407 652 408 653 406 653 407 653 409 654 405 654 404 654 409 655 404 655 406 655 410 656 411 656 405 656 410 657 406 657 408 657 410 658 405 658 409 658 410 659 409 659 406 659 412 660 408 660 407 660 412 661 407 661 413 661 414 662 412 662 413 662 415 663 408 663 412 663 415 664 411 664 410 664 415 665 410 665 408 665 416 666 417 666 411 666 416 667 412 667 414 667 416 668 411 668 415 668 416 669 415 669 412 669 418 670 414 670 413 670 418 671 413 671 419 671 420 672 418 672 419 672 421 673 414 673 418 673 421 674 417 674 416 674 421 675 416 675 414 675 422 676 421 676 418 676 422 677 423 677 417 677 422 678 418 678 420 678 422 679 417 679 421 679 424 680 420 680 419 680 424 681 419 681 425 681 426 682 424 682 425 682 427 683 423 683 422 683 427 684 422 684 420 684 427 685 420 685 424 685 428 686 424 686 426 686 428 687 423 687 427 687 428 688 427 688 424 688 428 689 429 689 423 689 430 690 426 690 425 690 430 691 425 691 431 691 432 692 430 692 431 692 433 693 426 693 430 693 433 694 428 694 426 694 433 695 429 695 428 695 434 696 430 696 432 696 434 697 429 697 433 697 434 698 433 698 430 698 434 699 435 699 429 699 436 700 432 700 431 700 436 701 431 701 437 701 438 702 436 702 437 702 439 703 432 703 436 703 439 704 434 704 432 704 439 705 435 705 434 705 440 706 436 706 438 706 440 707 435 707 439 707 440 708 439 708 436 708 440 709 441 709 435 709 442 710 440 710 438 710 442 711 438 711 437 711 442 712 437 712 443 712 444 713 442 713 443 713 445 714 440 714 442 714 445 715 441 715 440 715 446 716 442 716 444 716 446 717 445 717 442 717 446 718 441 718 445 718 446 719 447 719 441 719 448 720 444 720 443 720 448 721 446 721 444 721 448 722 443 722 449 722 450 723 448 723 449 723 451 724 446 724 448 724 451 725 447 725 446 725 451 726 448 726 450 726 452 727 453 727 447 727 452 728 447 728 451 728 452 729 451 729 450 729 454 730 449 730 455 730 454 731 450 731 449 731 456 732 454 732 455 732 457 733 453 733 452 733 457 734 452 734 450 734 457 735 450 735 454 735 458 736 459 736 453 736 458 737 453 737 457 737 458 738 454 738 456 738 458 739 457 739 454 739 460 740 455 740 461 740 460 741 456 741 455 741 462 742 460 742 461 742 463 743 459 743 458 743 463 744 458 744 456 744 463 745 456 745 460 745 464 746 465 746 459 746 464 747 459 747 463 747 464 748 460 748 462 748 464 749 463 749 460 749 466 750 461 750 467 750 466 751 462 751 461 751 468 752 466 752 467 752 469 753 465 753 464 753 469 754 464 754 462 754 469 755 462 755 466 755 470 756 471 756 465 756 470 757 465 757 469 757 470 758 466 758 468 758 470 759 469 759 466 759 472 760 467 760 473 760 472 761 468 761 467 761 474 762 472 762 473 762 475 763 468 763 472 763 475 764 471 764 470 764 475 765 470 765 468 765 476 766 475 766 472 766 476 767 471 767 475 767 476 768 477 768 471 768 476 769 472 769 474 769 478 770 473 770 479 770 478 771 474 771 473 771 478 772 476 772 474 772 480 773 478 773 479 773 481 774 477 774 476 774 481 775 476 775 478 775 482 776 478 776 480 776 482 777 477 777 481 777 482 778 481 778 478 778 482 779 483 779 477 779 484 780 479 780 485 780 484 781 480 781 479 781 486 782 484 782 485 782 487 783 482 783 480 783 487 784 483 784 482 784 487 785 480 785 484 785 488 786 483 786 487 786 488 787 484 787 486 787 488 788 487 788 484 788 488 789 489 789 483 789 490 790 485 790 491 790 490 791 486 791 485 791 492 792 490 792 491 792 493 793 488 793 486 793 493 794 489 794 488 794 493 795 486 795 490 795 494 796 489 796 493 796 494 797 490 797 492 797 494 798 493 798 490 798 494 799 495 799 489 799 496 800 491 800 497 800 496 801 492 801 491 801 498 802 499 802 495 802 498 803 494 803 492 803 498 804 495 804 494 804 498 805 492 805 496 805 500 806 497 806 501 806 500 807 496 807 497 807 502 808 499 808 498 808 502 809 498 809 496 809 502 810 496 810 500 810 503 811 501 811 504 811 503 812 500 812 501 812 505 813 506 813 499 813 505 814 499 814 502 814 505 815 502 815 500 815 505 816 500 816 503 816 507 817 504 817 508 817 507 818 503 818 504 818 509 819 510 819 506 819 509 820 506 820 505 820 509 821 505 821 503 821 509 822 503 822 507 822 511 823 508 823 512 823 511 824 507 824 508 824 513 825 514 825 510 825 513 826 510 826 509 826 513 827 509 827 507 827 513 828 507 828 511 828 515 829 512 829 516 829 515 830 511 830 512 830 517 831 518 831 514 831 517 832 514 832 513 832 517 833 513 833 511 833 517 834 511 834 515 834 519 835 515 835 516 835 519 836 516 836 520 836 521 837 515 837 519 837 521 838 522 838 518 838 521 839 518 839 517 839 521 840 517 840 515 840 523 841 519 841 520 841 523 842 520 842 524 842 525 843 519 843 523 843 525 844 526 844 522 844 525 845 521 845 519 845 525 846 522 846 521 846 527 847 523 847 524 847 527 848 524 848 528 848 529 849 523 849 527 849 529 850 530 850 526 850 529 851 525 851 523 851 529 852 526 852 525 852 531 853 527 853 528 853 531 854 528 854 532 854 533 855 534 855 535 855 533 856 535 856 530 856 533 857 527 857 531 857 533 858 529 858 527 858 533 859 530 859 529 859 536 860 532 860 537 860 536 861 531 861 532 861 538 862 534 862 533 862 538 863 533 863 531 863 538 864 531 864 536 864 539 865 536 865 537 865 539 866 537 866 540 866 541 867 534 867 538 867 541 868 536 868 539 868 541 869 538 869 536 869 541 870 542 870 534 870 543 871 539 871 540 871 543 872 540 872 544 872 545 873 539 873 543 873 545 874 541 874 539 874 545 875 542 875 541 875 545 876 546 876 542 876 547 877 544 877 548 877 547 878 543 878 544 878 549 879 546 879 545 879 549 880 545 880 543 880 549 881 543 881 547 881 549 882 550 882 546 882 551 883 548 883 552 883 551 884 547 884 548 884 553 885 549 885 547 885 553 886 550 886 549 886 553 887 554 887 550 887 553 888 547 888 551 888 555 889 552 889 556 889 555 890 551 890 552 890 557 891 558 891 554 891 557 892 554 892 553 892 557 893 553 893 551 893 557 894 551 894 555 894 559 895 556 895 560 895 559 896 555 896 556 896 561 897 562 897 558 897 561 898 558 898 557 898 561 899 557 899 555 899 561 900 555 900 559 900 563 901 560 901 564 901 563 902 559 902 560 902 565 903 566 903 562 903 565 904 562 904 561 904 565 905 561 905 559 905 565 906 559 906 563 906 567 907 564 907 568 907 567 908 563 908 564 908 569 909 570 909 566 909 569 910 566 910 565 910 569 911 565 911 563 911 569 912 563 912 567 912 571 913 568 913 572 913 571 914 567 914 568 914 573 915 574 915 570 915 573 916 570 916 569 916 573 917 569 917 567 917 573 918 567 918 571 918 575 919 572 919 576 919 575 920 571 920 572 920 577 921 578 921 574 921 577 922 574 922 573 922 577 923 573 923 571 923 577 924 571 924 575 924 579 925 576 925 580 925 579 926 575 926 576 926 581 927 582 927 578 927 581 928 578 928 577 928 581 929 577 929 575 929 581 930 575 930 579 930 583 931 580 931 584 931 583 932 579 932 580 932 585 933 586 933 582 933 585 934 582 934 581 934 585 935 581 935 579 935 585 936 579 936 583 936 587 937 584 937 588 937 587 938 583 938 584 938 589 939 590 939 586 939 589 940 586 940 585 940 589 941 585 941 583 941 589 942 583 942 587 942 591 943 588 943 592 943 591 944 587 944 588 944 593 945 594 945 590 945 593 946 590 946 589 946 593 947 589 947 587 947 593 948 587 948 591 948 595 949 592 949 596 949 595 950 591 950 592 950 597 951 598 951 594 951 597 952 594 952 593 952 597 953 593 953 591 953 597 954 591 954 595 954 599 955 596 955 600 955 599 956 595 956 596 956 601 957 597 957 595 957 601 958 602 958 598 958 601 959 598 959 597 959 601 960 595 960 599 960 603 961 599 961 600 961 603 962 600 962 604 962 605 963 602 963 601 963 605 964 601 964 599 964 605 965 606 965 602 965 605 966 599 966 603 966 607 967 603 967 604 967 607 968 604 968 608 968 609 969 606 969 605 969 609 970 605 970 603 970 609 971 610 971 606 971 609 972 603 972 607 972 611 973 607 973 608 973 611 974 608 974 612 974 613 975 609 975 607 975 613 976 614 976 610 976 613 977 610 977 609 977 613 978 607 978 611 978 615 979 611 979 612 979 615 980 612 980 616 980 617 981 618 981 614 981 617 982 614 982 613 982 617 983 613 983 611 983 617 984 611 984 615 984 619 985 615 985 616 985 619 986 616 986 620 986 621 987 617 987 615 987 621 988 615 988 619 988 621 989 622 989 618 989 621 990 618 990 617 990 623 991 619 991 620 991 623 992 620 992 624 992 625 993 621 993 619 993 625 994 626 994 622 994 625 995 622 995 621 995 625 996 619 996 623 996 627 997 624 997 628 997 627 998 623 998 624 998 629 999 630 999 626 999 629 1000 625 1000 623 1000 629 1001 626 1001 625 1001 629 1002 623 1002 627 1002 3 1003 628 1003 1 1003 3 1004 627 1004 628 1004 7 1005 6 1005 630 1005 7 1006 629 1006 627 1006 7 1007 627 1007 3 1007 7 1008 630 1008 629 1008 631 1009 209 1009 203 1009 632 1010 203 1010 197 1010 632 1011 631 1011 203 1011 633 1012 197 1012 191 1012 633 1013 632 1013 197 1013 634 1014 191 1014 185 1014 634 1015 633 1015 191 1015 635 1016 185 1016 179 1016 635 1017 634 1017 185 1017 636 1018 179 1018 173 1018 636 1019 635 1019 179 1019 637 1020 173 1020 165 1020 637 1021 636 1021 173 1021 638 1022 165 1022 159 1022 638 1023 637 1023 165 1023 639 1024 159 1024 153 1024 639 1025 638 1025 159 1025 640 1026 153 1026 147 1026 640 1027 639 1027 153 1027 641 1028 147 1028 141 1028 641 1029 640 1029 147 1029 642 1030 141 1030 135 1030 642 1031 641 1031 141 1031 643 1032 642 1032 135 1032 643 1033 135 1033 129 1033 644 1034 643 1034 129 1034 644 1035 129 1035 123 1035 645 1036 123 1036 121 1036 645 1037 644 1037 123 1037 646 1038 645 1038 121 1038 646 1039 121 1039 117 1039 647 1040 117 1040 113 1040 647 1041 646 1041 117 1041 648 1042 113 1042 109 1042 648 1043 647 1043 113 1043 649 1044 109 1044 105 1044 649 1045 648 1045 109 1045 650 1046 105 1046 101 1046 650 1047 649 1047 105 1047 651 1048 101 1048 97 1048 651 1049 650 1049 101 1049 652 1050 97 1050 93 1050 652 1051 651 1051 97 1051 653 1052 93 1052 89 1052 653 1053 652 1053 93 1053 654 1054 89 1054 85 1054 654 1055 653 1055 89 1055 655 1056 85 1056 78 1056 655 1057 654 1057 85 1057 656 1058 78 1058 77 1058 656 1059 655 1059 78 1059 657 1060 77 1060 73 1060 657 1061 656 1061 77 1061 658 1062 73 1062 69 1062 658 1063 657 1063 73 1063 659 1064 658 1064 69 1064 659 1065 69 1065 65 1065 660 1066 659 1066 65 1066 660 1067 65 1067 61 1067 661 1068 660 1068 61 1068 661 1069 61 1069 57 1069 662 1070 661 1070 57 1070 662 1071 57 1071 55 1071 663 1072 55 1072 49 1072 663 1073 662 1073 55 1073 664 1074 49 1074 45 1074 664 1075 663 1075 49 1075 665 1076 45 1076 42 1076 665 1077 664 1077 45 1077 666 1078 42 1078 37 1078 666 1079 665 1079 42 1079 667 1080 37 1080 33 1080 667 1081 666 1081 37 1081 668 1082 667 1082 33 1082 668 1083 33 1083 29 1083 669 1084 668 1084 29 1084 669 1085 29 1085 25 1085 670 1086 25 1086 21 1086 670 1087 669 1087 25 1087 671 1088 670 1088 21 1088 671 1089 21 1089 17 1089 672 1090 17 1090 13 1090 672 1091 671 1091 17 1091 673 1092 13 1092 9 1092 673 1093 672 1093 13 1093 674 1094 9 1094 2 1094 674 1095 673 1095 9 1095 675 1096 2 1096 1 1096 675 1097 674 1097 2 1097 676 1098 1 1098 628 1098 676 1099 675 1099 1 1099 677 1100 628 1100 624 1100 677 1101 676 1101 628 1101 678 1102 624 1102 620 1102 678 1103 677 1103 624 1103 679 1104 620 1104 616 1104 679 1105 678 1105 620 1105 680 1106 616 1106 612 1106 680 1107 679 1107 616 1107 681 1108 612 1108 608 1108 681 1109 680 1109 612 1109 682 1110 608 1110 604 1110 682 1111 681 1111 608 1111 683 1112 604 1112 600 1112 683 1113 682 1113 604 1113 684 1114 600 1114 596 1114 684 1115 683 1115 600 1115 685 1116 684 1116 596 1116 685 1117 596 1117 592 1117 686 1118 685 1118 592 1118 686 1119 592 1119 588 1119 687 1120 686 1120 588 1120 687 1121 588 1121 584 1121 688 1122 687 1122 584 1122 688 1123 584 1123 580 1123 689 1124 688 1124 580 1124 689 1125 580 1125 576 1125 690 1126 576 1126 572 1126 690 1127 689 1127 576 1127 691 1128 572 1128 568 1128 691 1129 690 1129 572 1129 692 1130 691 1130 568 1130 692 1131 568 1131 564 1131 693 1132 692 1132 564 1132 693 1133 564 1133 560 1133 694 1134 693 1134 560 1134 694 1135 560 1135 556 1135 695 1136 694 1136 556 1136 695 1137 556 1137 552 1137 696 1138 695 1138 552 1138 696 1139 552 1139 548 1139 697 1140 696 1140 548 1140 697 1141 548 1141 544 1141 698 1142 697 1142 544 1142 698 1143 544 1143 540 1143 699 1144 698 1144 540 1144 699 1145 540 1145 537 1145 700 1146 699 1146 537 1146 700 1147 537 1147 532 1147 701 1148 700 1148 532 1148 701 1149 532 1149 528 1149 702 1150 701 1150 528 1150 702 1151 528 1151 524 1151 703 1152 702 1152 524 1152 703 1153 524 1153 520 1153 704 1154 703 1154 520 1154 704 1155 520 1155 516 1155 705 1156 704 1156 516 1156 705 1157 516 1157 512 1157 706 1158 705 1158 512 1158 706 1159 512 1159 508 1159 707 1160 706 1160 508 1160 707 1161 508 1161 504 1161 708 1162 707 1162 504 1162 708 1163 504 1163 501 1163 709 1164 708 1164 501 1164 709 1165 501 1165 497 1165 710 1166 497 1166 491 1166 710 1167 709 1167 497 1167 711 1168 491 1168 485 1168 711 1169 710 1169 491 1169 712 1170 711 1170 485 1170 712 1171 485 1171 479 1171 713 1172 479 1172 473 1172 713 1173 712 1173 479 1173 714 1174 473 1174 467 1174 714 1175 713 1175 473 1175 715 1176 467 1176 461 1176 715 1177 714 1177 467 1177 716 1178 461 1178 455 1178 716 1179 715 1179 461 1179 717 1180 455 1180 449 1180 717 1181 716 1181 455 1181 718 1182 717 1182 449 1182 718 1183 449 1183 443 1183 719 1184 718 1184 443 1184 719 1185 443 1185 437 1185 720 1186 719 1186 437 1186 720 1187 437 1187 431 1187 721 1188 720 1188 431 1188 721 1189 431 1189 425 1189 722 1190 721 1190 425 1190 722 1191 425 1191 419 1191 723 1192 722 1192 419 1192 723 1193 419 1193 413 1193 724 1194 723 1194 413 1194 724 1195 413 1195 407 1195 725 1196 724 1196 407 1196 725 1197 407 1197 401 1197 726 1198 725 1198 401 1198 726 1199 401 1199 395 1199 727 1200 726 1200 395 1200 727 1201 395 1201 389 1201 728 1202 727 1202 389 1202 728 1203 389 1203 383 1203 729 1204 728 1204 383 1204 729 1205 383 1205 377 1205 730 1206 729 1206 377 1206 730 1207 377 1207 371 1207 731 1208 730 1208 371 1208 731 1209 371 1209 365 1209 732 1210 365 1210 359 1210 732 1211 731 1211 365 1211 733 1212 359 1212 353 1212 733 1213 732 1213 359 1213 734 1214 353 1214 347 1214 734 1215 733 1215 353 1215 735 1216 347 1216 341 1216 735 1217 734 1217 347 1217 736 1218 341 1218 335 1218 736 1219 735 1219 341 1219 737 1220 335 1220 329 1220 737 1221 736 1221 335 1221 738 1222 329 1222 323 1222 738 1223 737 1223 329 1223 739 1224 323 1224 317 1224 739 1225 738 1225 323 1225 740 1226 317 1226 311 1226 740 1227 739 1227 317 1227 741 1228 311 1228 305 1228 741 1229 740 1229 311 1229 742 1230 305 1230 299 1230 742 1231 741 1231 305 1231 743 1232 742 1232 299 1232 743 1233 299 1233 293 1233 744 1234 743 1234 293 1234 744 1235 293 1235 287 1235 745 1236 744 1236 287 1236 745 1237 287 1237 281 1237 746 1238 745 1238 281 1238 746 1239 281 1239 275 1239 747 1240 746 1240 275 1240 747 1241 275 1241 269 1241 748 1242 747 1242 269 1242 748 1243 269 1243 263 1243 749 1244 748 1244 263 1244 749 1245 263 1245 257 1245 750 1246 749 1246 257 1246 750 1247 257 1247 251 1247 751 1248 750 1248 251 1248 751 1249 251 1249 245 1249 752 1250 245 1250 239 1250 752 1251 751 1251 245 1251 753 1252 239 1252 233 1252 753 1253 752 1253 239 1253 754 1254 233 1254 227 1254 754 1255 753 1255 233 1255 755 1256 227 1256 221 1256 755 1257 754 1257 227 1257 756 1258 221 1258 215 1258 756 1259 755 1259 221 1259 757 1260 215 1260 209 1260 757 1261 756 1261 215 1261 631 1262 757 1262 209 1262 125 1263 758 1263 119 1263 119 1264 758 1264 115 1264 115 1265 759 1265 111 1265 758 1266 759 1266 115 1266 131 1267 760 1267 125 1267 125 1268 760 1268 758 1268 111 1269 761 1269 107 1269 759 1270 761 1270 111 1270 137 1271 762 1271 131 1271 131 1272 762 1272 760 1272 107 1273 763 1273 103 1273 761 1274 763 1274 107 1274 143 1275 764 1275 137 1275 137 1276 764 1276 762 1276 103 1277 765 1277 99 1277 763 1278 765 1278 103 1278 149 1279 766 1279 143 1279 143 1280 766 1280 764 1280 99 1281 767 1281 95 1281 765 1282 767 1282 99 1282 155 1283 768 1283 149 1283 149 1284 768 1284 766 1284 95 1285 769 1285 91 1285 767 1286 769 1286 95 1286 161 1287 770 1287 155 1287 155 1288 770 1288 768 1288 91 1289 771 1289 87 1289 769 1290 771 1290 91 1290 167 1291 772 1291 161 1291 161 1292 772 1292 770 1292 87 1293 773 1293 83 1293 771 1294 773 1294 87 1294 171 1295 774 1295 167 1295 167 1296 774 1296 772 1296 83 1297 775 1297 80 1297 773 1298 775 1298 83 1298 177 1299 776 1299 171 1299 171 1300 776 1300 774 1300 80 1301 777 1301 75 1301 775 1302 777 1302 80 1302 177 1303 778 1303 776 1303 183 1304 778 1304 177 1304 777 1305 779 1305 75 1305 75 1306 779 1306 71 1306 183 1307 780 1307 778 1307 189 1308 780 1308 183 1308 71 1309 781 1309 67 1309 779 1310 781 1310 71 1310 189 1311 782 1311 780 1311 195 1312 782 1312 189 1312 67 1313 783 1313 63 1313 781 1314 783 1314 67 1314 195 1315 784 1315 782 1315 201 1316 784 1316 195 1316 63 1317 785 1317 59 1317 783 1318 785 1318 63 1318 201 1319 786 1319 784 1319 207 1320 786 1320 201 1320 59 1321 787 1321 52 1321 785 1322 787 1322 59 1322 207 1323 788 1323 786 1323 213 1324 788 1324 207 1324 52 1325 789 1325 53 1325 787 1326 789 1326 52 1326 213 1327 790 1327 788 1327 219 1328 790 1328 213 1328 53 1329 791 1329 47 1329 789 1330 791 1330 53 1330 225 1331 792 1331 219 1331 219 1332 792 1332 790 1332 47 1333 793 1333 39 1333 791 1334 793 1334 47 1334 231 1335 794 1335 225 1335 225 1336 794 1336 792 1336 39 1337 795 1337 40 1337 793 1338 795 1338 39 1338 231 1339 796 1339 794 1339 237 1340 796 1340 231 1340 795 1341 797 1341 40 1341 40 1342 797 1342 35 1342 237 1343 798 1343 796 1343 243 1344 798 1344 237 1344 35 1345 799 1345 31 1345 797 1346 799 1346 35 1346 243 1347 800 1347 798 1347 249 1348 800 1348 243 1348 31 1349 801 1349 27 1349 799 1350 801 1350 31 1350 249 1351 802 1351 800 1351 255 1352 802 1352 249 1352 27 1353 803 1353 23 1353 801 1354 803 1354 27 1354 255 1355 804 1355 802 1355 261 1356 804 1356 255 1356 23 1357 805 1357 19 1357 803 1358 805 1358 23 1358 261 1359 806 1359 804 1359 267 1360 806 1360 261 1360 19 1361 807 1361 15 1361 805 1362 807 1362 19 1362 267 1363 808 1363 806 1363 273 1364 808 1364 267 1364 15 1365 809 1365 11 1365 807 1366 809 1366 15 1366 273 1367 810 1367 808 1367 279 1368 810 1368 273 1368 11 1369 811 1369 5 1369 809 1370 811 1370 11 1370 279 1371 812 1371 810 1371 285 1372 812 1372 279 1372 5 1373 813 1373 6 1373 811 1374 813 1374 5 1374 285 1375 814 1375 812 1375 291 1376 814 1376 285 1376 6 1377 815 1377 630 1377 813 1378 815 1378 6 1378 291 1379 816 1379 814 1379 297 1380 816 1380 291 1380 630 1381 817 1381 626 1381 815 1382 817 1382 630 1382 303 1383 818 1383 297 1383 297 1384 818 1384 816 1384 817 1385 819 1385 626 1385 819 1386 622 1386 626 1386 818 1387 309 1387 820 1387 303 1388 309 1388 818 1388 821 1389 618 1389 819 1389 819 1390 618 1390 622 1390 309 1391 315 1391 820 1391 820 1392 315 1392 822 1392 821 1393 614 1393 618 1393 823 1394 614 1394 821 1394 315 1395 321 1395 822 1395 822 1396 321 1396 824 1396 823 1397 610 1397 614 1397 825 1398 610 1398 823 1398 321 1399 327 1399 824 1399 824 1400 327 1400 826 1400 825 1401 606 1401 610 1401 827 1402 606 1402 825 1402 826 1403 333 1403 828 1403 327 1404 333 1404 826 1404 827 1405 602 1405 606 1405 829 1406 602 1406 827 1406 828 1407 339 1407 830 1407 333 1408 339 1408 828 1408 829 1409 598 1409 602 1409 831 1410 598 1410 829 1410 830 1411 345 1411 832 1411 339 1412 345 1412 830 1412 831 1413 594 1413 598 1413 833 1414 594 1414 831 1414 345 1415 351 1415 832 1415 832 1416 351 1416 834 1416 833 1417 590 1417 594 1417 835 1418 590 1418 833 1418 834 1419 357 1419 836 1419 351 1420 357 1420 834 1420 835 1421 586 1421 590 1421 837 1422 586 1422 835 1422 836 1423 363 1423 838 1423 357 1424 363 1424 836 1424 837 1425 582 1425 586 1425 839 1426 582 1426 837 1426 838 1427 369 1427 840 1427 363 1428 369 1428 838 1428 841 1429 578 1429 839 1429 839 1430 578 1430 582 1430 840 1431 375 1431 842 1431 369 1432 375 1432 840 1432 843 1433 574 1433 841 1433 841 1434 574 1434 578 1434 842 1435 381 1435 844 1435 375 1436 381 1436 842 1436 845 1437 570 1437 843 1437 843 1438 570 1438 574 1438 381 1439 387 1439 844 1439 844 1440 387 1440 846 1440 845 1441 566 1441 570 1441 847 1442 566 1442 845 1442 846 1443 393 1443 848 1443 387 1444 393 1444 846 1444 847 1445 562 1445 566 1445 849 1446 562 1446 847 1446 848 1447 399 1447 850 1447 393 1448 399 1448 848 1448 849 1449 558 1449 562 1449 851 1450 558 1450 849 1450 850 1451 405 1451 852 1451 399 1452 405 1452 850 1452 851 1453 554 1453 558 1453 853 1454 554 1454 851 1454 852 1455 411 1455 854 1455 405 1456 411 1456 852 1456 853 1457 550 1457 554 1457 855 1458 550 1458 853 1458 854 1459 417 1459 856 1459 411 1460 417 1460 854 1460 855 1461 546 1461 550 1461 857 1462 546 1462 855 1462 417 1463 423 1463 856 1463 856 1464 423 1464 858 1464 857 1465 542 1465 546 1465 859 1466 542 1466 857 1466 858 1467 429 1467 860 1467 423 1468 429 1468 858 1468 859 1469 534 1469 542 1469 861 1470 534 1470 859 1470 860 1471 435 1471 862 1471 429 1472 435 1472 860 1472 861 1473 535 1473 534 1473 863 1474 535 1474 861 1474 862 1475 441 1475 864 1475 435 1476 441 1476 862 1476 863 1477 530 1477 535 1477 865 1478 530 1478 863 1478 441 1479 447 1479 864 1479 864 1480 447 1480 866 1480 865 1481 526 1481 530 1481 867 1482 526 1482 865 1482 866 1483 453 1483 868 1483 447 1484 453 1484 866 1484 867 1485 522 1485 526 1485 869 1486 522 1486 867 1486 868 1487 459 1487 870 1487 453 1488 459 1488 868 1488 869 1489 518 1489 522 1489 871 1490 518 1490 869 1490 870 1491 465 1491 872 1491 459 1492 465 1492 870 1492 871 1493 514 1493 518 1493 873 1494 514 1494 871 1494 872 1495 471 1495 874 1495 465 1496 471 1496 872 1496 873 1497 510 1497 514 1497 875 1498 510 1498 873 1498 874 1499 477 1499 876 1499 471 1500 477 1500 874 1500 875 1501 506 1501 510 1501 877 1502 506 1502 875 1502 876 1503 483 1503 878 1503 477 1504 483 1504 876 1504 879 1505 499 1505 877 1505 877 1506 499 1506 506 1506 878 1507 489 1507 879 1507 483 1508 489 1508 878 1508 879 1509 495 1509 499 1509 489 1510 495 1510 879 1510 880 1511 881 1511 882 1511 880 1512 883 1512 884 1512 880 1513 884 1513 885 1513 880 1514 882 1514 883 1514 886 1515 713 1515 714 1515 886 1516 885 1516 713 1516 887 1517 888 1517 881 1517 887 1518 880 1518 885 1518 887 1519 885 1519 886 1519 887 1520 881 1520 880 1520 889 1521 714 1521 715 1521 889 1522 886 1522 714 1522 890 1523 891 1523 888 1523 890 1524 887 1524 886 1524 890 1525 886 1525 889 1525 890 1526 888 1526 887 1526 892 1527 715 1527 716 1527 892 1528 889 1528 715 1528 893 1529 894 1529 891 1529 893 1530 891 1530 890 1530 893 1531 890 1531 889 1531 893 1532 889 1532 892 1532 895 1533 716 1533 717 1533 895 1534 892 1534 716 1534 896 1535 897 1535 894 1535 896 1536 894 1536 893 1536 896 1537 893 1537 892 1537 896 1538 892 1538 895 1538 898 1539 717 1539 718 1539 898 1540 895 1540 717 1540 899 1541 900 1541 897 1541 899 1542 897 1542 896 1542 899 1543 896 1543 895 1543 899 1544 895 1544 898 1544 901 1545 718 1545 719 1545 901 1546 898 1546 718 1546 902 1547 903 1547 900 1547 902 1548 900 1548 899 1548 902 1549 899 1549 898 1549 902 1550 898 1550 901 1550 904 1551 719 1551 720 1551 904 1552 901 1552 719 1552 905 1553 906 1553 903 1553 905 1554 903 1554 902 1554 905 1555 902 1555 901 1555 905 1556 901 1556 904 1556 907 1557 720 1557 721 1557 907 1558 904 1558 720 1558 908 1559 904 1559 907 1559 908 1560 909 1560 906 1560 908 1561 906 1561 905 1561 908 1562 905 1562 904 1562 910 1563 721 1563 722 1563 910 1564 907 1564 721 1564 911 1565 909 1565 908 1565 911 1566 912 1566 909 1566 911 1567 908 1567 907 1567 911 1568 907 1568 910 1568 913 1569 910 1569 722 1569 913 1570 722 1570 723 1570 914 1571 915 1571 912 1571 914 1572 912 1572 911 1572 914 1573 911 1573 910 1573 914 1574 910 1574 913 1574 916 1575 913 1575 723 1575 916 1576 723 1576 724 1576 917 1577 918 1577 915 1577 917 1578 915 1578 914 1578 917 1579 914 1579 913 1579 917 1580 913 1580 916 1580 919 1581 916 1581 724 1581 919 1582 724 1582 725 1582 919 1583 725 1583 920 1583 921 1584 922 1584 923 1584 921 1585 923 1585 918 1585 921 1586 918 1586 917 1586 921 1587 916 1587 919 1587 921 1588 917 1588 916 1588 921 1589 919 1589 920 1589 921 1590 924 1590 922 1590 921 1591 920 1591 924 1591 920 1592 725 1592 726 1592 925 1593 920 1593 726 1593 925 1594 726 1594 727 1594 926 1595 927 1595 922 1595 926 1596 922 1596 924 1596 926 1597 924 1597 920 1597 926 1598 920 1598 925 1598 928 1599 727 1599 728 1599 928 1600 925 1600 727 1600 929 1601 925 1601 928 1601 929 1602 926 1602 925 1602 929 1603 930 1603 927 1603 929 1604 927 1604 926 1604 931 1605 728 1605 729 1605 931 1606 729 1606 730 1606 931 1607 928 1607 728 1607 932 1608 933 1608 930 1608 932 1609 928 1609 931 1609 932 1610 930 1610 929 1610 932 1611 929 1611 928 1611 934 1612 931 1612 730 1612 935 1613 932 1613 931 1613 935 1614 933 1614 932 1614 935 1615 936 1615 933 1615 935 1616 931 1616 934 1616 937 1617 730 1617 731 1617 937 1618 934 1618 730 1618 938 1619 934 1619 937 1619 938 1620 939 1620 936 1620 938 1621 935 1621 934 1621 938 1622 936 1622 935 1622 940 1623 937 1623 731 1623 940 1624 731 1624 732 1624 941 1625 938 1625 937 1625 941 1626 939 1626 938 1626 941 1627 942 1627 939 1627 941 1628 937 1628 940 1628 943 1629 732 1629 733 1629 943 1630 733 1630 734 1630 943 1631 940 1631 732 1631 944 1632 940 1632 943 1632 944 1633 945 1633 942 1633 944 1634 941 1634 940 1634 944 1635 942 1635 941 1635 946 1636 943 1636 734 1636 947 1637 948 1637 945 1637 947 1638 943 1638 946 1638 947 1639 945 1639 944 1639 947 1640 944 1640 943 1640 949 1641 734 1641 735 1641 949 1642 946 1642 734 1642 950 1643 951 1643 948 1643 950 1644 947 1644 946 1644 950 1645 948 1645 947 1645 950 1646 946 1646 949 1646 952 1647 949 1647 735 1647 952 1648 735 1648 736 1648 952 1649 950 1649 949 1649 953 1650 954 1650 951 1650 953 1651 950 1651 952 1651 953 1652 951 1652 950 1652 955 1653 736 1653 737 1653 955 1654 952 1654 736 1654 956 1655 957 1655 954 1655 956 1656 952 1656 955 1656 956 1657 953 1657 952 1657 956 1658 954 1658 953 1658 958 1659 955 1659 737 1659 958 1660 737 1660 738 1660 958 1661 956 1661 955 1661 958 1662 738 1662 739 1662 959 1663 960 1663 957 1663 959 1664 957 1664 956 1664 959 1665 956 1665 958 1665 961 1666 958 1666 739 1666 962 1667 963 1667 960 1667 962 1668 959 1668 958 1668 962 1669 958 1669 961 1669 962 1670 960 1670 959 1670 964 1671 739 1671 740 1671 964 1672 961 1672 739 1672 965 1673 966 1673 963 1673 965 1674 963 1674 962 1674 965 1675 962 1675 961 1675 965 1676 961 1676 964 1676 967 1677 740 1677 741 1677 967 1678 741 1678 742 1678 967 1679 964 1679 740 1679 968 1680 966 1680 965 1680 968 1681 969 1681 966 1681 968 1682 965 1682 964 1682 968 1683 964 1683 967 1683 970 1684 967 1684 742 1684 971 1685 972 1685 969 1685 971 1686 969 1686 968 1686 971 1687 968 1687 967 1687 971 1688 967 1688 970 1688 973 1689 742 1689 743 1689 973 1690 970 1690 742 1690 974 1691 743 1691 744 1691 974 1692 973 1692 743 1692 975 1693 972 1693 971 1693 975 1694 976 1694 972 1694 975 1695 971 1695 970 1695 975 1696 970 1696 973 1696 977 1697 973 1697 974 1697 977 1698 976 1698 975 1698 977 1699 975 1699 973 1699 978 1700 974 1700 744 1700 979 1701 978 1701 744 1701 979 1702 744 1702 745 1702 980 1703 976 1703 977 1703 980 1704 981 1704 976 1704 980 1705 977 1705 974 1705 980 1706 974 1706 978 1706 982 1707 980 1707 978 1707 982 1708 978 1708 979 1708 982 1709 981 1709 980 1709 983 1710 979 1710 745 1710 983 1711 982 1711 979 1711 984 1712 745 1712 746 1712 984 1713 983 1713 745 1713 985 1714 986 1714 981 1714 985 1715 981 1715 982 1715 985 1716 982 1716 983 1716 987 1717 985 1717 983 1717 987 1718 983 1718 984 1718 987 1719 986 1719 985 1719 988 1720 984 1720 746 1720 989 1721 746 1721 747 1721 989 1722 988 1722 746 1722 990 1723 984 1723 988 1723 990 1724 991 1724 986 1724 990 1725 986 1725 987 1725 990 1726 987 1726 984 1726 992 1727 988 1727 989 1727 992 1728 990 1728 988 1728 992 1729 991 1729 990 1729 993 1730 989 1730 747 1730 994 1731 993 1731 747 1731 994 1732 747 1732 748 1732 995 1733 996 1733 991 1733 995 1734 992 1734 989 1734 995 1735 991 1735 992 1735 995 1736 989 1736 993 1736 997 1737 995 1737 993 1737 997 1738 996 1738 995 1738 997 1739 993 1739 994 1739 998 1740 994 1740 748 1740 998 1741 997 1741 994 1741 999 1742 748 1742 749 1742 999 1743 998 1743 748 1743 1000 1744 1001 1744 996 1744 1000 1745 997 1745 998 1745 1000 1746 996 1746 997 1746 1002 1747 1001 1747 1000 1747 1002 1748 998 1748 999 1748 1002 1749 1000 1749 998 1749 1003 1750 1002 1750 999 1750 1003 1751 999 1751 749 1751 1004 1752 1003 1752 749 1752 1004 1753 749 1753 750 1753 1005 1754 1006 1754 1001 1754 1005 1755 1002 1755 1003 1755 1005 1756 1001 1756 1002 1756 1007 1757 1006 1757 1005 1757 1007 1758 1005 1758 1003 1758 1007 1759 1003 1759 1004 1759 1008 1760 1004 1760 750 1760 1009 1761 750 1761 751 1761 1009 1762 1008 1762 750 1762 1010 1763 1011 1763 1006 1763 1010 1764 1006 1764 1007 1764 1010 1765 1007 1765 1004 1765 1010 1766 1004 1766 1008 1766 1012 1767 1010 1767 1008 1767 1012 1768 1011 1768 1010 1768 1012 1769 1008 1769 1009 1769 1013 1770 1009 1770 751 1770 1014 1771 1015 1771 1011 1771 1014 1772 1011 1772 1012 1772 1014 1773 1009 1773 1013 1773 1014 1774 1012 1774 1009 1774 1016 1775 1013 1775 751 1775 1016 1776 751 1776 752 1776 1017 1777 1013 1777 1016 1777 1017 1778 1014 1778 1013 1778 1017 1779 1015 1779 1014 1779 1018 1780 1016 1780 752 1780 1019 1781 1020 1781 1015 1781 1019 1782 1017 1782 1016 1782 1019 1783 1015 1783 1017 1783 1019 1784 1016 1784 1018 1784 1021 1785 752 1785 753 1785 1021 1786 1018 1786 752 1786 1022 1787 1018 1787 1021 1787 1022 1788 1020 1788 1019 1788 1022 1789 1019 1789 1018 1789 1023 1790 1021 1790 753 1790 1024 1791 1021 1791 1023 1791 1024 1792 1020 1792 1022 1792 1024 1793 1022 1793 1021 1793 1024 1794 1025 1794 1020 1794 1026 1795 753 1795 754 1795 1026 1796 1023 1796 753 1796 1027 1797 1023 1797 1026 1797 1027 1798 1025 1798 1024 1798 1027 1799 1024 1799 1023 1799 1028 1800 1026 1800 754 1800 1029 1801 1027 1801 1026 1801 1029 1802 1025 1802 1027 1802 1029 1803 1026 1803 1028 1803 1029 1804 1030 1804 1025 1804 1031 1805 1028 1805 754 1805 1031 1806 754 1806 755 1806 1032 1807 1028 1807 1031 1807 1032 1808 1029 1808 1028 1808 1032 1809 1030 1809 1029 1809 1033 1810 1031 1810 755 1810 1034 1811 1032 1811 1031 1811 1034 1812 1031 1812 1033 1812 1034 1813 1035 1813 1030 1813 1034 1814 1030 1814 1032 1814 1036 1815 1033 1815 755 1815 1036 1816 755 1816 756 1816 1037 1817 1034 1817 1033 1817 1037 1818 1035 1818 1034 1818 1037 1819 1033 1819 1036 1819 1038 1820 1036 1820 756 1820 1039 1821 1037 1821 1036 1821 1039 1822 1036 1822 1038 1822 1039 1823 1035 1823 1037 1823 1039 1824 1040 1824 1035 1824 1041 1825 756 1825 757 1825 1041 1826 1038 1826 756 1826 1042 1827 1039 1827 1038 1827 1042 1828 1038 1828 1041 1828 1042 1829 1040 1829 1039 1829 1043 1830 1041 1830 757 1830 1044 1831 1041 1831 1043 1831 1044 1832 1040 1832 1042 1832 1044 1833 1042 1833 1041 1833 1044 1834 1045 1834 1040 1834 1046 1835 757 1835 631 1835 1046 1836 1043 1836 757 1836 1047 1837 1045 1837 1044 1837 1047 1838 1043 1838 1046 1838 1047 1839 1044 1839 1043 1839 1048 1840 1046 1840 631 1840 1049 1841 1045 1841 1047 1841 1049 1842 1047 1842 1046 1842 1049 1843 1046 1843 1048 1843 1049 1844 1050 1844 1045 1844 1051 1845 631 1845 632 1845 1051 1846 1048 1846 631 1846 1052 1847 1049 1847 1048 1847 1052 1848 1050 1848 1049 1848 1052 1849 1048 1849 1051 1849 1053 1850 1051 1850 632 1850 1054 1851 1050 1851 1052 1851 1054 1852 1055 1852 1050 1852 1054 1853 1052 1853 1051 1853 1054 1854 1051 1854 1053 1854 1056 1855 632 1855 633 1855 1056 1856 1053 1856 632 1856 1057 1857 1054 1857 1053 1857 1057 1858 1053 1858 1056 1858 1057 1859 1055 1859 1054 1859 1058 1860 1056 1860 633 1860 1059 1861 1056 1861 1058 1861 1059 1862 1055 1862 1057 1862 1059 1863 1060 1863 1055 1863 1059 1864 1057 1864 1056 1864 1061 1865 633 1865 634 1865 1061 1866 1058 1866 633 1866 1062 1867 1059 1867 1058 1867 1062 1868 1058 1868 1061 1868 1062 1869 1060 1869 1059 1869 1063 1870 1061 1870 634 1870 1064 1871 1061 1871 1063 1871 1064 1872 1062 1872 1061 1872 1064 1873 1060 1873 1062 1873 1064 1874 1065 1874 1060 1874 1066 1875 1063 1875 634 1875 1066 1876 634 1876 635 1876 1067 1877 1063 1877 1066 1877 1067 1878 1064 1878 1063 1878 1067 1879 1065 1879 1064 1879 1068 1880 1066 1880 635 1880 1068 1881 1067 1881 1066 1881 1069 1882 1065 1882 1067 1882 1069 1883 1067 1883 1068 1883 1069 1884 1070 1884 1065 1884 1071 1885 1068 1885 635 1885 1071 1886 635 1886 636 1886 1072 1887 1069 1887 1068 1887 1072 1888 1070 1888 1069 1888 1072 1889 1068 1889 1071 1889 1073 1890 1071 1890 636 1890 1074 1891 1071 1891 1073 1891 1074 1892 1072 1892 1071 1892 1074 1893 1070 1893 1072 1893 1074 1894 1075 1894 1070 1894 1076 1895 1073 1895 636 1895 1076 1896 1074 1896 1073 1896 1076 1897 636 1897 637 1897 1077 1898 1075 1898 1074 1898 1077 1899 1074 1899 1076 1899 1078 1900 1076 1900 637 1900 1079 1901 1076 1901 1078 1901 1079 1902 1077 1902 1076 1902 1079 1903 1075 1903 1077 1903 1079 1904 1080 1904 1075 1904 1081 1905 1078 1905 637 1905 1081 1906 637 1906 638 1906 1082 1907 1079 1907 1078 1907 1082 1908 1078 1908 1081 1908 1082 1909 1080 1909 1079 1909 1083 1910 1081 1910 638 1910 1083 1911 1082 1911 1081 1911 1084 1912 1080 1912 1082 1912 1084 1913 1082 1913 1083 1913 1084 1914 1085 1914 1080 1914 1086 1915 1083 1915 638 1915 1086 1916 638 1916 639 1916 1087 1917 1083 1917 1086 1917 1087 1918 1084 1918 1083 1918 1087 1919 1085 1919 1084 1919 1088 1920 1086 1920 639 1920 1089 1921 1087 1921 1086 1921 1089 1922 1086 1922 1088 1922 1089 1923 1085 1923 1087 1923 1089 1924 1090 1924 1085 1924 1091 1925 1088 1925 639 1925 1091 1926 639 1926 640 1926 1091 1927 1089 1927 1088 1927 1092 1928 1090 1928 1089 1928 1092 1929 1089 1929 1091 1929 1093 1930 1091 1930 640 1930 1094 1931 1095 1931 1090 1931 1094 1932 1091 1932 1093 1932 1094 1933 1092 1933 1091 1933 1094 1934 1090 1934 1092 1934 1096 1935 1093 1935 640 1935 1096 1936 640 1936 641 1936 1097 1937 1093 1937 1096 1937 1097 1938 1095 1938 1094 1938 1097 1939 1094 1939 1093 1939 1098 1940 1096 1940 641 1940 1099 1941 1095 1941 1097 1941 1099 1942 1100 1942 1095 1942 1099 1943 1097 1943 1096 1943 1099 1944 1096 1944 1098 1944 1101 1945 1099 1945 1098 1945 1101 1946 1098 1946 641 1946 1101 1947 641 1947 642 1947 1102 1948 1099 1948 1101 1948 1102 1949 1100 1949 1099 1949 1103 1950 1101 1950 642 1950 1104 1951 1100 1951 1102 1951 1104 1952 1101 1952 1103 1952 1104 1953 1102 1953 1101 1953 1104 1954 1105 1954 1100 1954 1106 1955 1103 1955 642 1955 1106 1956 642 1956 643 1956 1107 1957 1103 1957 1106 1957 1107 1958 1104 1958 1103 1958 1107 1959 1105 1959 1104 1959 1108 1960 1106 1960 643 1960 1109 1961 1105 1961 1107 1961 1109 1962 1106 1962 1108 1962 1109 1963 1107 1963 1106 1963 1109 1964 1110 1964 1105 1964 1111 1965 1108 1965 643 1965 1111 1966 643 1966 644 1966 1112 1967 1108 1967 1111 1967 1112 1968 1109 1968 1108 1968 1112 1969 1110 1969 1109 1969 1113 1970 1111 1970 644 1970 1114 1971 1110 1971 1112 1971 1114 1972 1111 1972 1113 1972 1114 1973 1112 1973 1111 1973 1114 1974 1115 1974 1110 1974 1116 1975 1113 1975 644 1975 1116 1976 1114 1976 1113 1976 1116 1977 644 1977 645 1977 1117 1978 1115 1978 1114 1978 1117 1979 1114 1979 1116 1979 1118 1980 1116 1980 645 1980 1118 1981 1117 1981 1116 1981 1119 1982 1115 1982 1117 1982 1119 1983 1117 1983 1118 1983 1119 1984 1120 1984 1115 1984 1121 1985 1118 1985 645 1985 1121 1986 645 1986 646 1986 1122 1987 1118 1987 1121 1987 1122 1988 1119 1988 1118 1988 1122 1989 1120 1989 1119 1989 1123 1990 1121 1990 646 1990 1124 1991 1122 1991 1121 1991 1124 1992 1121 1992 1123 1992 1124 1993 1120 1993 1122 1993 1124 1994 1125 1994 1120 1994 1126 1995 1123 1995 646 1995 1126 1996 646 1996 647 1996 1127 1997 1123 1997 1126 1997 1127 1998 1124 1998 1123 1998 1127 1999 1125 1999 1124 1999 1128 2000 1126 2000 647 2000 1129 2001 1127 2001 1126 2001 1129 2002 1126 2002 1128 2002 1129 2003 1125 2003 1127 2003 1129 2004 1130 2004 1125 2004 1131 2005 1128 2005 647 2005 1131 2006 647 2006 648 2006 1132 2007 1128 2007 1131 2007 1132 2008 1129 2008 1128 2008 1132 2009 1130 2009 1129 2009 1133 2010 1131 2010 648 2010 1134 2011 1135 2011 1130 2011 1134 2012 1131 2012 1133 2012 1134 2013 1132 2013 1131 2013 1134 2014 1130 2014 1132 2014 1136 2015 1133 2015 648 2015 1136 2016 648 2016 649 2016 1137 2017 1133 2017 1136 2017 1137 2018 1135 2018 1134 2018 1137 2019 1134 2019 1133 2019 1138 2020 1136 2020 649 2020 1139 2021 1140 2021 1135 2021 1139 2022 1136 2022 1138 2022 1139 2023 1137 2023 1136 2023 1139 2024 1135 2024 1137 2024 1141 2025 1138 2025 649 2025 1141 2026 649 2026 650 2026 1142 2027 1140 2027 1139 2027 1142 2028 1139 2028 1138 2028 1142 2029 1138 2029 1141 2029 1143 2030 1141 2030 650 2030 1143 2031 1142 2031 1141 2031 1144 2032 1140 2032 1142 2032 1144 2033 1142 2033 1143 2033 1144 2034 1145 2034 1140 2034 1146 2035 1144 2035 1143 2035 1146 2036 1143 2036 650 2036 1146 2037 650 2037 651 2037 1147 2038 1144 2038 1146 2038 1147 2039 1145 2039 1144 2039 1148 2040 1146 2040 651 2040 1148 2041 1147 2041 1146 2041 1149 2042 1145 2042 1147 2042 1149 2043 1147 2043 1148 2043 1149 2044 1150 2044 1145 2044 1151 2045 1149 2045 1148 2045 1151 2046 1148 2046 651 2046 1151 2047 651 2047 652 2047 1152 2048 1149 2048 1151 2048 1152 2049 1150 2049 1149 2049 1153 2050 1151 2050 652 2050 1154 2051 1150 2051 1152 2051 1154 2052 1151 2052 1153 2052 1154 2053 1155 2053 1150 2053 1154 2054 1152 2054 1151 2054 1156 2055 1154 2055 1153 2055 1156 2056 1153 2056 652 2056 1156 2057 652 2057 653 2057 1157 2058 1156 2058 653 2058 1158 2059 1154 2059 1156 2059 1158 2060 1155 2060 1154 2060 1159 2061 1156 2061 1157 2061 1159 2062 1155 2062 1158 2062 1159 2063 1160 2063 1155 2063 1159 2064 1158 2064 1156 2064 1161 2065 1159 2065 1157 2065 1161 2066 653 2066 654 2066 1161 2067 1157 2067 653 2067 1162 2068 1161 2068 654 2068 1163 2069 1159 2069 1161 2069 1163 2070 1160 2070 1159 2070 1164 2071 1161 2071 1162 2071 1164 2072 1160 2072 1163 2072 1164 2073 1165 2073 1160 2073 1164 2074 1163 2074 1161 2074 1166 2075 1164 2075 1162 2075 1166 2076 654 2076 655 2076 1166 2077 1162 2077 654 2077 1167 2078 1166 2078 655 2078 1168 2079 1164 2079 1166 2079 1168 2080 1165 2080 1164 2080 1169 2081 1166 2081 1167 2081 1169 2082 1165 2082 1168 2082 1169 2083 1170 2083 1165 2083 1169 2084 1168 2084 1166 2084 1171 2085 1169 2085 1167 2085 1171 2086 655 2086 656 2086 1171 2087 1167 2087 655 2087 1172 2088 1171 2088 656 2088 1173 2089 1170 2089 1169 2089 1173 2090 1169 2090 1171 2090 1174 2091 1170 2091 1173 2091 1174 2092 1175 2092 1170 2092 1174 2093 1173 2093 1171 2093 1174 2094 1171 2094 1172 2094 1176 2095 1172 2095 656 2095 1176 2096 656 2096 657 2096 1177 2097 1176 2097 657 2097 1178 2098 1175 2098 1174 2098 1178 2099 1174 2099 1172 2099 1178 2100 1172 2100 1176 2100 1178 2101 1176 2101 1177 2101 1179 2102 1180 2102 1175 2102 1179 2103 1178 2103 1177 2103 1179 2104 1175 2104 1178 2104 1181 2105 657 2105 658 2105 1181 2106 1177 2106 657 2106 1181 2107 1179 2107 1177 2107 1182 2108 1181 2108 658 2108 1183 2109 1180 2109 1179 2109 1183 2110 1181 2110 1182 2110 1183 2111 1179 2111 1181 2111 1184 2112 1180 2112 1183 2112 1184 2113 1183 2113 1182 2113 1184 2114 1185 2114 1180 2114 1186 2115 1182 2115 658 2115 1186 2116 658 2116 659 2116 1187 2117 1186 2117 659 2117 1188 2118 1182 2118 1186 2118 1188 2119 1184 2119 1182 2119 1188 2120 1185 2120 1184 2120 1189 2121 1188 2121 1186 2121 1189 2122 1186 2122 1187 2122 1189 2123 1185 2123 1188 2123 1189 2124 1190 2124 1185 2124 1191 2125 1187 2125 659 2125 1191 2126 1189 2126 1187 2126 1191 2127 659 2127 660 2127 1192 2128 1191 2128 660 2128 1193 2129 1190 2129 1189 2129 1193 2130 1189 2130 1191 2130 1194 2131 1191 2131 1192 2131 1194 2132 1190 2132 1193 2132 1194 2133 1193 2133 1191 2133 1194 2134 1195 2134 1190 2134 1196 2135 1194 2135 1192 2135 1196 2136 1192 2136 660 2136 1196 2137 660 2137 661 2137 1197 2138 1196 2138 661 2138 1198 2139 1194 2139 1196 2139 1198 2140 1195 2140 1194 2140 1199 2141 1196 2141 1197 2141 1199 2142 1198 2142 1196 2142 1199 2143 1195 2143 1198 2143 1199 2144 1200 2144 1195 2144 1201 2145 1197 2145 661 2145 1201 2146 661 2146 662 2146 1202 2147 1201 2147 662 2147 1203 2148 1197 2148 1201 2148 1203 2149 1199 2149 1197 2149 1203 2150 1200 2150 1199 2150 1204 2151 1201 2151 1202 2151 1204 2152 1203 2152 1201 2152 1204 2153 1200 2153 1203 2153 1204 2154 1205 2154 1200 2154 1206 2155 1202 2155 662 2155 1206 2156 662 2156 663 2156 1207 2157 1206 2157 663 2157 1208 2158 1202 2158 1206 2158 1208 2159 1204 2159 1202 2159 1208 2160 1205 2160 1204 2160 1208 2161 1206 2161 1207 2161 1209 2162 1210 2162 1205 2162 1209 2163 1205 2163 1208 2163 1209 2164 1208 2164 1207 2164 1211 2165 1207 2165 663 2165 1211 2166 663 2166 664 2166 1212 2167 1211 2167 664 2167 1213 2168 1207 2168 1211 2168 1213 2169 1210 2169 1209 2169 1213 2170 1209 2170 1207 2170 1214 2171 1215 2171 1210 2171 1214 2172 1211 2172 1212 2172 1214 2173 1210 2173 1213 2173 1214 2174 1213 2174 1211 2174 1216 2175 1212 2175 664 2175 1216 2176 664 2176 665 2176 1217 2177 1216 2177 665 2177 1218 2178 1212 2178 1216 2178 1218 2179 1215 2179 1214 2179 1218 2180 1214 2180 1212 2180 1219 2181 1220 2181 1215 2181 1219 2182 1216 2182 1217 2182 1219 2183 1215 2183 1218 2183 1219 2184 1218 2184 1216 2184 1221 2185 1217 2185 665 2185 1221 2186 665 2186 666 2186 1222 2187 1221 2187 666 2187 1223 2188 1217 2188 1221 2188 1223 2189 1220 2189 1219 2189 1223 2190 1219 2190 1217 2190 1224 2191 1223 2191 1221 2191 1224 2192 1225 2192 1220 2192 1224 2193 1221 2193 1222 2193 1224 2194 1220 2194 1223 2194 1226 2195 1222 2195 666 2195 1226 2196 666 2196 667 2196 1227 2197 1226 2197 667 2197 1228 2198 1225 2198 1224 2198 1228 2199 1224 2199 1222 2199 1228 2200 1222 2200 1226 2200 1229 2201 1226 2201 1227 2201 1229 2202 1225 2202 1228 2202 1229 2203 1228 2203 1226 2203 1229 2204 1230 2204 1225 2204 1231 2205 1227 2205 667 2205 1231 2206 667 2206 668 2206 1232 2207 1231 2207 668 2207 1233 2208 1227 2208 1231 2208 1233 2209 1229 2209 1227 2209 1233 2210 1230 2210 1229 2210 1234 2211 1231 2211 1232 2211 1234 2212 1230 2212 1233 2212 1234 2213 1233 2213 1231 2213 1234 2214 1235 2214 1230 2214 1236 2215 1232 2215 668 2215 1236 2216 668 2216 669 2216 1237 2217 1236 2217 669 2217 1238 2218 1232 2218 1236 2218 1238 2219 1234 2219 1232 2219 1238 2220 1235 2220 1234 2220 1239 2221 1236 2221 1237 2221 1239 2222 1235 2222 1238 2222 1239 2223 1238 2223 1236 2223 1239 2224 1240 2224 1235 2224 1241 2225 1237 2225 669 2225 1241 2226 669 2226 670 2226 1242 2227 1241 2227 670 2227 1243 2228 1237 2228 1241 2228 1243 2229 1239 2229 1237 2229 1243 2230 1240 2230 1239 2230 1244 2231 1241 2231 1242 2231 1244 2232 1243 2232 1241 2232 1244 2233 1240 2233 1243 2233 1244 2234 1245 2234 1240 2234 1246 2235 1242 2235 670 2235 1246 2236 670 2236 671 2236 1247 2237 1246 2237 671 2237 1248 2238 1242 2238 1246 2238 1248 2239 1244 2239 1242 2239 1248 2240 1245 2240 1244 2240 1249 2241 1250 2241 1245 2241 1249 2242 1248 2242 1246 2242 1249 2243 1246 2243 1247 2243 1249 2244 1245 2244 1248 2244 1251 2245 671 2245 672 2245 1251 2246 1247 2246 671 2246 1252 2247 1251 2247 672 2247 1253 2248 1250 2248 1249 2248 1253 2249 1249 2249 1247 2249 1253 2250 1247 2250 1251 2250 1253 2251 1251 2251 1252 2251 1254 2252 1255 2252 1250 2252 1254 2253 1250 2253 1253 2253 1254 2254 1253 2254 1252 2254 1256 2255 672 2255 673 2255 1256 2256 1252 2256 672 2256 1257 2257 1256 2257 673 2257 1258 2258 1255 2258 1254 2258 1258 2259 1254 2259 1252 2259 1258 2260 1252 2260 1256 2260 1259 2261 1260 2261 1255 2261 1259 2262 1255 2262 1258 2262 1259 2263 1256 2263 1257 2263 1259 2264 1258 2264 1256 2264 1261 2265 673 2265 674 2265 1261 2266 1257 2266 673 2266 1262 2267 1261 2267 674 2267 1263 2268 1260 2268 1259 2268 1263 2269 1259 2269 1257 2269 1263 2270 1257 2270 1261 2270 1264 2271 1265 2271 1260 2271 1264 2272 1260 2272 1263 2272 1264 2273 1261 2273 1262 2273 1264 2274 1263 2274 1261 2274 1266 2275 674 2275 675 2275 1266 2276 1262 2276 674 2276 1267 2277 1266 2277 675 2277 1268 2278 1262 2278 1266 2278 1268 2279 1265 2279 1264 2279 1268 2280 1264 2280 1262 2280 1269 2281 1268 2281 1266 2281 1269 2282 1265 2282 1268 2282 1269 2283 1270 2283 1265 2283 1269 2284 1266 2284 1267 2284 1271 2285 675 2285 676 2285 1271 2286 1267 2286 675 2286 1272 2287 1271 2287 676 2287 1273 2288 1269 2288 1267 2288 1273 2289 1270 2289 1269 2289 1273 2290 1267 2290 1271 2290 1274 2291 1270 2291 1273 2291 1274 2292 1271 2292 1272 2292 1274 2293 1273 2293 1271 2293 1274 2294 1275 2294 1270 2294 1276 2295 676 2295 677 2295 1276 2296 1272 2296 676 2296 1277 2297 1276 2297 677 2297 1278 2298 1274 2298 1272 2298 1278 2299 1275 2299 1274 2299 1278 2300 1272 2300 1276 2300 1279 2301 1275 2301 1278 2301 1279 2302 1276 2302 1277 2302 1279 2303 1278 2303 1276 2303 1279 2304 1280 2304 1275 2304 1281 2305 677 2305 678 2305 1281 2306 1277 2306 677 2306 1282 2307 1281 2307 678 2307 1283 2308 1279 2308 1277 2308 1283 2309 1280 2309 1279 2309 1283 2310 1277 2310 1281 2310 1284 2311 1280 2311 1283 2311 1284 2312 1281 2312 1282 2312 1284 2313 1283 2313 1281 2313 1284 2314 1285 2314 1280 2314 1286 2315 678 2315 679 2315 1286 2316 1282 2316 678 2316 1287 2317 1284 2317 1282 2317 1287 2318 1285 2318 1284 2318 1287 2319 1282 2319 1286 2319 1288 2320 679 2320 680 2320 1288 2321 1286 2321 679 2321 1289 2322 1290 2322 1285 2322 1289 2323 1285 2323 1287 2323 1289 2324 1287 2324 1286 2324 1289 2325 1286 2325 1288 2325 1291 2326 680 2326 681 2326 1291 2327 1288 2327 680 2327 1292 2328 1293 2328 1290 2328 1292 2329 1290 2329 1289 2329 1292 2330 1289 2330 1288 2330 1292 2331 1288 2331 1291 2331 1294 2332 681 2332 682 2332 1294 2333 1291 2333 681 2333 1295 2334 1296 2334 1293 2334 1295 2335 1293 2335 1292 2335 1295 2336 1292 2336 1291 2336 1295 2337 1291 2337 1294 2337 1297 2338 682 2338 683 2338 1297 2339 1294 2339 682 2339 1298 2340 1299 2340 1296 2340 1298 2341 1296 2341 1295 2341 1298 2342 1295 2342 1294 2342 1298 2343 1294 2343 1297 2343 1300 2344 683 2344 684 2344 1300 2345 1297 2345 683 2345 1301 2346 1302 2346 1299 2346 1301 2347 1299 2347 1298 2347 1301 2348 1298 2348 1297 2348 1301 2349 1297 2349 1300 2349 1303 2350 1300 2350 684 2350 1303 2351 684 2351 685 2351 1304 2352 1300 2352 1303 2352 1304 2353 1305 2353 1302 2353 1304 2354 1302 2354 1301 2354 1304 2355 1301 2355 1300 2355 1306 2356 1303 2356 685 2356 1306 2357 685 2357 686 2357 1307 2358 1303 2358 1306 2358 1307 2359 1308 2359 1305 2359 1307 2360 1304 2360 1303 2360 1307 2361 1305 2361 1304 2361 1309 2362 1306 2362 686 2362 1309 2363 686 2363 687 2363 1310 2364 1306 2364 1309 2364 1310 2365 1311 2365 1308 2365 1310 2366 1307 2366 1306 2366 1310 2367 1308 2367 1307 2367 1312 2368 1309 2368 687 2368 1312 2369 687 2369 688 2369 1313 2370 1314 2370 1311 2370 1313 2371 1309 2371 1312 2371 1313 2372 1310 2372 1309 2372 1313 2373 1311 2373 1310 2373 1315 2374 688 2374 689 2374 1315 2375 1312 2375 688 2375 1316 2376 1313 2376 1312 2376 1316 2377 1312 2377 1315 2377 1316 2378 1317 2378 1314 2378 1316 2379 1314 2379 1313 2379 1318 2380 1315 2380 689 2380 1318 2381 689 2381 690 2381 1319 2382 1316 2382 1315 2382 1319 2383 1315 2383 1318 2383 1319 2384 1317 2384 1316 2384 1319 2385 1320 2385 1317 2385 1321 2386 1318 2386 690 2386 1321 2387 690 2387 691 2387 1322 2388 1319 2388 1318 2388 1322 2389 1318 2389 1321 2389 1322 2390 1320 2390 1319 2390 1322 2391 1323 2391 1320 2391 1324 2392 691 2392 692 2392 1324 2393 1321 2393 691 2393 1325 2394 1322 2394 1321 2394 1325 2395 1321 2395 1324 2395 1325 2396 1323 2396 1322 2396 1325 2397 1326 2397 1323 2397 1327 2398 692 2398 693 2398 1327 2399 1324 2399 692 2399 1328 2400 1325 2400 1324 2400 1328 2401 1326 2401 1325 2401 1328 2402 1324 2402 1327 2402 1328 2403 1329 2403 1326 2403 1330 2404 693 2404 694 2404 1330 2405 1327 2405 693 2405 1331 2406 1332 2406 1329 2406 1331 2407 1328 2407 1327 2407 1331 2408 1329 2408 1328 2408 1331 2409 1327 2409 1330 2409 1333 2410 694 2410 695 2410 1333 2411 1330 2411 694 2411 1334 2412 1335 2412 1332 2412 1334 2413 1332 2413 1331 2413 1334 2414 1331 2414 1330 2414 1334 2415 1330 2415 1333 2415 1336 2416 695 2416 696 2416 1336 2417 1333 2417 695 2417 1337 2418 1338 2418 1335 2418 1337 2419 1335 2419 1334 2419 1337 2420 1334 2420 1333 2420 1337 2421 1333 2421 1336 2421 1339 2422 696 2422 697 2422 1339 2423 1336 2423 696 2423 1340 2424 1341 2424 1338 2424 1340 2425 1338 2425 1337 2425 1340 2426 1337 2426 1336 2426 1340 2427 1336 2427 1339 2427 1342 2428 697 2428 698 2428 1342 2429 1339 2429 697 2429 1343 2430 1344 2430 1341 2430 1343 2431 1341 2431 1340 2431 1343 2432 1340 2432 1339 2432 1343 2433 1339 2433 1342 2433 1345 2434 698 2434 699 2434 1345 2435 1342 2435 698 2435 1346 2436 1347 2436 1344 2436 1346 2437 1344 2437 1343 2437 1346 2438 1343 2438 1342 2438 1346 2439 1342 2439 1345 2439 1348 2440 699 2440 700 2440 1348 2441 1345 2441 699 2441 1349 2442 1350 2442 1347 2442 1349 2443 1347 2443 1346 2443 1349 2444 1346 2444 1345 2444 1349 2445 1345 2445 1348 2445 1351 2446 700 2446 701 2446 1351 2447 1348 2447 700 2447 1352 2448 1353 2448 1350 2448 1352 2449 1350 2449 1349 2449 1352 2450 1349 2450 1348 2450 1352 2451 1348 2451 1351 2451 1354 2452 701 2452 702 2452 1354 2453 1351 2453 701 2453 1355 2454 1356 2454 1353 2454 1355 2455 1353 2455 1352 2455 1355 2456 1352 2456 1351 2456 1355 2457 1351 2457 1354 2457 1357 2458 702 2458 703 2458 1357 2459 1354 2459 702 2459 1358 2460 1359 2460 1356 2460 1358 2461 1356 2461 1355 2461 1358 2462 1355 2462 1354 2462 1358 2463 1354 2463 1357 2463 1360 2464 703 2464 704 2464 1360 2465 1357 2465 703 2465 1361 2466 1362 2466 1359 2466 1361 2467 1359 2467 1358 2467 1361 2468 1358 2468 1357 2468 1361 2469 1357 2469 1360 2469 1363 2470 704 2470 705 2470 1363 2471 1360 2471 704 2471 1364 2472 1361 2472 1360 2472 1364 2473 1365 2473 1362 2473 1364 2474 1362 2474 1361 2474 1364 2475 1360 2475 1363 2475 1366 2476 1363 2476 705 2476 1366 2477 705 2477 706 2477 1367 2478 1365 2478 1364 2478 1367 2479 1364 2479 1363 2479 1367 2480 1368 2480 1365 2480 1367 2481 1363 2481 1366 2481 1369 2482 1366 2482 706 2482 1369 2483 706 2483 707 2483 1370 2484 1368 2484 1367 2484 1370 2485 1367 2485 1366 2485 1370 2486 1371 2486 1372 2486 1370 2487 1372 2487 1368 2487 1370 2488 1366 2488 1369 2488 1373 2489 1369 2489 707 2489 1373 2490 707 2490 708 2490 1374 2491 1370 2491 1369 2491 1374 2492 1371 2492 1370 2492 1374 2493 1369 2493 1373 2493 1375 2494 1373 2494 708 2494 1375 2495 708 2495 709 2495 1376 2496 1377 2496 1371 2496 1376 2497 1374 2497 1373 2497 1376 2498 1371 2498 1374 2498 1376 2499 1373 2499 1375 2499 1378 2500 1375 2500 709 2500 1378 2501 709 2501 710 2501 1379 2502 1376 2502 1375 2502 1379 2503 1375 2503 1378 2503 1379 2504 1380 2504 1377 2504 1379 2505 1377 2505 1376 2505 1381 2506 1378 2506 710 2506 1381 2507 710 2507 711 2507 1382 2508 1379 2508 1378 2508 1382 2509 1383 2509 1380 2509 1382 2510 1380 2510 1379 2510 1382 2511 1378 2511 1381 2511 884 2512 711 2512 712 2512 884 2513 1381 2513 711 2513 883 2514 882 2514 1383 2514 883 2515 1382 2515 1381 2515 883 2516 1383 2516 1382 2516 883 2517 1381 2517 884 2517 885 2518 712 2518 713 2518 885 2519 884 2519 712 2519 1384 2520 1125 2520 1130 2520 1384 2521 1120 2521 1125 2521 1385 2522 1384 2522 1130 2522 1385 2523 1130 2523 1135 2523 1386 2524 1120 2524 1384 2524 1386 2525 1115 2525 1120 2525 1387 2526 1135 2526 1140 2526 1387 2527 1385 2527 1135 2527 1388 2528 1110 2528 1115 2528 1388 2529 1115 2529 1386 2529 1389 2530 1387 2530 1140 2530 1389 2531 1140 2531 1145 2531 1390 2532 1105 2532 1110 2532 1390 2533 1110 2533 1388 2533 1391 2534 1389 2534 1145 2534 1391 2535 1145 2535 1150 2535 1392 2536 1105 2536 1390 2536 1392 2537 1100 2537 1105 2537 1393 2538 1391 2538 1150 2538 1393 2539 1150 2539 1155 2539 1394 2540 1100 2540 1392 2540 1394 2541 1095 2541 1100 2541 1395 2542 1393 2542 1155 2542 1395 2543 1155 2543 1160 2543 1396 2544 1095 2544 1394 2544 1396 2545 1090 2545 1095 2545 1397 2546 1395 2546 1160 2546 1397 2547 1160 2547 1165 2547 1398 2548 1090 2548 1396 2548 1398 2549 1085 2549 1090 2549 1399 2550 1397 2550 1165 2550 1399 2551 1165 2551 1170 2551 1400 2552 1085 2552 1398 2552 1400 2553 1080 2553 1085 2553 1401 2554 1399 2554 1170 2554 1401 2555 1170 2555 1175 2555 1402 2556 1080 2556 1400 2556 1402 2557 1075 2557 1080 2557 1403 2558 1401 2558 1175 2558 1403 2559 1175 2559 1180 2559 1404 2560 1075 2560 1402 2560 1404 2561 1070 2561 1075 2561 1405 2562 1403 2562 1180 2562 1405 2563 1180 2563 1185 2563 1406 2564 1070 2564 1404 2564 1406 2565 1065 2565 1070 2565 1407 2566 1405 2566 1185 2566 1407 2567 1185 2567 1190 2567 1408 2568 1065 2568 1406 2568 1408 2569 1060 2569 1065 2569 1409 2570 1407 2570 1190 2570 1409 2571 1190 2571 1195 2571 1410 2572 1060 2572 1408 2572 1410 2573 1055 2573 1060 2573 1411 2574 1195 2574 1200 2574 1411 2575 1409 2575 1195 2575 1412 2576 1055 2576 1410 2576 1412 2577 1050 2577 1055 2577 1413 2578 1411 2578 1200 2578 1413 2579 1200 2579 1205 2579 1414 2580 1050 2580 1412 2580 1414 2581 1045 2581 1050 2581 1415 2582 1205 2582 1210 2582 1415 2583 1413 2583 1205 2583 1416 2584 1045 2584 1414 2584 1416 2585 1040 2585 1045 2585 1417 2586 1415 2586 1210 2586 1417 2587 1210 2587 1215 2587 1418 2588 1040 2588 1416 2588 1418 2589 1035 2589 1040 2589 1419 2590 1215 2590 1220 2590 1419 2591 1417 2591 1215 2591 1420 2592 1030 2592 1035 2592 1420 2593 1035 2593 1418 2593 1421 2594 1220 2594 1225 2594 1421 2595 1419 2595 1220 2595 1422 2596 1030 2596 1420 2596 1422 2597 1025 2597 1030 2597 1423 2598 1225 2598 1230 2598 1423 2599 1421 2599 1225 2599 1424 2600 1025 2600 1422 2600 1424 2601 1020 2601 1025 2601 1425 2602 1423 2602 1230 2602 1425 2603 1230 2603 1235 2603 1426 2604 1015 2604 1020 2604 1426 2605 1020 2605 1424 2605 1427 2606 1425 2606 1235 2606 1427 2607 1235 2607 1240 2607 1428 2608 1011 2608 1015 2608 1428 2609 1015 2609 1426 2609 1429 2610 1427 2610 1240 2610 1429 2611 1240 2611 1245 2611 1430 2612 1006 2612 1011 2612 1430 2613 1011 2613 1428 2613 1431 2614 1429 2614 1245 2614 1431 2615 1245 2615 1250 2615 1432 2616 1001 2616 1006 2616 1432 2617 1006 2617 1430 2617 1433 2618 1431 2618 1250 2618 1433 2619 1250 2619 1255 2619 1434 2620 996 2620 1001 2620 1434 2621 1001 2621 1432 2621 1435 2622 1255 2622 1260 2622 1435 2623 1433 2623 1255 2623 1436 2624 991 2624 996 2624 1436 2625 996 2625 1434 2625 1437 2626 1260 2626 1265 2626 1437 2627 1435 2627 1260 2627 1438 2628 986 2628 991 2628 1438 2629 991 2629 1436 2629 1439 2630 1265 2630 1270 2630 1439 2631 1437 2631 1265 2631 1440 2632 981 2632 986 2632 1440 2633 986 2633 1438 2633 1441 2634 1270 2634 1275 2634 1441 2635 1439 2635 1270 2635 1442 2636 976 2636 981 2636 1442 2637 981 2637 1440 2637 1443 2638 1275 2638 1280 2638 1443 2639 1441 2639 1275 2639 1444 2640 972 2640 976 2640 1444 2641 976 2641 1442 2641 1445 2642 1443 2642 1280 2642 1285 2643 1445 2643 1280 2643 969 2644 1444 2644 1446 2644 969 2645 972 2645 1444 2645 1290 2646 1445 2646 1285 2646 1290 2647 1447 2647 1445 2647 966 2648 969 2648 1446 2648 966 2649 1446 2649 1448 2649 1293 2650 1447 2650 1290 2650 1293 2651 1449 2651 1447 2651 963 2652 966 2652 1448 2652 963 2653 1448 2653 1450 2653 1296 2654 1449 2654 1293 2654 1296 2655 1451 2655 1449 2655 960 2656 963 2656 1450 2656 960 2657 1450 2657 1452 2657 1299 2658 1451 2658 1296 2658 1299 2659 1453 2659 1451 2659 957 2660 960 2660 1452 2660 957 2661 1452 2661 1454 2661 1302 2662 1453 2662 1299 2662 1302 2663 1455 2663 1453 2663 954 2664 957 2664 1454 2664 954 2665 1454 2665 1456 2665 1305 2666 1455 2666 1302 2666 1305 2667 1457 2667 1455 2667 951 2668 954 2668 1456 2668 951 2669 1456 2669 1458 2669 1308 2670 1457 2670 1305 2670 1308 2671 1459 2671 1457 2671 948 2672 1458 2672 1460 2672 948 2673 951 2673 1458 2673 1311 2674 1459 2674 1308 2674 1311 2675 1461 2675 1459 2675 945 2676 948 2676 1460 2676 945 2677 1460 2677 1462 2677 1314 2678 1461 2678 1311 2678 1314 2679 1463 2679 1461 2679 942 2680 1462 2680 1464 2680 942 2681 945 2681 1462 2681 1317 2682 1463 2682 1314 2682 1317 2683 1465 2683 1463 2683 939 2684 1464 2684 1466 2684 939 2685 942 2685 1464 2685 1320 2686 1465 2686 1317 2686 1320 2687 1467 2687 1465 2687 936 2688 1466 2688 1468 2688 936 2689 939 2689 1466 2689 1323 2690 1469 2690 1467 2690 1323 2691 1467 2691 1320 2691 933 2692 1468 2692 1470 2692 933 2693 936 2693 1468 2693 1326 2694 1469 2694 1323 2694 1326 2695 1471 2695 1469 2695 930 2696 1470 2696 1472 2696 930 2697 933 2697 1470 2697 1329 2698 1471 2698 1326 2698 1329 2699 1473 2699 1471 2699 927 2700 1472 2700 1474 2700 927 2701 930 2701 1472 2701 1332 2702 1473 2702 1329 2702 1332 2703 1475 2703 1473 2703 922 2704 927 2704 1474 2704 922 2705 1474 2705 1476 2705 1335 2706 1475 2706 1332 2706 1335 2707 1477 2707 1475 2707 923 2708 922 2708 1476 2708 923 2709 1476 2709 1478 2709 1338 2710 1477 2710 1335 2710 1338 2711 1479 2711 1477 2711 918 2712 923 2712 1478 2712 918 2713 1478 2713 1480 2713 1341 2714 1479 2714 1338 2714 1341 2715 1481 2715 1479 2715 915 2716 918 2716 1480 2716 915 2717 1480 2717 1482 2717 1344 2718 1481 2718 1341 2718 1344 2719 1483 2719 1481 2719 912 2720 915 2720 1482 2720 912 2721 1482 2721 1484 2721 1347 2722 1483 2722 1344 2722 1347 2723 1485 2723 1483 2723 909 2724 912 2724 1484 2724 909 2725 1484 2725 1486 2725 1350 2726 1487 2726 1485 2726 1350 2727 1485 2727 1347 2727 906 2728 1486 2728 1488 2728 906 2729 909 2729 1486 2729 1353 2730 1487 2730 1350 2730 1353 2731 1489 2731 1487 2731 903 2732 1488 2732 1490 2732 903 2733 906 2733 1488 2733 1356 2734 1489 2734 1353 2734 1356 2735 1491 2735 1489 2735 900 2736 903 2736 1490 2736 900 2737 1490 2737 1492 2737 1359 2738 1491 2738 1356 2738 1359 2739 1493 2739 1491 2739 897 2740 900 2740 1492 2740 897 2741 1492 2741 1494 2741 1362 2742 1493 2742 1359 2742 1362 2743 1495 2743 1493 2743 894 2744 897 2744 1494 2744 894 2745 1494 2745 1496 2745 1365 2746 1495 2746 1362 2746 1365 2747 1497 2747 1495 2747 891 2748 1496 2748 1498 2748 891 2749 894 2749 1496 2749 1368 2750 1497 2750 1365 2750 1368 2751 1499 2751 1497 2751 888 2752 891 2752 1498 2752 888 2753 1498 2753 1500 2753 1372 2754 1499 2754 1368 2754 1372 2755 1501 2755 1499 2755 881 2756 1500 2756 1502 2756 881 2757 888 2757 1500 2757 1371 2758 1501 2758 1372 2758 1371 2759 1503 2759 1501 2759 882 2760 881 2760 1502 2760 882 2761 1502 2761 1504 2761 1377 2762 1503 2762 1371 2762 1377 2763 1505 2763 1503 2763 1383 2764 882 2764 1504 2764 1383 2765 1504 2765 1505 2765 1380 2766 1383 2766 1505 2766 1380 2767 1505 2767 1377 2767 1506 2768 1507 2768 1508 2768 1506 2769 1508 2769 1509 2769 1510 2770 1509 2770 1511 2770 1510 2771 1506 2771 1509 2771 1512 2772 1511 2772 1513 2772 1512 2773 1510 2773 1511 2773 1514 2774 1513 2774 1515 2774 1514 2775 1512 2775 1513 2775 1516 2776 1515 2776 1517 2776 1516 2777 1514 2777 1515 2777 1518 2778 1517 2778 1519 2778 1518 2779 1516 2779 1517 2779 1520 2780 1519 2780 1521 2780 1520 2781 1518 2781 1519 2781 1522 2782 1521 2782 1523 2782 1522 2783 1520 2783 1521 2783 1524 2784 1523 2784 1525 2784 1524 2785 1522 2785 1523 2785 1526 2786 1525 2786 1527 2786 1526 2787 1524 2787 1525 2787 1528 2788 1527 2788 1529 2788 1528 2789 1526 2789 1527 2789 1530 2790 1529 2790 1531 2790 1530 2791 1528 2791 1529 2791 1532 2792 1531 2792 1533 2792 1532 2793 1530 2793 1531 2793 1534 2794 1535 2794 1508 2794 1534 2795 1533 2795 1535 2795 1534 2796 1532 2796 1533 2796 1507 2797 1534 2797 1508 2797 1516 2798 1510 2798 1512 2798 1516 2799 1512 2799 1514 2799 1518 2800 1506 2800 1510 2800 1518 2801 1510 2801 1516 2801 1520 2802 1507 2802 1506 2802 1520 2803 1506 2803 1518 2803 1528 2804 1530 2804 1532 2804 1528 2805 1532 2805 1534 2805 1522 2806 1534 2806 1507 2806 1522 2807 1507 2807 1520 2807 1524 2808 1526 2808 1528 2808 1524 2809 1528 2809 1534 2809 1524 2810 1534 2810 1522 2810 1536 2811 1537 2811 1538 2811 786 2812 788 2812 1539 2812 1536 2813 1540 2813 1537 2813 788 2814 790 2814 1539 2814 1541 2815 1538 2815 1542 2815 1541 2816 1539 2816 1536 2816 1541 2817 1536 2817 1538 2817 1543 2818 1542 2818 1544 2818 1543 2819 1544 2819 1545 2819 1543 2820 1541 2820 1542 2820 1546 2821 782 2821 784 2821 1546 2822 1541 2822 1543 2822 1546 2823 786 2823 1539 2823 1546 2824 1539 2824 1541 2824 1546 2825 784 2825 786 2825 1547 2826 1545 2826 1548 2826 1547 2827 1543 2827 1545 2827 1549 2828 780 2828 782 2828 1549 2829 778 2829 780 2829 1549 2830 782 2830 1546 2830 1549 2831 1546 2831 1543 2831 1550 2832 1548 2832 1551 2832 1550 2833 1551 2833 1552 2833 1550 2834 1547 2834 1548 2834 1553 2835 778 2835 1549 2835 1553 2836 776 2836 778 2836 1553 2837 774 2837 776 2837 1553 2838 1549 2838 1543 2838 1553 2839 1547 2839 1550 2839 1553 2840 1543 2840 1547 2840 1554 2841 1552 2841 1555 2841 1554 2842 1550 2842 1552 2842 1556 2843 772 2843 774 2843 1556 2844 770 2844 772 2844 1556 2845 1553 2845 1550 2845 1556 2846 774 2846 1553 2846 1557 2847 1555 2847 1558 2847 1557 2848 1558 2848 1559 2848 1557 2849 1554 2849 1555 2849 1560 2850 768 2850 770 2850 1560 2851 766 2851 768 2851 1560 2852 1550 2852 1554 2852 1560 2853 770 2853 1556 2853 1560 2854 1556 2854 1550 2854 1561 2855 1559 2855 1562 2855 1561 2856 1557 2856 1559 2856 1563 2857 764 2857 766 2857 1563 2858 762 2858 764 2858 1563 2859 1554 2859 1557 2859 1563 2860 1560 2860 1554 2860 1563 2861 766 2861 1560 2861 1563 2862 1557 2862 1561 2862 1564 2863 1562 2863 1565 2863 1564 2864 1565 2864 1566 2864 1564 2865 1561 2865 1562 2865 1567 2866 762 2866 1563 2866 1567 2867 760 2867 762 2867 1567 2868 758 2868 760 2868 1567 2869 1563 2869 1561 2869 1568 2870 1566 2870 1569 2870 1568 2871 1564 2871 1566 2871 1570 2872 759 2872 758 2872 1570 2873 1561 2873 1564 2873 1570 2874 758 2874 1567 2874 1570 2875 1567 2875 1561 2875 1571 2876 1569 2876 1572 2876 1571 2877 1572 2877 1573 2877 1571 2878 1568 2878 1569 2878 1574 2879 761 2879 759 2879 1574 2880 763 2880 761 2880 1574 2881 1564 2881 1568 2881 1574 2882 759 2882 1570 2882 1574 2883 1570 2883 1564 2883 1575 2884 1573 2884 1576 2884 1575 2885 1571 2885 1573 2885 1577 2886 765 2886 763 2886 1577 2887 767 2887 765 2887 1577 2888 1574 2888 1568 2888 1577 2889 1568 2889 1571 2889 1577 2890 763 2890 1574 2890 1578 2891 1576 2891 1579 2891 1578 2892 1579 2892 1580 2892 1578 2893 1575 2893 1576 2893 1581 2894 769 2894 767 2894 1581 2895 771 2895 769 2895 1581 2896 1575 2896 1578 2896 1581 2897 1571 2897 1575 2897 1581 2898 767 2898 1577 2898 1581 2899 1577 2899 1571 2899 1582 2900 1578 2900 1580 2900 1582 2901 1580 2901 1583 2901 1584 2902 773 2902 771 2902 1584 2903 775 2903 773 2903 1584 2904 771 2904 1581 2904 1584 2905 1581 2905 1578 2905 1585 2906 1583 2906 1586 2906 1585 2907 1586 2907 1587 2907 1585 2908 1582 2908 1583 2908 1588 2909 777 2909 775 2909 1588 2910 779 2910 777 2910 1588 2911 1578 2911 1582 2911 1588 2912 775 2912 1584 2912 1588 2913 1584 2913 1578 2913 1589 2914 1587 2914 1590 2914 1589 2915 1585 2915 1587 2915 1591 2916 781 2916 779 2916 1591 2917 783 2917 781 2917 1591 2918 1582 2918 1585 2918 1591 2919 779 2919 1588 2919 1591 2920 1588 2920 1582 2920 1592 2921 1590 2921 1593 2921 1592 2922 1593 2922 1594 2922 1592 2923 1589 2923 1590 2923 1595 2924 783 2924 1591 2924 1595 2925 785 2925 783 2925 1595 2926 787 2926 785 2926 1595 2927 1591 2927 1585 2927 1595 2928 1585 2928 1589 2928 1596 2929 1594 2929 1597 2929 1596 2930 1592 2930 1594 2930 1598 2931 789 2931 787 2931 1598 2932 791 2932 789 2932 1598 2933 1589 2933 1592 2933 1598 2934 787 2934 1595 2934 1598 2935 1595 2935 1589 2935 1599 2936 1597 2936 1600 2936 1599 2937 1600 2937 1601 2937 1599 2938 1596 2938 1597 2938 1602 2939 1592 2939 1596 2939 1602 2940 793 2940 791 2940 1602 2941 795 2941 793 2941 1602 2942 791 2942 1598 2942 1602 2943 1598 2943 1592 2943 1603 2944 1599 2944 1601 2944 1603 2945 1601 2945 1604 2945 1605 2946 797 2946 795 2946 1605 2947 799 2947 797 2947 1605 2948 795 2948 1602 2948 1605 2949 1602 2949 1596 2949 1605 2950 1596 2950 1599 2950 1606 2951 1604 2951 1607 2951 1606 2952 1607 2952 1608 2952 1606 2953 1603 2953 1604 2953 1609 2954 1605 2954 1599 2954 1609 2955 801 2955 799 2955 1609 2956 803 2956 801 2956 1609 2957 1603 2957 1606 2957 1609 2958 799 2958 1605 2958 1609 2959 1599 2959 1603 2959 1610 2960 1608 2960 1611 2960 1610 2961 1606 2961 1608 2961 1612 2962 805 2962 803 2962 1612 2963 807 2963 805 2963 1612 2964 1609 2964 1606 2964 1612 2965 803 2965 1609 2965 1613 2966 1610 2966 1611 2966 1613 2967 1611 2967 1614 2967 1613 2968 1614 2968 1615 2968 1616 2969 807 2969 1612 2969 1616 2970 1606 2970 1610 2970 1616 2971 1612 2971 1606 2971 1616 2972 809 2972 807 2972 1616 2973 811 2973 809 2973 1617 2974 1615 2974 1618 2974 1617 2975 1613 2975 1615 2975 1619 2976 1610 2976 1613 2976 1619 2977 811 2977 1616 2977 1619 2978 813 2978 811 2978 1619 2979 815 2979 813 2979 1619 2980 1616 2980 1610 2980 1620 2981 1618 2981 1621 2981 1620 2982 1621 2982 1622 2982 1620 2983 1617 2983 1618 2983 1623 2984 1613 2984 1617 2984 1623 2985 817 2985 815 2985 1623 2986 819 2986 817 2986 1623 2987 1619 2987 1613 2987 1623 2988 815 2988 1619 2988 1624 2989 1622 2989 1625 2989 1624 2990 1620 2990 1622 2990 1626 2991 821 2991 819 2991 1626 2992 1623 2992 1617 2992 1626 2993 1617 2993 1620 2993 1626 2994 819 2994 1623 2994 1627 2995 1624 2995 1625 2995 1627 2996 1625 2996 1628 2996 1627 2997 1628 2997 1629 2997 1630 2998 821 2998 1626 2998 1630 2999 1624 2999 1627 2999 1630 3000 1626 3000 1620 3000 1630 3001 823 3001 821 3001 1630 3002 825 3002 823 3002 1630 3003 1620 3003 1624 3003 1631 3004 1629 3004 1632 3004 1631 3005 1627 3005 1629 3005 1633 3006 1630 3006 1627 3006 1633 3007 827 3007 825 3007 1633 3008 829 3008 827 3008 1633 3009 1627 3009 1631 3009 1633 3010 825 3010 1630 3010 1634 3011 1632 3011 1635 3011 1634 3012 1635 3012 1636 3012 1634 3013 1631 3013 1632 3013 1637 3014 1633 3014 1631 3014 1637 3015 831 3015 829 3015 1637 3016 833 3016 831 3016 1637 3017 829 3017 1633 3017 1638 3018 1634 3018 1636 3018 1638 3019 1636 3019 1639 3019 1640 3020 1637 3020 1631 3020 1640 3021 835 3021 833 3021 1640 3022 837 3022 835 3022 1640 3023 833 3023 1637 3023 1640 3024 1631 3024 1634 3024 1641 3025 1638 3025 1639 3025 1641 3026 1639 3026 1642 3026 1641 3027 1642 3027 1643 3027 1644 3028 837 3028 1640 3028 1644 3029 1640 3029 1634 3029 1644 3030 1634 3030 1638 3030 1644 3031 839 3031 837 3031 1644 3032 841 3032 839 3032 1645 3033 1643 3033 1646 3033 1645 3034 1641 3034 1643 3034 1647 3035 843 3035 841 3035 1647 3036 845 3036 843 3036 1647 3037 841 3037 1644 3037 1647 3038 1638 3038 1641 3038 1647 3039 1641 3039 1645 3039 1647 3040 1644 3040 1638 3040 1648 3041 1645 3041 1646 3041 1648 3042 1646 3042 1649 3042 1648 3043 1649 3043 1650 3043 1651 3044 845 3044 1647 3044 1651 3045 847 3045 845 3045 1651 3046 849 3046 847 3046 1651 3047 1647 3047 1645 3047 1652 3048 1648 3048 1650 3048 1652 3049 1650 3049 1653 3049 1652 3050 1653 3050 1654 3050 1655 3051 1645 3051 1648 3051 1655 3052 1651 3052 1645 3052 1655 3053 849 3053 1651 3053 1655 3054 851 3054 849 3054 1655 3055 853 3055 851 3055 1656 3056 1652 3056 1654 3056 1656 3057 1654 3057 1657 3057 1658 3058 853 3058 1655 3058 1658 3059 1648 3059 1652 3059 1658 3060 855 3060 853 3060 1658 3061 857 3061 855 3061 1658 3062 1655 3062 1648 3062 1659 3063 1657 3063 1660 3063 1659 3064 1660 3064 1661 3064 1659 3065 1656 3065 1657 3065 1662 3066 1656 3066 1659 3066 1662 3067 1658 3067 1652 3067 1662 3068 1652 3068 1656 3068 1662 3069 859 3069 857 3069 1662 3070 861 3070 859 3070 1662 3071 857 3071 1658 3071 1663 3072 1659 3072 1661 3072 1663 3073 1661 3073 1664 3073 1665 3074 1662 3074 1659 3074 1665 3075 861 3075 1662 3075 1665 3076 863 3076 861 3076 1665 3077 865 3077 863 3077 1666 3078 1664 3078 1667 3078 1666 3079 1667 3079 1668 3079 1666 3080 1663 3080 1664 3080 1669 3081 1665 3081 1659 3081 1669 3082 1659 3082 1663 3082 1669 3083 867 3083 865 3083 1669 3084 869 3084 867 3084 1669 3085 865 3085 1665 3085 1670 3086 1668 3086 1671 3086 1670 3087 1666 3087 1668 3087 1672 3088 1669 3088 1663 3088 1672 3089 869 3089 1669 3089 1672 3090 871 3090 869 3090 1672 3091 1663 3091 1666 3091 1672 3092 873 3092 871 3092 1673 3093 1670 3093 1671 3093 1673 3094 1671 3094 1674 3094 1673 3095 1674 3095 1675 3095 1676 3096 1672 3096 1666 3096 1676 3097 875 3097 873 3097 1676 3098 877 3098 875 3098 1676 3099 873 3099 1672 3099 1676 3100 1666 3100 1670 3100 1677 3101 1673 3101 1675 3101 1677 3102 1675 3102 1678 3102 1679 3103 1670 3103 1673 3103 1679 3104 877 3104 1676 3104 1679 3105 879 3105 877 3105 1679 3106 1676 3106 1670 3106 1680 3107 1677 3107 1678 3107 1680 3108 1678 3108 1681 3108 1680 3109 1681 3109 1682 3109 1683 3110 1673 3110 1677 3110 1683 3111 1679 3111 1673 3111 1683 3112 1677 3112 1680 3112 1683 3113 879 3113 1679 3113 1683 3114 878 3114 879 3114 1683 3115 876 3115 878 3115 1684 3116 1680 3116 1682 3116 1684 3117 1682 3117 1685 3117 1686 3118 1683 3118 1680 3118 1686 3119 874 3119 876 3119 1686 3120 872 3120 874 3120 1686 3121 876 3121 1683 3121 1687 3122 1684 3122 1685 3122 1687 3123 1685 3123 1688 3123 1687 3124 1688 3124 1689 3124 1690 3125 1684 3125 1687 3125 1690 3126 1680 3126 1684 3126 1690 3127 1686 3127 1680 3127 1690 3128 870 3128 872 3128 1690 3129 868 3129 870 3129 1690 3130 872 3130 1686 3130 1691 3131 1687 3131 1689 3131 1691 3132 1689 3132 1692 3132 1693 3133 1690 3133 1687 3133 1693 3134 1687 3134 1691 3134 1693 3135 866 3135 868 3135 1693 3136 864 3136 866 3136 1693 3137 868 3137 1690 3137 1694 3138 1691 3138 1692 3138 1694 3139 1692 3139 1695 3139 1694 3140 1695 3140 1696 3140 1697 3141 1693 3141 1691 3141 1697 3142 862 3142 864 3142 1697 3143 860 3143 862 3143 1697 3144 864 3144 1693 3144 1698 3145 1694 3145 1696 3145 1698 3146 1696 3146 1699 3146 1700 3147 860 3147 1697 3147 1700 3148 1691 3148 1694 3148 1700 3149 858 3149 860 3149 1700 3150 856 3150 858 3150 1700 3151 1697 3151 1691 3151 1701 3152 1698 3152 1699 3152 1701 3153 1699 3153 1702 3153 1701 3154 1702 3154 1703 3154 1704 3155 1700 3155 1694 3155 1704 3156 1698 3156 1701 3156 1704 3157 856 3157 1700 3157 1704 3158 1694 3158 1698 3158 1704 3159 854 3159 856 3159 1704 3160 852 3160 854 3160 1705 3161 1701 3161 1703 3161 1705 3162 1703 3162 1706 3162 1707 3163 852 3163 1704 3163 1707 3164 850 3164 852 3164 1707 3165 848 3165 850 3165 1707 3166 1704 3166 1701 3166 1708 3167 1705 3167 1706 3167 1708 3168 1706 3168 1709 3168 1708 3169 1709 3169 1710 3169 1711 3170 1707 3170 1701 3170 1711 3171 1701 3171 1705 3171 1711 3172 848 3172 1707 3172 1711 3173 846 3173 848 3173 1711 3174 844 3174 846 3174 1712 3175 1710 3175 1713 3175 1712 3176 1708 3176 1710 3176 1714 3177 1711 3177 1705 3177 1714 3178 1705 3178 1708 3178 1714 3179 1708 3179 1712 3179 1714 3180 844 3180 1711 3180 1714 3181 842 3181 844 3181 1714 3182 840 3182 842 3182 1715 3183 1713 3183 1716 3183 1715 3184 1716 3184 1717 3184 1715 3185 1712 3185 1713 3185 1718 3186 1714 3186 1712 3186 1718 3187 840 3187 1714 3187 1718 3188 838 3188 840 3188 1718 3189 836 3189 838 3189 1719 3190 1717 3190 1720 3190 1719 3191 1715 3191 1717 3191 1721 3192 1718 3192 1712 3192 1721 3193 1712 3193 1715 3193 1721 3194 836 3194 1718 3194 1721 3195 834 3195 836 3195 1721 3196 832 3196 834 3196 1722 3197 1720 3197 1723 3197 1722 3198 1723 3198 1724 3198 1722 3199 1719 3199 1720 3199 1725 3200 832 3200 1721 3200 1725 3201 1715 3201 1719 3201 1725 3202 1721 3202 1715 3202 1725 3203 830 3203 832 3203 1725 3204 828 3204 830 3204 1726 3205 1722 3205 1724 3205 1726 3206 1724 3206 1727 3206 1728 3207 824 3207 826 3207 1728 3208 1719 3208 1722 3208 1728 3209 1722 3209 1726 3209 1728 3210 1725 3210 1719 3210 1728 3211 828 3211 1725 3211 1728 3212 826 3212 828 3212 1729 3213 1726 3213 1727 3213 1729 3214 1727 3214 1730 3214 1729 3215 1730 3215 1731 3215 1732 3216 822 3216 824 3216 1732 3217 820 3217 822 3217 1732 3218 824 3218 1728 3218 1732 3219 1728 3219 1726 3219 1733 3220 1729 3220 1731 3220 1733 3221 1731 3221 1734 3221 1735 3222 818 3222 820 3222 1735 3223 1726 3223 1729 3223 1735 3224 820 3224 1732 3224 1735 3225 1732 3225 1726 3225 1736 3226 1733 3226 1734 3226 1736 3227 1734 3227 1737 3227 1736 3228 1737 3228 1738 3228 1739 3229 816 3229 818 3229 1739 3230 814 3230 816 3230 1739 3231 818 3231 1735 3231 1739 3232 1729 3232 1733 3232 1739 3233 1733 3233 1736 3233 1739 3234 1735 3234 1729 3234 1740 3235 1736 3235 1738 3235 1740 3236 1738 3236 1741 3236 1742 3237 812 3237 814 3237 1742 3238 810 3238 812 3238 1742 3239 814 3239 1739 3239 1742 3240 1739 3240 1736 3240 1743 3241 1740 3241 1741 3241 1743 3242 1741 3242 1744 3242 1743 3243 1744 3243 1745 3243 1746 3244 808 3244 810 3244 1746 3245 806 3245 808 3245 1746 3246 810 3246 1742 3246 1746 3247 1736 3247 1740 3247 1746 3248 1742 3248 1736 3248 1747 3249 1743 3249 1745 3249 1747 3250 1745 3250 1748 3250 1749 3251 804 3251 806 3251 1749 3252 802 3252 804 3252 1749 3253 806 3253 1746 3253 1749 3254 1740 3254 1743 3254 1749 3255 1746 3255 1740 3255 1750 3256 1747 3256 1748 3256 1750 3257 1748 3257 1751 3257 1750 3258 1751 3258 1752 3258 1753 3259 800 3259 802 3259 1753 3260 798 3260 800 3260 1753 3261 802 3261 1749 3261 1753 3262 1743 3262 1747 3262 1753 3263 1747 3263 1750 3263 1753 3264 1749 3264 1743 3264 1754 3265 1750 3265 1752 3265 1754 3266 1540 3266 1536 3266 1754 3267 1752 3267 1540 3267 1755 3268 796 3268 798 3268 1755 3269 794 3269 796 3269 1755 3270 798 3270 1753 3270 1755 3271 1753 3271 1750 3271 1756 3272 1754 3272 1536 3272 1756 3273 1755 3273 1750 3273 1756 3274 792 3274 794 3274 1756 3275 790 3275 792 3275 1756 3276 1539 3276 790 3276 1756 3277 794 3277 1755 3277 1756 3278 1750 3278 1754 3278 1756 3279 1536 3279 1539 3279 1551 3280 1519 3280 1552 3280 1552 3281 1519 3281 1555 3281 1555 3282 1519 3282 1558 3282 1558 3283 1519 3283 1559 3283 1559 3284 1519 3284 1562 3284 1562 3285 1519 3285 1565 3285 1565 3286 1519 3286 1566 3286 1566 3287 1517 3287 1569 3287 1569 3288 1517 3288 1572 3288 1572 3289 1517 3289 1573 3289 1573 3290 1517 3290 1576 3290 1576 3291 1517 3291 1579 3291 1579 3292 1517 3292 1580 3292 1519 3293 1517 3293 1566 3293 1537 3294 1521 3294 1538 3294 1538 3295 1521 3295 1542 3295 1542 3296 1521 3296 1544 3296 1544 3297 1521 3297 1545 3297 1545 3298 1521 3298 1548 3298 1548 3299 1521 3299 1551 3299 1551 3300 1521 3300 1519 3300 1580 3301 1515 3301 1583 3301 1583 3302 1515 3302 1586 3302 1586 3303 1515 3303 1587 3303 1587 3304 1515 3304 1590 3304 1590 3305 1515 3305 1593 3305 1593 3306 1515 3306 1594 3306 1517 3307 1515 3307 1580 3307 1537 3308 1523 3308 1521 3308 1744 3309 1523 3309 1745 3309 1745 3310 1523 3310 1748 3310 1748 3311 1523 3311 1751 3311 1751 3312 1523 3312 1752 3312 1752 3313 1523 3313 1540 3313 1540 3314 1523 3314 1537 3314 1594 3315 1513 3315 1597 3315 1597 3316 1513 3316 1600 3316 1600 3317 1513 3317 1601 3317 1601 3318 1513 3318 1604 3318 1604 3319 1513 3319 1607 3319 1607 3320 1513 3320 1608 3320 1608 3321 1513 3321 1611 3321 1515 3322 1513 3322 1594 3322 1744 3323 1525 3323 1523 3323 1731 3324 1525 3324 1734 3324 1734 3325 1525 3325 1737 3325 1737 3326 1525 3326 1738 3326 1738 3327 1525 3327 1741 3327 1741 3328 1525 3328 1744 3328 1513 3329 1511 3329 1611 3329 1611 3330 1511 3330 1614 3330 1614 3331 1511 3331 1615 3331 1615 3332 1511 3332 1618 3332 1731 3333 1730 3333 1525 3333 1511 3334 1621 3334 1618 3334 1525 3335 1727 3335 1527 3335 1730 3336 1727 3336 1525 3336 1511 3337 1622 3337 1621 3337 1727 3338 1724 3338 1527 3338 1509 3339 1625 3339 1511 3339 1511 3340 1625 3340 1622 3340 1724 3341 1723 3341 1527 3341 1509 3342 1628 3342 1625 3342 1723 3343 1720 3343 1527 3343 1509 3344 1629 3344 1628 3344 1720 3345 1717 3345 1527 3345 1509 3346 1632 3346 1629 3346 1717 3347 1716 3347 1527 3347 1509 3348 1635 3348 1632 3348 1716 3349 1713 3349 1527 3349 1527 3350 1713 3350 1529 3350 1509 3351 1636 3351 1635 3351 1713 3352 1710 3352 1529 3352 1508 3353 1639 3353 1509 3353 1509 3354 1639 3354 1636 3354 1710 3355 1709 3355 1529 3355 1508 3356 1642 3356 1639 3356 1709 3357 1706 3357 1529 3357 1508 3358 1643 3358 1642 3358 1706 3359 1703 3359 1529 3359 1508 3360 1646 3360 1643 3360 1703 3361 1702 3361 1529 3361 1508 3362 1649 3362 1646 3362 1702 3363 1699 3363 1529 3363 1529 3364 1699 3364 1531 3364 1508 3365 1650 3365 1649 3365 1699 3366 1696 3366 1531 3366 1508 3367 1653 3367 1650 3367 1696 3368 1695 3368 1531 3368 1508 3369 1654 3369 1653 3369 1535 3370 1654 3370 1508 3370 1695 3371 1692 3371 1531 3371 1535 3372 1657 3372 1654 3372 1692 3373 1689 3373 1531 3373 1535 3374 1660 3374 1657 3374 1689 3375 1688 3375 1531 3375 1535 3376 1661 3376 1660 3376 1688 3377 1685 3377 1531 3377 1535 3378 1664 3378 1661 3378 1685 3379 1682 3379 1531 3379 1531 3380 1682 3380 1533 3380 1535 3381 1667 3381 1664 3381 1682 3382 1681 3382 1533 3382 1535 3383 1668 3383 1667 3383 1533 3384 1668 3384 1535 3384 1681 3385 1678 3385 1533 3385 1533 3386 1671 3386 1668 3386 1678 3387 1675 3387 1533 3387 1533 3388 1674 3388 1671 3388 1675 3389 1674 3389 1533 3389 1757 3390 1758 3390 1759 3390 1416 3391 1414 3391 1760 3391 1757 3392 1761 3392 1758 3392 1414 3393 1412 3393 1760 3393 1762 3394 1759 3394 1763 3394 1762 3395 1760 3395 1757 3395 1762 3396 1757 3396 1759 3396 1764 3397 1763 3397 1765 3397 1764 3398 1765 3398 1766 3398 1764 3399 1762 3399 1763 3399 1767 3400 1420 3400 1418 3400 1767 3401 1762 3401 1764 3401 1767 3402 1416 3402 1760 3402 1767 3403 1760 3403 1762 3403 1767 3404 1418 3404 1416 3404 1768 3405 1766 3405 1769 3405 1768 3406 1764 3406 1766 3406 1770 3407 1422 3407 1420 3407 1770 3408 1424 3408 1422 3408 1770 3409 1420 3409 1767 3409 1770 3410 1767 3410 1764 3410 1771 3411 1769 3411 1772 3411 1771 3412 1772 3412 1773 3412 1771 3413 1768 3413 1769 3413 1774 3414 1424 3414 1770 3414 1774 3415 1426 3415 1424 3415 1774 3416 1428 3416 1426 3416 1774 3417 1770 3417 1764 3417 1774 3418 1764 3418 1768 3418 1775 3419 1773 3419 1776 3419 1775 3420 1771 3420 1773 3420 1777 3421 1430 3421 1428 3421 1777 3422 1432 3422 1430 3422 1777 3423 1774 3423 1768 3423 1777 3424 1768 3424 1771 3424 1777 3425 1428 3425 1774 3425 1778 3426 1776 3426 1779 3426 1778 3427 1779 3427 1780 3427 1778 3428 1775 3428 1776 3428 1781 3429 1434 3429 1432 3429 1781 3430 1436 3430 1434 3430 1781 3431 1771 3431 1775 3431 1781 3432 1432 3432 1777 3432 1781 3433 1777 3433 1771 3433 1782 3434 1780 3434 1783 3434 1782 3435 1778 3435 1780 3435 1784 3436 1438 3436 1436 3436 1784 3437 1440 3437 1438 3437 1784 3438 1775 3438 1778 3438 1784 3439 1781 3439 1775 3439 1784 3440 1436 3440 1781 3440 1785 3441 1783 3441 1786 3441 1785 3442 1786 3442 1787 3442 1785 3443 1782 3443 1783 3443 1788 3444 1784 3444 1778 3444 1788 3445 1442 3445 1440 3445 1788 3446 1444 3446 1442 3446 1788 3447 1782 3447 1785 3447 1788 3448 1778 3448 1782 3448 1788 3449 1440 3449 1784 3449 1789 3450 1787 3450 1790 3450 1789 3451 1785 3451 1787 3451 1791 3452 1446 3452 1444 3452 1791 3453 1444 3453 1788 3453 1791 3454 1788 3454 1785 3454 1792 3455 1790 3455 1793 3455 1792 3456 1793 3456 1794 3456 1792 3457 1789 3457 1790 3457 1795 3458 1448 3458 1446 3458 1795 3459 1450 3459 1448 3459 1795 3460 1785 3460 1789 3460 1795 3461 1446 3461 1791 3461 1795 3462 1791 3462 1785 3462 1796 3463 1794 3463 1797 3463 1796 3464 1792 3464 1794 3464 1798 3465 1450 3465 1795 3465 1798 3466 1452 3466 1450 3466 1798 3467 1454 3467 1452 3467 1798 3468 1795 3468 1789 3468 1798 3469 1789 3469 1792 3469 1799 3470 1797 3470 1800 3470 1799 3471 1800 3471 1801 3471 1799 3472 1796 3472 1797 3472 1802 3473 1456 3473 1454 3473 1802 3474 1458 3474 1456 3474 1802 3475 1796 3475 1799 3475 1802 3476 1792 3476 1796 3476 1802 3477 1454 3477 1798 3477 1802 3478 1798 3478 1792 3478 1803 3479 1799 3479 1801 3479 1803 3480 1801 3480 1804 3480 1805 3481 1460 3481 1458 3481 1805 3482 1462 3482 1460 3482 1805 3483 1458 3483 1802 3483 1805 3484 1802 3484 1799 3484 1806 3485 1804 3485 1807 3485 1806 3486 1803 3486 1804 3486 1806 3487 1807 3487 1808 3487 1809 3488 1464 3488 1462 3488 1809 3489 1466 3489 1464 3489 1809 3490 1799 3490 1803 3490 1809 3491 1805 3491 1799 3491 1809 3492 1462 3492 1805 3492 1810 3493 1808 3493 1811 3493 1810 3494 1806 3494 1808 3494 1812 3495 1466 3495 1809 3495 1812 3496 1468 3496 1466 3496 1812 3497 1470 3497 1468 3497 1812 3498 1803 3498 1806 3498 1812 3499 1809 3499 1803 3499 1813 3500 1811 3500 1814 3500 1813 3501 1814 3501 1815 3501 1813 3502 1810 3502 1811 3502 1816 3503 1472 3503 1470 3503 1816 3504 1474 3504 1472 3504 1816 3505 1470 3505 1812 3505 1816 3506 1812 3506 1806 3506 1816 3507 1806 3507 1810 3507 1817 3508 1815 3508 1818 3508 1817 3509 1813 3509 1815 3509 1819 3510 1476 3510 1474 3510 1819 3511 1478 3511 1476 3511 1819 3512 1810 3512 1813 3512 1819 3513 1474 3513 1816 3513 1819 3514 1816 3514 1810 3514 1820 3515 1817 3515 1818 3515 1820 3516 1818 3516 1821 3516 1820 3517 1821 3517 1822 3517 1823 3518 1813 3518 1817 3518 1823 3519 1480 3519 1478 3519 1823 3520 1482 3520 1480 3520 1823 3521 1478 3521 1819 3521 1823 3522 1819 3522 1813 3522 1824 3523 1820 3523 1822 3523 1824 3524 1822 3524 1825 3524 1826 3525 1482 3525 1823 3525 1826 3526 1484 3526 1482 3526 1826 3527 1486 3527 1484 3527 1826 3528 1823 3528 1817 3528 1826 3529 1817 3529 1820 3529 1827 3530 1824 3530 1825 3530 1827 3531 1825 3531 1828 3531 1827 3532 1828 3532 1829 3532 1830 3533 1826 3533 1820 3533 1830 3534 1488 3534 1486 3534 1830 3535 1490 3535 1488 3535 1830 3536 1820 3536 1824 3536 1830 3537 1824 3537 1827 3537 1830 3538 1486 3538 1826 3538 1831 3539 1829 3539 1832 3539 1831 3540 1827 3540 1829 3540 1833 3541 1492 3541 1490 3541 1833 3542 1494 3542 1492 3542 1833 3543 1830 3543 1827 3543 1833 3544 1490 3544 1830 3544 1834 3545 1831 3545 1832 3545 1834 3546 1832 3546 1835 3546 1834 3547 1835 3547 1836 3547 1837 3548 1827 3548 1831 3548 1837 3549 1833 3549 1827 3549 1837 3550 1496 3550 1494 3550 1837 3551 1498 3551 1496 3551 1837 3552 1494 3552 1833 3552 1838 3553 1836 3553 1839 3553 1838 3554 1834 3554 1836 3554 1840 3555 1831 3555 1834 3555 1840 3556 1500 3556 1498 3556 1840 3557 1502 3557 1500 3557 1840 3558 1837 3558 1831 3558 1840 3559 1498 3559 1837 3559 1841 3560 1839 3560 1842 3560 1841 3561 1842 3561 1843 3561 1841 3562 1838 3562 1839 3562 1844 3563 1504 3563 1502 3563 1844 3564 1505 3564 1504 3564 1844 3565 1838 3565 1841 3565 1844 3566 1834 3566 1838 3566 1844 3567 1502 3567 1840 3567 1844 3568 1840 3568 1834 3568 1845 3569 1843 3569 1846 3569 1845 3570 1841 3570 1843 3570 1847 3571 1505 3571 1844 3571 1847 3572 1503 3572 1505 3572 1847 3573 1844 3573 1841 3573 1847 3574 1841 3574 1845 3574 1848 3575 1846 3575 1849 3575 1848 3576 1849 3576 1850 3576 1848 3577 1845 3577 1846 3577 1851 3578 1503 3578 1847 3578 1851 3579 1847 3579 1845 3579 1851 3580 1501 3580 1503 3580 1851 3581 1499 3581 1501 3581 1852 3582 1850 3582 1853 3582 1852 3583 1848 3583 1850 3583 1854 3584 1499 3584 1851 3584 1854 3585 1497 3585 1499 3585 1854 3586 1495 3586 1497 3586 1854 3587 1845 3587 1848 3587 1854 3588 1851 3588 1845 3588 1855 3589 1853 3589 1856 3589 1855 3590 1856 3590 1857 3590 1855 3591 1852 3591 1853 3591 1858 3592 1854 3592 1848 3592 1858 3593 1848 3593 1852 3593 1858 3594 1493 3594 1495 3594 1858 3595 1491 3595 1493 3595 1858 3596 1495 3596 1854 3596 1859 3597 1855 3597 1857 3597 1859 3598 1857 3598 1860 3598 1861 3599 1855 3599 1859 3599 1861 3600 1858 3600 1852 3600 1861 3601 1489 3601 1491 3601 1861 3602 1487 3602 1489 3602 1861 3603 1491 3603 1858 3603 1861 3604 1852 3604 1855 3604 1862 3605 1859 3605 1860 3605 1862 3606 1860 3606 1863 3606 1862 3607 1863 3607 1864 3607 1865 3608 1487 3608 1861 3608 1865 3609 1485 3609 1487 3609 1865 3610 1483 3610 1485 3610 1865 3611 1861 3611 1859 3611 1866 3612 1864 3612 1867 3612 1866 3613 1862 3613 1864 3613 1868 3614 1483 3614 1865 3614 1868 3615 1481 3615 1483 3615 1868 3616 1479 3616 1481 3616 1868 3617 1859 3617 1862 3617 1868 3618 1865 3618 1859 3618 1869 3619 1866 3619 1867 3619 1869 3620 1867 3620 1870 3620 1869 3621 1870 3621 1871 3621 1872 3622 1477 3622 1479 3622 1872 3623 1475 3623 1477 3623 1872 3624 1862 3624 1866 3624 1872 3625 1479 3625 1868 3625 1872 3626 1868 3626 1862 3626 1873 3627 1869 3627 1871 3627 1873 3628 1871 3628 1874 3628 1873 3629 1874 3629 1875 3629 1876 3630 1872 3630 1866 3630 1876 3631 1475 3631 1872 3631 1876 3632 1866 3632 1869 3632 1876 3633 1473 3633 1475 3633 1876 3634 1471 3634 1473 3634 1877 3635 1875 3635 1878 3635 1877 3636 1873 3636 1875 3636 1879 3637 1869 3637 1873 3637 1879 3638 1876 3638 1869 3638 1879 3639 1469 3639 1471 3639 1879 3640 1467 3640 1469 3640 1879 3641 1471 3641 1876 3641 1880 3642 1878 3642 1881 3642 1880 3643 1881 3643 1882 3643 1880 3644 1877 3644 1878 3644 1883 3645 1467 3645 1879 3645 1883 3646 1873 3646 1877 3646 1883 3647 1879 3647 1873 3647 1883 3648 1465 3648 1467 3648 1883 3649 1463 3649 1465 3649 1884 3650 1880 3650 1882 3650 1884 3651 1882 3651 1885 3651 1886 3652 1877 3652 1880 3652 1886 3653 1463 3653 1883 3653 1886 3654 1461 3654 1463 3654 1886 3655 1459 3655 1461 3655 1886 3656 1883 3656 1877 3656 1887 3657 1885 3657 1888 3657 1887 3658 1888 3658 1889 3658 1887 3659 1884 3659 1885 3659 1890 3660 1880 3660 1884 3660 1890 3661 1886 3661 1880 3661 1890 3662 1459 3662 1886 3662 1890 3663 1457 3663 1459 3663 1890 3664 1455 3664 1457 3664 1891 3665 1889 3665 1892 3665 1891 3666 1887 3666 1889 3666 1893 3667 1890 3667 1884 3667 1893 3668 1453 3668 1455 3668 1893 3669 1451 3669 1453 3669 1893 3670 1455 3670 1890 3670 1893 3671 1884 3671 1887 3671 1894 3672 1891 3672 1892 3672 1894 3673 1892 3673 1895 3673 1894 3674 1895 3674 1896 3674 1897 3675 1893 3675 1887 3675 1897 3676 1449 3676 1451 3676 1897 3677 1447 3677 1449 3677 1897 3678 1887 3678 1891 3678 1897 3679 1451 3679 1893 3679 1898 3680 1896 3680 1899 3680 1898 3681 1894 3681 1896 3681 1900 3682 1447 3682 1897 3682 1900 3683 1897 3683 1891 3683 1900 3684 1445 3684 1447 3684 1900 3685 1891 3685 1894 3685 1901 3686 1898 3686 1899 3686 1901 3687 1899 3687 1902 3687 1901 3688 1902 3688 1903 3688 1904 3689 1898 3689 1901 3689 1904 3690 1445 3690 1900 3690 1904 3691 1443 3691 1445 3691 1904 3692 1900 3692 1894 3692 1904 3693 1441 3693 1443 3693 1904 3694 1894 3694 1898 3694 1905 3695 1901 3695 1903 3695 1905 3696 1903 3696 1906 3696 1907 3697 1904 3697 1901 3697 1907 3698 1901 3698 1905 3698 1907 3699 1439 3699 1441 3699 1907 3700 1437 3700 1439 3700 1907 3701 1441 3701 1904 3701 1908 3702 1905 3702 1906 3702 1908 3703 1906 3703 1909 3703 1908 3704 1909 3704 1910 3704 1911 3705 1905 3705 1908 3705 1911 3706 1907 3706 1905 3706 1911 3707 1435 3707 1437 3707 1911 3708 1433 3708 1435 3708 1911 3709 1437 3709 1907 3709 1912 3710 1908 3710 1910 3710 1912 3711 1910 3711 1913 3711 1914 3712 1911 3712 1908 3712 1914 3713 1431 3713 1433 3713 1914 3714 1429 3714 1431 3714 1914 3715 1433 3715 1911 3715 1915 3716 1912 3716 1913 3716 1915 3717 1913 3717 1916 3717 1915 3718 1916 3718 1917 3718 1918 3719 1908 3719 1912 3719 1918 3720 1427 3720 1429 3720 1918 3721 1425 3721 1427 3721 1918 3722 1914 3722 1908 3722 1918 3723 1429 3723 1914 3723 1919 3724 1915 3724 1917 3724 1919 3725 1917 3725 1920 3725 1921 3726 1915 3726 1919 3726 1921 3727 1425 3727 1918 3727 1921 3728 1912 3728 1915 3728 1921 3729 1423 3729 1425 3729 1921 3730 1421 3730 1423 3730 1921 3731 1918 3731 1912 3731 1922 3732 1919 3732 1920 3732 1922 3733 1920 3733 1923 3733 1922 3734 1923 3734 1924 3734 1925 3735 1921 3735 1919 3735 1925 3736 1421 3736 1921 3736 1925 3737 1419 3737 1421 3737 1925 3738 1417 3738 1419 3738 1926 3739 1922 3739 1924 3739 1926 3740 1924 3740 1927 3740 1928 3741 1919 3741 1922 3741 1928 3742 1922 3742 1926 3742 1928 3743 1417 3743 1925 3743 1928 3744 1925 3744 1919 3744 1928 3745 1415 3745 1417 3745 1928 3746 1413 3746 1415 3746 1929 3747 1926 3747 1927 3747 1929 3748 1927 3748 1930 3748 1929 3749 1930 3749 1931 3749 1932 3750 1928 3750 1926 3750 1932 3751 1413 3751 1928 3751 1932 3752 1411 3752 1413 3752 1932 3753 1409 3753 1411 3753 1933 3754 1931 3754 1934 3754 1933 3755 1929 3755 1931 3755 1935 3756 1932 3756 1926 3756 1935 3757 1926 3757 1929 3757 1935 3758 1409 3758 1932 3758 1935 3759 1407 3759 1409 3759 1935 3760 1405 3760 1407 3760 1936 3761 1934 3761 1937 3761 1936 3762 1937 3762 1938 3762 1936 3763 1933 3763 1934 3763 1939 3764 1935 3764 1929 3764 1939 3765 1929 3765 1933 3765 1939 3766 1405 3766 1935 3766 1939 3767 1403 3767 1405 3767 1939 3768 1401 3768 1403 3768 1940 3769 1938 3769 1941 3769 1940 3770 1936 3770 1938 3770 1942 3771 1939 3771 1933 3771 1942 3772 1933 3772 1936 3772 1942 3773 1401 3773 1939 3773 1942 3774 1399 3774 1401 3774 1942 3775 1397 3775 1399 3775 1943 3776 1941 3776 1944 3776 1943 3777 1944 3777 1945 3777 1943 3778 1940 3778 1941 3778 1946 3779 1397 3779 1942 3779 1946 3780 1936 3780 1940 3780 1946 3781 1942 3781 1936 3781 1946 3782 1395 3782 1397 3782 1946 3783 1393 3783 1395 3783 1947 3784 1943 3784 1945 3784 1947 3785 1945 3785 1948 3785 1949 3786 1389 3786 1391 3786 1949 3787 1940 3787 1943 3787 1949 3788 1946 3788 1940 3788 1949 3789 1393 3789 1946 3789 1949 3790 1391 3790 1393 3790 1950 3791 1947 3791 1948 3791 1950 3792 1948 3792 1951 3792 1950 3793 1951 3793 1952 3793 1953 3794 1387 3794 1389 3794 1953 3795 1385 3795 1387 3795 1953 3796 1943 3796 1947 3796 1953 3797 1389 3797 1949 3797 1953 3798 1949 3798 1943 3798 1954 3799 1950 3799 1952 3799 1954 3800 1952 3800 1955 3800 1956 3801 1384 3801 1385 3801 1956 3802 1385 3802 1953 3802 1956 3803 1947 3803 1950 3803 1956 3804 1950 3804 1954 3804 1956 3805 1953 3805 1947 3805 1957 3806 1954 3806 1955 3806 1957 3807 1955 3807 1958 3807 1957 3808 1958 3808 1959 3808 1960 3809 1386 3809 1384 3809 1960 3810 1388 3810 1386 3810 1960 3811 1384 3811 1956 3811 1960 3812 1956 3812 1954 3812 1961 3813 1957 3813 1959 3813 1961 3814 1959 3814 1962 3814 1963 3815 1390 3815 1388 3815 1963 3816 1392 3816 1390 3816 1963 3817 1954 3817 1957 3817 1963 3818 1388 3818 1960 3818 1963 3819 1960 3819 1954 3819 1964 3820 1961 3820 1962 3820 1964 3821 1962 3821 1965 3821 1964 3822 1965 3822 1966 3822 1967 3823 1394 3823 1392 3823 1967 3824 1396 3824 1394 3824 1967 3825 1392 3825 1963 3825 1967 3826 1957 3826 1961 3826 1967 3827 1963 3827 1957 3827 1968 3828 1964 3828 1966 3828 1968 3829 1966 3829 1969 3829 1970 3830 1398 3830 1396 3830 1970 3831 1400 3831 1398 3831 1970 3832 1396 3832 1967 3832 1970 3833 1961 3833 1964 3833 1970 3834 1964 3834 1968 3834 1970 3835 1967 3835 1961 3835 1971 3836 1968 3836 1969 3836 1971 3837 1969 3837 1972 3837 1971 3838 1972 3838 1973 3838 1974 3839 1402 3839 1400 3839 1974 3840 1404 3840 1402 3840 1974 3841 1400 3841 1970 3841 1974 3842 1970 3842 1968 3842 1975 3843 1971 3843 1973 3843 1975 3844 1761 3844 1757 3844 1975 3845 1973 3845 1761 3845 1976 3846 1406 3846 1404 3846 1976 3847 1408 3847 1406 3847 1976 3848 1404 3848 1974 3848 1976 3849 1968 3849 1971 3849 1976 3850 1974 3850 1968 3850 1977 3851 1975 3851 1757 3851 1977 3852 1976 3852 1971 3852 1977 3853 1410 3853 1408 3853 1977 3854 1412 3854 1410 3854 1977 3855 1760 3855 1412 3855 1977 3856 1408 3856 1976 3856 1977 3857 1971 3857 1975 3857 1977 3858 1757 3858 1760 3858 1944 3859 1948 3859 1945 3859 1944 3860 1951 3860 1948 3860 1944 3861 1952 3861 1951 3861 1959 3862 1958 3862 1955 3862 1941 3863 1952 3863 1944 3863 1941 3864 1959 3864 1955 3864 1941 3865 1955 3865 1952 3865 1937 3866 1959 3866 1941 3866 1937 3867 1941 3867 1938 3867 1969 3868 1962 3868 1959 3868 1969 3869 1965 3869 1962 3869 1969 3870 1966 3870 1965 3870 1930 3871 1934 3871 1931 3871 1930 3872 1937 3872 1934 3872 1973 3873 1972 3873 1969 3873 1927 3874 1959 3874 1937 3874 1927 3875 1937 3875 1930 3875 1759 3876 1969 3876 1959 3876 1759 3877 1973 3877 1969 3877 1759 3878 1761 3878 1973 3878 1759 3879 1758 3879 1761 3879 1920 3880 1924 3880 1923 3880 1920 3881 1927 3881 1924 3881 1916 3882 1927 3882 1920 3882 1916 3883 1920 3883 1917 3883 1913 3884 1927 3884 1916 3884 1769 3885 1763 3885 1759 3885 1769 3886 1765 3886 1763 3886 1769 3887 1766 3887 1765 3887 1909 3888 1913 3888 1910 3888 1773 3889 1772 3889 1769 3889 1773 3890 1769 3890 1759 3890 1906 3891 1913 3891 1909 3891 1906 3892 1927 3892 1913 3892 1779 3893 1776 3893 1773 3893 1779 3894 1759 3894 1959 3894 1779 3895 1773 3895 1759 3895 1896 3896 1902 3896 1899 3896 1896 3897 1903 3897 1902 3897 1896 3898 1906 3898 1903 3898 1895 3899 1927 3899 1906 3899 1895 3900 1906 3900 1896 3900 1787 3901 1780 3901 1779 3901 1787 3902 1783 3902 1780 3902 1787 3903 1786 3903 1783 3903 1787 3904 1959 3904 1927 3904 1787 3905 1779 3905 1959 3905 1790 3906 1787 3906 1927 3906 1888 3907 1892 3907 1889 3907 1888 3908 1895 3908 1892 3908 1878 3909 1895 3909 1888 3909 1878 3910 1882 3910 1881 3910 1878 3911 1885 3911 1882 3911 1878 3912 1888 3912 1885 3912 1878 3913 1927 3913 1895 3913 1804 3914 1790 3914 1927 3914 1804 3915 1793 3915 1790 3915 1804 3916 1794 3916 1793 3916 1804 3917 1797 3917 1794 3917 1804 3918 1800 3918 1797 3918 1804 3919 1801 3919 1800 3919 1874 3920 1878 3920 1875 3920 1808 3921 1807 3921 1804 3921 1871 3922 1878 3922 1874 3922 1814 3923 1811 3923 1808 3923 1867 3924 1871 3924 1870 3924 1815 3925 1814 3925 1808 3925 1864 3926 1871 3926 1867 3926 1863 3927 1878 3927 1871 3927 1863 3928 1871 3928 1864 3928 1821 3929 1818 3929 1815 3929 1822 3930 1821 3930 1815 3930 1856 3931 1860 3931 1857 3931 1856 3932 1863 3932 1860 3932 1828 3933 1825 3933 1822 3933 1829 3934 1828 3934 1822 3934 1850 3935 1856 3935 1853 3935 1849 3936 1927 3936 1878 3936 1849 3937 1878 3937 1863 3937 1849 3938 1863 3938 1856 3938 1849 3939 1856 3939 1850 3939 1836 3940 1822 3940 1815 3940 1836 3941 1832 3941 1829 3941 1836 3942 1835 3942 1832 3942 1836 3943 1829 3943 1822 3943 1842 3944 1804 3944 1927 3944 1842 3945 1808 3945 1804 3945 1842 3946 1839 3946 1836 3946 1842 3947 1846 3947 1843 3947 1842 3948 1849 3948 1846 3948 1842 3949 1815 3949 1808 3949 1842 3950 1927 3950 1849 3950 1842 3951 1836 3951 1815 3951</p>
        </triangles>
      </mesh>
    </geometry>
    <geometry id="geometry1" name="wheel_assm v001">
      <mesh>
        <source id="cubeverts-array1">
          <float_array count="258" id="cubeverts-array1-array">0.1392 0.03245 -0.09 0.1392 0.03245 -0.115 0.137625 0.02972202 -0.09 0.137625 0.02972202 -0.115 0.134475 0.02972202 -0.09 0.134475 0.02972202 -0.115 0.1329 0.03245 -0.09 0.1329 0.03245 -0.115 0.134475 0.03517798 -0.09 0.134475 0.03517798 -0.115 0.137625 0.03517798 -0.09 0.137625 0.03517798 -0.115 0.1392 -0.03245 -0.09 0.1392 -0.03245 -0.115 0.137625 -0.03517798 -0.09 0.137625 -0.03517798 -0.115 0.134475 -0.03517798 -0.09 0.134475 -0.03517798 -0.115 0.1329 -0.03245 -0.09 0.1329 -0.03245 -0.115 0.134475 -0.02972202 -0.09 0.134475 -0.02972202 -0.115 0.137625 -0.02972202 -0.09 0.137625 -0.02972202 -0.115 0.1111 0.03245 -0.09 0.1111 0.03245 -0.115 0.109525 0.02972202 -0.09 0.109525 0.02972202 -0.115 0.106375 0.02972202 -0.09 0.106375 0.02972202 -0.115 0.1048 0.03245 -0.09 0.1048 0.03245 -0.115 0.106375 0.03517798 -0.09 0.106375 0.03517798 -0.115 0.109525 0.03517798 -0.115 0.109525 0.03517798 -0.09 0.1111 -0.03245 -0.09 0.1111 -0.03245 -0.115 0.109525 -0.03517798 -0.09 0.109525 -0.03517798 -0.115 0.106375 -0.03517798 -0.09 0.106375 -0.03517798 -0.115 0.1048 -0.03245 -0.09 0.1048 -0.03245 -0.115 0.106375 -0.02972202 -0.09 0.106375 -0.02972202 -0.115 0.109525 -0.02972202 -0.115 0.109525 -0.02972202 -0.09 0.143 0.0082 -0.1025 0.101 0.0082 -0.1025 0.143 0.007491073 -0.1058352 0.101 0.007491073 -0.1058352 0.143 0.005486871 -0.1085938 0.101 0.005486871 -0.1085938 0.101 0.002533939 -0.1102987 0.143 0.002533939 -0.1102987 0.101 -0.0008571334 -0.1106551 0.143 -0.0008571334 -0.1106551 0.143 -0.0041 -0.1096014 0.101 -0.0041 -0.1096014 0.143 -0.006633939 -0.1073198 0.101 -0.006633939 -0.1073198 0.143 -0.00802081 -0.1042049 0.101 -0.00802081 -0.1042049 0.143 -0.00802081 -0.1007951 0.101 -0.00802081 -0.1007951 0.101 -0.006633939 -0.09768016 0.143 -0.006633939 -0.09768016 0.143 -0.0041 -0.09539859 0.101 -0.0041 -0.09539859 0.143 -0.0008571334 -0.09434492 0.101 -0.0008571334 -0.09434492 0.143 0.002533939 -0.09470134 0.101 0.002533939 -0.09470134 0.143 0.005486871 -0.09640621 0.101 0.005486871 -0.09640621 0.143 0.007491073 -0.09916476 0.101 0.007491073 -0.09916476 0.101 -0.04 -0.09 0.143 -0.04 -0.115 0.143 -0.04 -0.09 0.101 -0.04 -0.115 0.143 0.04 -0.115 0.101 0.04 -0.115 0.143 0.04 -0.09 0.101 0.04 -0.09</float_array>
          <technique_common>
            <accessor count="86" source="#cubeverts-array1-array" stride="3">
              <param type="float" name="X"/>
              <param type="float" name="Y"/>
              <param type="float" name="Z"/>
            </accessor>
          </technique_common>
        </source>
        <source id="cubenormals-array1">
          <float_array count="564" id="cubenormals-array1-array">-0.8660259 0.499999 0 0 1 0 -0.8660259 0.499999 0 0.8660239 0.5000027 0 0 1 0 0.8660235 -0.5000032 0 0.8660239 0.5000027 0 0 -1 0 0.8660235 -0.5000032 0 -0.8660256 -0.4999996 -0 0 -1 0 -0.8660256 -0.4999996 0 -0.8660256 0.4999996 0 0 1 0 -0.8660256 0.4999996 0 0.8660235 0.5000032 0 0 1 0 0.8660239 -0.5000027 0 0.8660235 0.5000032 0 0 -1 0 0.8660239 -0.5000027 0 -0.8660259 -0.499999 -0 0 -1 0 -0.8660259 -0.499999 0 -0.8660259 0.499999 0 0 1 0 -0.8660259 0.499999 0 0.8660259 0.499999 0 0 1 0 0.8660256 -0.4999996 0 0.8660259 0.499999 0 0.8660256 -0.4999996 0 0 -1 0 -0.8660256 -0.4999996 -0 0 -1 0 -0.8660256 -0.4999996 0 -0.8660256 0.4999996 0 0 1 0 -0.8660256 0.4999996 0 0.8660256 0.4999996 0 0 1 0 0.8660259 -0.499999 0 0.8660256 0.4999996 0 0.8660259 -0.499999 0 0 -1 0 -0.8660259 -0.499999 -0 0 -1 0 -0.8660259 -0.499999 0 0 -0.9781476 0.2079115 0 -0.8090168 0.5877856 0 -0.9781476 0.2079115 0 -0.8090168 0.5877856 0 -0.4999992 0.8660259 0 -0.4999992 0.8660259 0 -0.1045303 0.9945217 0 -0.1045303 0.9945217 0 0.6691308 0.7431446 0 0.3090174 0.9510564 -0 0.3090174 0.9510564 0 0.6691308 0.7431446 0 1 -0 0 0.9135457 0.4067362 -0 0.9135457 0.4067362 0 1 0 0 0.9135457 -0.4067362 0 0.9135457 -0.4067362 0 0.3090174 -0.9510564 0 0.6691308 -0.7431446 0 0.6691308 -0.7431446 0 0.3090174 -0.9510564 -0 -0.4999992 -0.8660259 0 -0.1045303 -0.9945217 0 -0.1045303 -0.9945217 0 -0.4999992 -0.8660259 -0 -0.9781476 -0.2079115 0 -0.8090168 -0.5877856 0 -0.8090168 -0.5877856 0 -0.9781476 -0.2079115 0 -1 0 0 -1 0 0 0 -1 0 0 -1 0 0 -1 0 0 -1 0 0 -1 0 0 -1 0 0 -1 0 0 -1 0 0 -1 0 0 -1 0 0 -1 0 0 -1 0 0 -1 0 0 -1 0 0 -1 0 0 -1 0 0 -1 0 0 -1 0 0 -1 0 0 -1 0 0 -1 0 0 -1 0 0 -1 0 0 -1 0 0 -1 0 0 -1 0 0 -1 0 0 -1 0 0 -1 0 0 -1 0 0 -1 0 0 -1 0 0 -1 0 0 -1 0 1 0 0 1 0 0 0 1 -0 0 1 -0 0 1 -0 0 1 0 0 1 0 0 1 0 0 1 0 0 1 -0 0 1 0 0 1 0 0 1 0 0 1 0 0 1 0 0 1 -0 0 1 0 0 1 0 0 1 -0 0 1 0 0 1 -0 0 1 -0 0 1 0 0 1 0 0 1 0 0 1 -0 0 1 -0 0 1 0 0 1 0 0 1 -0 0 1 0 0 1 0 0 1 0 0 1 0 0 1 0 0 1 -1 0 -0 -1 0 0 -1 0 0 -1 0 -0 -1 0 0 -1 0 0 -1 0 0 -1 0 0 -1 0 0 -1 0 0 -1 0 0 -1 0 0 -1 0 0 -1 0 0 -1 0 0 -1 0 0 -1 0 0 -1 0 0 -1 0 0 1 0 0 1 0 0 1 0 0 1 0 0 1 0 0 1 0 0 1 0 0 1 0 0 1 0 0 1 0 0 1 0 0 1 0 0 1 0 0 1 0 0 1 0 0 1 0 0 1 0 0 1 0 0 1 0 0</float_array>
          <technique_common>
            <accessor count="188" source="#cubenormals-array1-array" stride="3">
              <param type="float" name="X"/>
              <param type="float" name="Y"/>
              <param type="float" name="Z"/>
            </accessor>
          </technique_common>
        </source>
        <vertices id="cubeverts-array1-vertices">
          <input semantic="POSITION" source="#cubeverts-array1"/>
        </vertices>
        <triangles count="188" material="ref_Part__Feature001">
          <input offset="0" semantic="VERTEX" source="#cubeverts-array1-vertices"/>
          <input offset="1" semantic="NORMAL" source="#cubenormals-array1"/>
          <p>0 0 1 0 2 0 2 1 3 1 4 1 1 2 3 2 2 2 4 3 5 3 6 3 3 4 5 4 4 4 6 5 7 5 8 5 5 6 7 6 6 6 8 7 9 7 10 7 7 8 9 8 8 8 10 9 11 9 0 9 9 10 11 10 10 10 11 11 1 11 0 11 12 12 13 12 14 12 14 13 15 13 16 13 13 14 15 14 14 14 16 15 17 15 18 15 15 16 17 16 16 16 18 17 19 17 20 17 17 18 19 18 18 18 20 19 21 19 22 19 19 20 21 20 20 20 22 21 23 21 12 21 21 22 23 22 22 22 23 23 13 23 12 23 24 24 25 24 26 24 26 25 27 25 28 25 25 26 27 26 26 26 28 27 29 27 30 27 27 28 29 28 28 28 30 29 31 29 32 29 29 30 31 30 30 30 31 31 33 31 32 31 32 32 34 32 35 32 35 33 34 33 24 33 33 34 34 34 32 34 34 35 25 35 24 35 36 36 37 36 38 36 38 37 39 37 40 37 37 38 39 38 38 38 40 39 41 39 42 39 39 40 41 40 40 40 42 41 43 41 44 41 41 42 43 42 42 42 43 43 45 43 44 43 44 44 46 44 47 44 47 45 46 45 36 45 45 46 46 46 44 46 46 47 37 47 36 47 48 48 49 48 50 48 50 49 51 49 52 49 49 50 51 50 50 50 51 51 53 51 52 51 52 52 54 52 55 52 53 53 54 53 52 53 55 54 56 54 57 54 54 55 56 55 55 55 58 56 59 56 60 56 57 57 59 57 58 57 56 58 59 58 57 58 59 59 61 59 60 59 62 60 63 60 64 60 60 61 63 61 62 61 61 62 63 62 60 62 63 63 65 63 64 63 64 64 66 64 67 64 65 65 66 65 64 65 68 66 69 66 70 66 67 67 69 67 68 67 66 68 69 68 67 68 69 69 71 69 70 69 72 70 73 70 74 70 70 71 73 71 72 71 71 72 73 72 70 72 73 73 75 73 74 73 76 74 77 74 48 74 74 75 77 75 76 75 75 76 77 76 74 76 77 77 49 77 48 77 78 78 79 78 80 78 78 79 81 79 79 79 1 80 11 80 82 80 9 81 82 81 11 81 34 82 82 82 9 82 25 83 9 83 7 83 25 84 7 84 5 84 25 85 34 85 9 85 83 86 34 86 33 86 83 87 82 87 34 87 27 88 25 88 5 88 31 89 83 89 33 89 23 90 3 90 1 90 13 91 23 91 1 91 21 92 5 92 3 92 21 93 27 93 5 93 21 94 3 94 23 94 79 95 1 95 82 95 79 96 13 96 1 96 15 97 13 97 79 97 17 98 15 98 79 98 46 99 27 99 21 99 37 100 21 100 19 100 37 101 19 101 17 101 37 102 46 102 21 102 45 103 29 103 27 103 45 104 27 104 46 104 39 105 37 105 17 105 81 106 43 106 41 106 81 107 41 107 39 107 81 108 17 108 79 108 81 109 39 109 17 109 81 110 83 110 31 110 81 111 31 111 29 111 81 112 29 112 43 112 43 113 29 113 45 113 83 114 84 114 82 114 83 115 85 115 84 115 12 116 14 116 80 116 16 117 80 117 14 117 38 118 80 118 16 118 36 119 16 119 18 119 36 120 18 120 20 120 36 121 38 121 16 121 78 122 38 122 40 122 78 123 80 123 38 123 47 124 36 124 20 124 42 125 78 125 40 125 2 126 22 126 12 126 0 127 2 127 12 127 4 128 20 128 22 128 4 129 47 129 20 129 4 130 22 130 2 130 84 131 12 131 80 131 84 132 0 132 12 132 10 133 0 133 84 133 8 134 10 134 84 134 26 135 47 135 4 135 24 136 4 136 6 136 24 137 6 137 8 137 24 138 26 138 4 138 28 139 44 139 47 139 28 140 47 140 26 140 35 141 24 141 8 141 85 142 30 142 32 142 85 143 32 143 35 143 85 144 8 144 84 144 85 145 35 145 8 145 85 146 78 146 42 146 85 147 42 147 44 147 85 148 44 148 30 148 30 149 44 149 28 149 51 150 83 150 53 150 54 151 53 151 83 151 49 152 85 152 83 152 49 153 83 153 51 153 56 154 54 154 83 154 77 155 85 155 49 155 75 156 85 156 77 156 73 157 85 157 75 157 81 158 63 158 61 158 81 159 61 159 59 159 81 160 59 160 56 160 81 161 56 161 83 161 78 162 71 162 69 162 78 163 69 163 66 163 78 164 66 164 65 164 78 165 65 165 63 165 78 166 63 166 81 166 78 167 85 167 71 167 71 168 85 168 73 168 82 169 50 169 52 169 52 170 55 170 82 170 84 171 48 171 82 171 82 172 48 172 50 172 55 173 57 173 82 173 84 174 76 174 48 174 84 175 74 175 76 175 84 176 72 176 74 176 62 177 79 177 60 177 60 178 79 178 58 178 58 179 79 179 57 179 57 180 79 180 82 180 70 181 80 181 68 181 68 182 80 182 67 182 67 183 80 183 64 183 64 184 80 184 62 184 62 185 80 185 79 185 84 186 80 186 70 186 84 187 70 187 72 187</p>
        </triangles>
      </mesh>
    </geometry>
  </library_geometries>
  <library_materials>
    <material id="mat_Part__Feature" name="Part__Feature">
      <instance_effect url="#effect_Part__Feature"/>
    </material>
    <material id="mat_Part__Feature001" name="Part__Feature001">
      <instance_effect url="#effect_Part__Feature001"/>
    </material>
  </library_materials>
  <library_visual_scenes>
    <visual_scene id="scene">
      <node id="node0" name="node0">
        <instance_geometry url="#geometry0">
          <bind_material>
            <technique_common>
              <instance_material symbol="ref_Part__Feature" target="#mat_Part__Feature"/>
            </technique_common>
          </bind_material>
        </instance_geometry>
      </node>
      <node id="node1" name="node1">
        <instance_geometry url="#geometry1">
          <bind_material>
            <technique_common>
              <instance_material symbol="ref_Part__Feature001" target="#mat_Part__Feature001"/>
            </technique_common>
          </bind_material>
        </instance_geometry>
      </node>
    </visual_scene>
  </library_visual_scenes>
  <scene>
    <instance_visual_scene url="#scene"/>
  </scene>
</COLLADA>
